Using pre-set license
Built from '2022.3/staging' branch; Version is '2022.3.40f1 (cbdda657d2f0) revision 13360550'; Using compiler version '192829333'; Build Type 'Release'
OS: 'Windows 10  (10.0.19045) 64bit Professional' Language: 'ja' Physical Memory: 16163 MB
BatchMode: 1, IsHumanControllingUs: 0, StartBugReporterOnCrash: 0, Is64bit: 1, IsPro: 1

COMMAND LINE ARGUMENTS:
C:\Program Files\Unity\Hub\Editor\2022.3.40f1\Editor\Unity.exe
-adb2
-batchMode
-noUpm
-name
AssetImportWorker0
-projectPath
C:/Users/hiroki/Documents/that bird
-logFile
Logs/AssetImportWorker0.log
-srvPort
60507
Successfully changed project path to: C:/Users/hiroki/Documents/that bird
C:/Users/hiroki/Documents/that bird
[UnityMemory] Configuration Parameters - Can be set up in boot.config
    "memorysetup-bucket-allocator-granularity=16"
    "memorysetup-bucket-allocator-bucket-count=8"
    "memorysetup-bucket-allocator-block-size=33554432"
    "memorysetup-bucket-allocator-block-count=8"
    "memorysetup-main-allocator-block-size=16777216"
    "memorysetup-thread-allocator-block-size=16777216"
    "memorysetup-gfx-main-allocator-block-size=16777216"
    "memorysetup-gfx-thread-allocator-block-size=16777216"
    "memorysetup-cache-allocator-block-size=4194304"
    "memorysetup-typetree-allocator-block-size=2097152"
    "memorysetup-profiler-bucket-allocator-granularity=16"
    "memorysetup-profiler-bucket-allocator-bucket-count=8"
    "memorysetup-profiler-bucket-allocator-block-size=33554432"
    "memorysetup-profiler-bucket-allocator-block-count=8"
    "memorysetup-profiler-allocator-block-size=16777216"
    "memorysetup-profiler-editor-allocator-block-size=1048576"
    "memorysetup-temp-allocator-size-main=16777216"
    "memorysetup-job-temp-allocator-block-size=2097152"
    "memorysetup-job-temp-allocator-block-size-background=1048576"
    "memorysetup-job-temp-allocator-reduction-small-platforms=262144"
    "memorysetup-allocator-temp-initial-block-size-main=262144"
    "memorysetup-allocator-temp-initial-block-size-worker=262144"
    "memorysetup-temp-allocator-size-background-worker=32768"
    "memorysetup-temp-allocator-size-job-worker=262144"
    "memorysetup-temp-allocator-size-preload-manager=33554432"
    "memorysetup-temp-allocator-size-nav-mesh-worker=65536"
    "memorysetup-temp-allocator-size-audio-worker=65536"
    "memorysetup-temp-allocator-size-cloud-worker=32768"
    "memorysetup-temp-allocator-size-gi-baking-worker=262144"
    "memorysetup-temp-allocator-size-gfx=262144"
Player connection [27584]  Target information:

Player connection [27584]  * "[IP] 192.168.0.5 [Port] 0 [Flags] 2 [Guid] 520413303 [EditorId] 520413303 [Version] 1048832 [Id] WindowsEditor(7,LAPTOP-0NUAR2BL) [Debug] 1 [PackageName] WindowsEditor [ProjectName] Editor" 

Player connection [27584] Host joined multi-casting on [225.0.0.222:54997]...
Player connection [27584] Host joined alternative multi-casting on [225.0.0.222:34997]...
[PhysX] Initialized MultithreadedTaskDispatcher with 8 workers.
Refreshing native plugins compatible for Editor in 23.64 ms, found 3 plugins.
Preloading 0 native plugins for Editor in 0.00 ms.
Initialize engine version: 2022.3.40f1 (cbdda657d2f0)
[Subsystems] Discovering subsystems at path C:/Program Files/Unity/Hub/Editor/2022.3.40f1/Editor/Data/Resources/UnitySubsystems
[Subsystems] Discovering subsystems at path C:/Users/hiroki/Documents/that bird/Assets
GfxDevice: creating device client; threaded=0; jobified=0
Direct3D:
    Version:  Direct3D 11.0 [level 11.1]
    Renderer: Intel(R) UHD Graphics 620 (ID=0x3ea0)
    Vendor:   Intel
    VRAM:     8081 MB
    Driver:   31.0.101.2130
Initialize mono
Mono path[0] = 'C:/Program Files/Unity/Hub/Editor/2022.3.40f1/Editor/Data/Managed'
Mono path[1] = 'C:/Program Files/Unity/Hub/Editor/2022.3.40f1/Editor/Data/MonoBleedingEdge/lib/mono/unityjit-win32'
Mono config path = 'C:/Program Files/Unity/Hub/Editor/2022.3.40f1/Editor/Data/MonoBleedingEdge/etc'
Using monoOptions --debugger-agent=transport=dt_socket,embedding=1,server=y,suspend=n,address=127.0.0.1:56112
Begin MonoManager ReloadAssembly
Registering precompiled unity dll's ...
Register platform support module: C:/Program Files/Unity/Hub/Editor/2022.3.40f1/Editor/Data/PlaybackEngines/WebGLSupport/UnityEditor.WebGL.Extensions.dll
Register platform support module: C:/Program Files/Unity/Hub/Editor/2022.3.40f1/Editor/Data/PlaybackEngines/WindowsStandaloneSupport/UnityEditor.WindowsStandalone.Extensions.dll
Registered in 0.022760 seconds.
- Loaded All Assemblies, in  0.560 seconds
Native extension for WindowsStandalone target not found
Native extension for WebGL target not found
Mono: successfully reloaded assembly
- Finished resetting the current domain, in  0.399 seconds
Domain Reload Profiling: 956ms
	BeginReloadAssembly (155ms)
		ExecutionOrderSort (0ms)
		DisableScriptedObjects (0ms)
		BackupInstance (0ms)
		ReleaseScriptingObjects (0ms)
		CreateAndSetChildDomain (1ms)
	RebuildCommonClasses (61ms)
	RebuildNativeTypeToScriptingClass (16ms)
	initialDomainReloadingComplete (109ms)
	LoadAllAssembliesAndSetupDomain (214ms)
		LoadAssemblies (153ms)
		RebuildTransferFunctionScriptingTraits (0ms)
		AnalyzeDomain (210ms)
			TypeCache.Refresh (209ms)
				TypeCache.ScanAssembly (189ms)
			ScanForSourceGeneratedMonoScriptInfo (0ms)
			ResolveRequiredComponents (1ms)
	FinalizeReload (400ms)
		ReleaseScriptCaches (0ms)
		RebuildScriptCaches (0ms)
		SetupLoadedEditorAssemblies (331ms)
			LogAssemblyErrors (0ms)
			InitializePlatformSupportModulesInManaged (19ms)
			SetLoadedEditorAssemblies (9ms)
			RefreshPlugins (0ms)
			BeforeProcessingInitializeOnLoad (2ms)
			ProcessInitializeOnLoadAttributes (224ms)
			ProcessInitializeOnLoadMethodAttributes (77ms)
			AfterProcessingInitializeOnLoad (0ms)
			EditorAssembliesLoaded (0ms)
		ExecutionOrderSort2 (0ms)
		AwakeInstancesAfterBackupRestoration (0ms)
========================================================================
Worker process is ready to serve import requests
Caller must complete domain reload
Begin MonoManager ReloadAssembly
- Loaded All Assemblies, in  1.739 seconds
Native extension for WindowsStandalone target not found
Native extension for WebGL target not found
Mono: successfully reloaded assembly
- Finished resetting the current domain, in  1.741 seconds
Domain Reload Profiling: 3471ms
	BeginReloadAssembly (295ms)
		ExecutionOrderSort (0ms)
		DisableScriptedObjects (13ms)
		BackupInstance (0ms)
		ReleaseScriptingObjects (0ms)
		CreateAndSetChildDomain (39ms)
	RebuildCommonClasses (79ms)
	RebuildNativeTypeToScriptingClass (27ms)
	initialDomainReloadingComplete (96ms)
	LoadAllAssembliesAndSetupDomain (1231ms)
		LoadAssemblies (763ms)
		RebuildTransferFunctionScriptingTraits (0ms)
		AnalyzeDomain (643ms)
			TypeCache.Refresh (580ms)
				TypeCache.ScanAssembly (547ms)
			ScanForSourceGeneratedMonoScriptInfo (45ms)
			ResolveRequiredComponents (14ms)
	FinalizeReload (1742ms)
		ReleaseScriptCaches (0ms)
		RebuildScriptCaches (0ms)
		SetupLoadedEditorAssemblies (1271ms)
			LogAssemblyErrors (0ms)
			InitializePlatformSupportModulesInManaged (26ms)
			SetLoadedEditorAssemblies (9ms)
			RefreshPlugins (0ms)
			BeforeProcessingInitializeOnLoad (206ms)
			ProcessInitializeOnLoadAttributes (924ms)
			ProcessInitializeOnLoadMethodAttributes (74ms)
			AfterProcessingInitializeOnLoad (30ms)
			EditorAssembliesLoaded (0ms)
		ExecutionOrderSort2 (0ms)
		AwakeInstancesAfterBackupRestoration (17ms)
Launched and connected shader compiler UnityShaderCompiler.exe after 0.11 seconds
Refreshing native plugins compatible for Editor in 11.46 ms, found 3 plugins.
Preloading 0 native plugins for Editor in 0.00 ms.
Unloading 3673 Unused Serialized files (Serialized files now loaded: 0)
Unloading 23 unused Assets / (29.7 KB). Loaded Objects now: 4136.
Memory consumption went from 137.8 MB to 137.8 MB.
Total: 6.735400 ms (FindLiveObjects: 0.496200 ms CreateObjectMapping: 0.450000 ms MarkObjects: 5.700100 ms  DeleteObjects: 0.087200 ms)

AssetImportParameters requested are different than current active one (requested -> active):
  custom:container-demuxer-ogg: 62fdf1f143b41e24485cea50d1cbac27 -> 
  custom:video-codec-MediaFoundation-h265: 746d11721c4dcdbdad8f713fa42b33f4 -> 
  custom:video-decoder-ogg-theora: a1e56fd34408186e4bbccfd4996cb3dc -> 
  custom:framework-win-MediaFoundation: 216162199b28c13a410421893ffa2e32 -> 
  custom:CustomObjectIndexerAttribute: 9a22284fe3817be447336de3de66b15e -> 
  custom:container-demuxer-webm: 4f35f7cbe854078d1ac9338744f61a02 -> 
  custom:container-muxer-webm: aa71ff27fc2769a1b78a27578f13a17b -> 
  custom:video-decoder-webm-vp8: 9c59270c3fd7afecdb556c50c9e8de78 -> 
  custom:SearchIndexIgnoredProperties: e643bd26f0fe6173181afceb89e7c659 -> 
  custom:AudioImporter_EditorPlatform: d09bf68614088b80899f8185d706f6e7 -> 
  custom:video-encoder-webm-vp8: eb34c28f22e8b96e1ab97ce403110664 -> 
  custom:audio-decoder-ogg-vorbis: bf7c407c2cedff20999df2af8eb42d56 -> 
  custom:audio-encoder-webm-vorbis: bf7c407c2cedff20999df2af8eb42d56 -> 
========================================================================
Received Import Request.
  Time since last request: 22577.589463 seconds.
  path: Assets/Scripts/ItemData.cs
  artifactKey: Guid(dc45400e7ea613e4a934d800b641af7b) Importer(815301076,1909f56bfc062723c751e8b465ee728b)
Start importing Assets/Scripts/ItemData.cs using Guid(dc45400e7ea613e4a934d800b641af7b) Importer(815301076,1909f56bfc062723c751e8b465ee728b) [PhysX] Initialized MultithreadedTaskDispatcher with 8 workers.
 -> (artifact id: 'ab0c71dff69394cb6fd688c59bd593ba') in 0.007133 seconds
Number of updated asset objects reloaded before import = 0
Number of asset objects unloaded after import = 0
========================================================================
Received Import Request.
  Time since last request: 0.000039 seconds.
  path: Assets/Scripts/Item_Drag.cs
  artifactKey: Guid(6dd08bdf25ca9924e838b7b7bf1a5a4a) Importer(815301076,1909f56bfc062723c751e8b465ee728b)
Start importing Assets/Scripts/Item_Drag.cs using Guid(6dd08bdf25ca9924e838b7b7bf1a5a4a) Importer(815301076,1909f56bfc062723c751e8b465ee728b) [PhysX] Initialized MultithreadedTaskDispatcher with 8 workers.
 -> (artifact id: '1c78419b214f134c9361aae25f6d128d') in 0.001046 seconds
Number of updated asset objects reloaded before import = 0
Number of asset objects unloaded after import = 0
========================================================================
Received Prepare
Caller must complete domain reload
Begin MonoManager ReloadAssembly
- Loaded All Assemblies, in  4.881 seconds
Native extension for WindowsStandalone target not found
Native extension for WebGL target not found
Mono: successfully reloaded assembly
- Finished resetting the current domain, in  4.277 seconds
Domain Reload Profiling: 9085ms
	BeginReloadAssembly (1126ms)
		ExecutionOrderSort (0ms)
		DisableScriptedObjects (17ms)
		BackupInstance (0ms)
		ReleaseScriptingObjects (0ms)
		CreateAndSetChildDomain (92ms)
	RebuildCommonClasses (330ms)
	RebuildNativeTypeToScriptingClass (132ms)
	initialDomainReloadingComplete (1035ms)
	LoadAllAssembliesAndSetupDomain (2184ms)
		LoadAssemblies (3019ms)
		RebuildTransferFunctionScriptingTraits (0ms)
		AnalyzeDomain (88ms)
			TypeCache.Refresh (30ms)
				TypeCache.ScanAssembly (0ms)
			ScanForSourceGeneratedMonoScriptInfo (1ms)
			ResolveRequiredComponents (49ms)
	FinalizeReload (4278ms)
		ReleaseScriptCaches (0ms)
		RebuildScriptCaches (0ms)
		SetupLoadedEditorAssemblies (1274ms)
			LogAssemblyErrors (0ms)
			InitializePlatformSupportModulesInManaged (22ms)
			SetLoadedEditorAssemblies (9ms)
			RefreshPlugins (0ms)
			BeforeProcessingInitializeOnLoad (306ms)
			ProcessInitializeOnLoadAttributes (805ms)
			ProcessInitializeOnLoadMethodAttributes (109ms)
			AfterProcessingInitializeOnLoad (22ms)
			EditorAssembliesLoaded (0ms)
		ExecutionOrderSort2 (0ms)
		AwakeInstancesAfterBackupRestoration (14ms)
Refreshing native plugins compatible for Editor in 17.60 ms, found 3 plugins.
Preloading 0 native plugins for Editor in 0.00 ms.
Unloading 3652 Unused Serialized files (Serialized files now loaded: 0)
Unloading 19 unused Assets / (31.1 KB). Loaded Objects now: 4139.
Memory consumption went from 133.7 MB to 133.7 MB.
Total: 7.456000 ms (FindLiveObjects: 0.515700 ms CreateObjectMapping: 0.468600 ms MarkObjects: 6.378600 ms  DeleteObjects: 0.091200 ms)

Prepare: number of updated asset objects reloaded= 0
AssetImportParameters requested are different than current active one (requested -> active):
  custom:container-demuxer-ogg: 62fdf1f143b41e24485cea50d1cbac27 -> 
  custom:video-codec-MediaFoundation-h265: 746d11721c4dcdbdad8f713fa42b33f4 -> 
  custom:video-decoder-ogg-theora: a1e56fd34408186e4bbccfd4996cb3dc -> 
  custom:framework-win-MediaFoundation: 216162199b28c13a410421893ffa2e32 -> 
  custom:CustomObjectIndexerAttribute: 9a22284fe3817be447336de3de66b15e -> 
  custom:container-demuxer-webm: 4f35f7cbe854078d1ac9338744f61a02 -> 
  custom:container-muxer-webm: aa71ff27fc2769a1b78a27578f13a17b -> 
  custom:video-decoder-webm-vp8: 9c59270c3fd7afecdb556c50c9e8de78 -> 
  custom:SearchIndexIgnoredProperties: e643bd26f0fe6173181afceb89e7c659 -> 
  custom:AudioImporter_EditorPlatform: d09bf68614088b80899f8185d706f6e7 -> 
  custom:video-encoder-webm-vp8: eb34c28f22e8b96e1ab97ce403110664 -> 
  custom:audio-decoder-ogg-vorbis: bf7c407c2cedff20999df2af8eb42d56 -> 
  custom:audio-encoder-webm-vorbis: bf7c407c2cedff20999df2af8eb42d56 -> 
========================================================================
Received Import Request.
  Time since last request: 57.624512 seconds.
  path: Assets/Prefab/First_Get/FirstGet.prefab
  artifactKey: Guid(9a584a3beb0e58c43a73365bb6d8cb20) Importer(815301076,1909f56bfc062723c751e8b465ee728b)
Start importing Assets/Prefab/First_Get/FirstGet.prefab using Guid(9a584a3beb0e58c43a73365bb6d8cb20) Importer(815301076,1909f56bfc062723c751e8b465ee728b) [PhysX] Initialized MultithreadedTaskDispatcher with 8 workers.
 -> (artifact id: '22cc5df86387e64fdb3d99ab154f689f') in 0.006914 seconds
Number of updated asset objects reloaded before import = 0
Number of asset objects unloaded after import = 0
========================================================================
Received Import Request.
  Time since last request: 8.195089 seconds.
  path: Assets/Prefab/First_Get/FirstGet.prefab
  artifactKey: Guid(9a584a3beb0e58c43a73365bb6d8cb20) Importer(815301076,1909f56bfc062723c751e8b465ee728b)
Start importing Assets/Prefab/First_Get/FirstGet.prefab using Guid(9a584a3beb0e58c43a73365bb6d8cb20) Importer(815301076,1909f56bfc062723c751e8b465ee728b) [PhysX] Initialized MultithreadedTaskDispatcher with 8 workers.
 -> (artifact id: 'd2881c40a5b5b34c056fce5409d927a8') in 0.001028 seconds
Number of updated asset objects reloaded before import = 0
Number of asset objects unloaded after import = 0
========================================================================
Received Import Request.
  Time since last request: 0.528938 seconds.
  path: Assets/Prefab/First_Get/FirstGet.prefab
  artifactKey: Guid(9a584a3beb0e58c43a73365bb6d8cb20) Importer(815301076,1909f56bfc062723c751e8b465ee728b)
Start importing Assets/Prefab/First_Get/FirstGet.prefab using Guid(9a584a3beb0e58c43a73365bb6d8cb20) Importer(815301076,1909f56bfc062723c751e8b465ee728b) [PhysX] Initialized MultithreadedTaskDispatcher with 8 workers.
 -> (artifact id: '8702bfa20ff52925237e4135860dfd39') in 0.001335 seconds
Number of updated asset objects reloaded before import = 0
Number of asset objects unloaded after import = 0
========================================================================
Received Prepare
Caller must complete domain reload
Begin MonoManager ReloadAssembly
- Loaded All Assemblies, in  0.791 seconds
Native extension for WindowsStandalone target not found
Native extension for WebGL target not found
Mono: successfully reloaded assembly
- Finished resetting the current domain, in  2.843 seconds
Domain Reload Profiling: 3629ms
	BeginReloadAssembly (246ms)
		ExecutionOrderSort (0ms)
		DisableScriptedObjects (9ms)
		BackupInstance (0ms)
		ReleaseScriptingObjects (0ms)
		CreateAndSetChildDomain (45ms)
	RebuildCommonClasses (66ms)
	RebuildNativeTypeToScriptingClass (18ms)
	initialDomainReloadingComplete (58ms)
	LoadAllAssembliesAndSetupDomain (396ms)
		LoadAssemblies (517ms)
		RebuildTransferFunctionScriptingTraits (0ms)
		AnalyzeDomain (19ms)
			TypeCache.Refresh (9ms)
				TypeCache.ScanAssembly (0ms)
			ScanForSourceGeneratedMonoScriptInfo (0ms)
			ResolveRequiredComponents (9ms)
	FinalizeReload (2845ms)
		ReleaseScriptCaches (0ms)
		RebuildScriptCaches (0ms)
		SetupLoadedEditorAssemblies (1605ms)
			LogAssemblyErrors (0ms)
			InitializePlatformSupportModulesInManaged (30ms)
			SetLoadedEditorAssemblies (11ms)
			RefreshPlugins (0ms)
			BeforeProcessingInitializeOnLoad (248ms)
			ProcessInitializeOnLoadAttributes (1161ms)
			ProcessInitializeOnLoadMethodAttributes (116ms)
			AfterProcessingInitializeOnLoad (37ms)
			EditorAssembliesLoaded (0ms)
		ExecutionOrderSort2 (0ms)
		AwakeInstancesAfterBackupRestoration (24ms)
Refreshing native plugins compatible for Editor in 21.27 ms, found 3 plugins.
Preloading 0 native plugins for Editor in 0.00 ms.
Unloading 3652 Unused Serialized files (Serialized files now loaded: 0)
Unloading 19 unused Assets / (31.1 KB). Loaded Objects now: 4142.
Memory consumption went from 133.7 MB to 133.7 MB.
Total: 9.812500 ms (FindLiveObjects: 0.550400 ms CreateObjectMapping: 0.480100 ms MarkObjects: 8.594900 ms  DeleteObjects: 0.184900 ms)

Prepare: number of updated asset objects reloaded= 0
AssetImportParameters requested are different than current active one (requested -> active):
  custom:container-demuxer-ogg: 62fdf1f143b41e24485cea50d1cbac27 -> 
  custom:video-codec-MediaFoundation-h265: 746d11721c4dcdbdad8f713fa42b33f4 -> 
  custom:video-decoder-ogg-theora: a1e56fd34408186e4bbccfd4996cb3dc -> 
  custom:framework-win-MediaFoundation: 216162199b28c13a410421893ffa2e32 -> 
  custom:CustomObjectIndexerAttribute: 9a22284fe3817be447336de3de66b15e -> 
  custom:container-demuxer-webm: 4f35f7cbe854078d1ac9338744f61a02 -> 
  custom:container-muxer-webm: aa71ff27fc2769a1b78a27578f13a17b -> 
  custom:video-decoder-webm-vp8: 9c59270c3fd7afecdb556c50c9e8de78 -> 
  custom:SearchIndexIgnoredProperties: e643bd26f0fe6173181afceb89e7c659 -> 
  custom:AudioImporter_EditorPlatform: d09bf68614088b80899f8185d706f6e7 -> 
  custom:video-encoder-webm-vp8: eb34c28f22e8b96e1ab97ce403110664 -> 
  custom:audio-decoder-ogg-vorbis: bf7c407c2cedff20999df2af8eb42d56 -> 
  custom:audio-encoder-webm-vorbis: bf7c407c2cedff20999df2af8eb42d56 -> 
========================================================================
Received Prepare
Caller must complete domain reload
Begin MonoManager ReloadAssembly
- Loaded All Assemblies, in  0.878 seconds
Native extension for WindowsStandalone target not found
Native extension for WebGL target not found
Mono: successfully reloaded assembly
- Finished resetting the current domain, in  3.017 seconds
Domain Reload Profiling: 3886ms
	BeginReloadAssembly (274ms)
		ExecutionOrderSort (0ms)
		DisableScriptedObjects (7ms)
		BackupInstance (0ms)
		ReleaseScriptingObjects (0ms)
		CreateAndSetChildDomain (48ms)
	RebuildCommonClasses (78ms)
	RebuildNativeTypeToScriptingClass (20ms)
	initialDomainReloadingComplete (66ms)
	LoadAllAssembliesAndSetupDomain (429ms)
		LoadAssemblies (573ms)
		RebuildTransferFunctionScriptingTraits (0ms)
		AnalyzeDomain (25ms)
			TypeCache.Refresh (11ms)
				TypeCache.ScanAssembly (0ms)
			ScanForSourceGeneratedMonoScriptInfo (0ms)
			ResolveRequiredComponents (13ms)
	FinalizeReload (3020ms)
		ReleaseScriptCaches (0ms)
		RebuildScriptCaches (0ms)
		SetupLoadedEditorAssemblies (1786ms)
			LogAssemblyErrors (0ms)
			InitializePlatformSupportModulesInManaged (27ms)
			SetLoadedEditorAssemblies (9ms)
			RefreshPlugins (0ms)
			BeforeProcessingInitializeOnLoad (285ms)
			ProcessInitializeOnLoadAttributes (1276ms)
			ProcessInitializeOnLoadMethodAttributes (139ms)
			AfterProcessingInitializeOnLoad (49ms)
			EditorAssembliesLoaded (1ms)
		ExecutionOrderSort2 (0ms)
		AwakeInstancesAfterBackupRestoration (29ms)
Refreshing native plugins compatible for Editor in 19.12 ms, found 3 plugins.
Preloading 0 native plugins for Editor in 0.00 ms.
Unloading 3653 Unused Serialized files (Serialized files now loaded: 0)
Unloading 19 unused Assets / (31.1 KB). Loaded Objects now: 4145.
Memory consumption went from 134.0 MB to 134.0 MB.
Total: 8.731300 ms (FindLiveObjects: 0.839000 ms CreateObjectMapping: 1.278600 ms MarkObjects: 6.533300 ms  DeleteObjects: 0.078200 ms)

Prepare: number of updated asset objects reloaded= 0
AssetImportParameters requested are different than current active one (requested -> active):
  custom:container-demuxer-ogg: 62fdf1f143b41e24485cea50d1cbac27 -> 
  custom:video-codec-MediaFoundation-h265: 746d11721c4dcdbdad8f713fa42b33f4 -> 
  custom:video-decoder-ogg-theora: a1e56fd34408186e4bbccfd4996cb3dc -> 
  custom:framework-win-MediaFoundation: 216162199b28c13a410421893ffa2e32 -> 
  custom:CustomObjectIndexerAttribute: 9a22284fe3817be447336de3de66b15e -> 
  custom:container-demuxer-webm: 4f35f7cbe854078d1ac9338744f61a02 -> 
  custom:container-muxer-webm: aa71ff27fc2769a1b78a27578f13a17b -> 
  custom:video-decoder-webm-vp8: 9c59270c3fd7afecdb556c50c9e8de78 -> 
  custom:SearchIndexIgnoredProperties: e643bd26f0fe6173181afceb89e7c659 -> 
  custom:AudioImporter_EditorPlatform: d09bf68614088b80899f8185d706f6e7 -> 
  custom:video-encoder-webm-vp8: eb34c28f22e8b96e1ab97ce403110664 -> 
  custom:audio-decoder-ogg-vorbis: bf7c407c2cedff20999df2af8eb42d56 -> 
  custom:audio-encoder-webm-vorbis: bf7c407c2cedff20999df2af8eb42d56 -> 
========================================================================
Received Import Request.
  Time since last request: 33.243226 seconds.
  path: Assets/Prefab/First_Get/FirstGet.prefab
  artifactKey: Guid(9a584a3beb0e58c43a73365bb6d8cb20) Importer(815301076,1909f56bfc062723c751e8b465ee728b)
Start importing Assets/Prefab/First_Get/FirstGet.prefab using Guid(9a584a3beb0e58c43a73365bb6d8cb20) Importer(815301076,1909f56bfc062723c751e8b465ee728b) [PhysX] Initialized MultithreadedTaskDispatcher with 8 workers.
 -> (artifact id: '3af49e85b1b64c4d6c842b66a52d6962') in 0.003080 seconds
Number of updated asset objects reloaded before import = 0
Number of asset objects unloaded after import = 0
========================================================================
Received Import Request.
  Time since last request: 2.182812 seconds.
  path: Assets/Prefab/First_Get/FirstGet.prefab
  artifactKey: Guid(9a584a3beb0e58c43a73365bb6d8cb20) Importer(815301076,1909f56bfc062723c751e8b465ee728b)
Start importing Assets/Prefab/First_Get/FirstGet.prefab using Guid(9a584a3beb0e58c43a73365bb6d8cb20) Importer(815301076,1909f56bfc062723c751e8b465ee728b) [PhysX] Initialized MultithreadedTaskDispatcher with 8 workers.
 -> (artifact id: 'c425dce9d54b411bdc4586fc371f2119') in 0.001452 seconds
Number of updated asset objects reloaded before import = 0
Number of asset objects unloaded after import = 0
========================================================================
Received Import Request.
  Time since last request: 2.173625 seconds.
  path: Assets/Prefab/First_Get/FirstGet.prefab
  artifactKey: Guid(9a584a3beb0e58c43a73365bb6d8cb20) Importer(815301076,1909f56bfc062723c751e8b465ee728b)
Start importing Assets/Prefab/First_Get/FirstGet.prefab using Guid(9a584a3beb0e58c43a73365bb6d8cb20) Importer(815301076,1909f56bfc062723c751e8b465ee728b) [PhysX] Initialized MultithreadedTaskDispatcher with 8 workers.
 -> (artifact id: 'c425dce9d54b411bdc4586fc371f2119') in 0.001034 seconds
Number of updated asset objects reloaded before import = 0
Number of asset objects unloaded after import = 0
========================================================================
Received Prepare
Caller must complete domain reload
Begin MonoManager ReloadAssembly
- Loaded All Assemblies, in  0.877 seconds
Native extension for WindowsStandalone target not found
Native extension for WebGL target not found
Mono: successfully reloaded assembly
- Finished resetting the current domain, in  3.146 seconds
Domain Reload Profiling: 4018ms
	BeginReloadAssembly (260ms)
		ExecutionOrderSort (0ms)
		DisableScriptedObjects (9ms)
		BackupInstance (0ms)
		ReleaseScriptingObjects (0ms)
		CreateAndSetChildDomain (47ms)
	RebuildCommonClasses (80ms)
	RebuildNativeTypeToScriptingClass (26ms)
	initialDomainReloadingComplete (67ms)
	LoadAllAssembliesAndSetupDomain (435ms)
		LoadAssemblies (568ms)
		RebuildTransferFunctionScriptingTraits (0ms)
		AnalyzeDomain (24ms)
			TypeCache.Refresh (10ms)
				TypeCache.ScanAssembly (0ms)
			ScanForSourceGeneratedMonoScriptInfo (0ms)
			ResolveRequiredComponents (11ms)
	FinalizeReload (3149ms)
		ReleaseScriptCaches (0ms)
		RebuildScriptCaches (0ms)
		SetupLoadedEditorAssemblies (1835ms)
			LogAssemblyErrors (0ms)
			InitializePlatformSupportModulesInManaged (41ms)
			SetLoadedEditorAssemblies (15ms)
			RefreshPlugins (0ms)
			BeforeProcessingInitializeOnLoad (296ms)
			ProcessInitializeOnLoadAttributes (1302ms)
			ProcessInitializeOnLoadMethodAttributes (136ms)
			AfterProcessingInitializeOnLoad (44ms)
			EditorAssembliesLoaded (0ms)
		ExecutionOrderSort2 (0ms)
		AwakeInstancesAfterBackupRestoration (28ms)
Refreshing native plugins compatible for Editor in 18.26 ms, found 3 plugins.
Preloading 0 native plugins for Editor in 0.00 ms.
Unloading 3652 Unused Serialized files (Serialized files now loaded: 0)
Unloading 19 unused Assets / (31.1 KB). Loaded Objects now: 4148.
Memory consumption went from 133.7 MB to 133.7 MB.
Total: 8.524400 ms (FindLiveObjects: 0.577800 ms CreateObjectMapping: 0.654700 ms MarkObjects: 7.179300 ms  DeleteObjects: 0.110300 ms)

Prepare: number of updated asset objects reloaded= 0
AssetImportParameters requested are different than current active one (requested -> active):
  custom:container-demuxer-ogg: 62fdf1f143b41e24485cea50d1cbac27 -> 
  custom:video-codec-MediaFoundation-h265: 746d11721c4dcdbdad8f713fa42b33f4 -> 
  custom:video-decoder-ogg-theora: a1e56fd34408186e4bbccfd4996cb3dc -> 
  custom:framework-win-MediaFoundation: 216162199b28c13a410421893ffa2e32 -> 
  custom:CustomObjectIndexerAttribute: 9a22284fe3817be447336de3de66b15e -> 
  custom:container-demuxer-webm: 4f35f7cbe854078d1ac9338744f61a02 -> 
  custom:container-muxer-webm: aa71ff27fc2769a1b78a27578f13a17b -> 
  custom:video-decoder-webm-vp8: 9c59270c3fd7afecdb556c50c9e8de78 -> 
  custom:SearchIndexIgnoredProperties: e643bd26f0fe6173181afceb89e7c659 -> 
  custom:AudioImporter_EditorPlatform: d09bf68614088b80899f8185d706f6e7 -> 
  custom:video-encoder-webm-vp8: eb34c28f22e8b96e1ab97ce403110664 -> 
  custom:audio-decoder-ogg-vorbis: bf7c407c2cedff20999df2af8eb42d56 -> 
  custom:audio-encoder-webm-vorbis: bf7c407c2cedff20999df2af8eb42d56 -> 
========================================================================
Received Import Request.
  Time since last request: 15.803063 seconds.
  path: Assets/Prefab/First_Get/FirstGet.prefab
  artifactKey: Guid(9a584a3beb0e58c43a73365bb6d8cb20) Importer(815301076,1909f56bfc062723c751e8b465ee728b)
Start importing Assets/Prefab/First_Get/FirstGet.prefab using Guid(9a584a3beb0e58c43a73365bb6d8cb20) Importer(815301076,1909f56bfc062723c751e8b465ee728b) [PhysX] Initialized MultithreadedTaskDispatcher with 8 workers.
 -> (artifact id: 'c425dce9d54b411bdc4586fc371f2119') in 0.003805 seconds
Number of updated asset objects reloaded before import = 0
Number of asset objects unloaded after import = 0
========================================================================
Received Prepare
Caller must complete domain reload
Begin MonoManager ReloadAssembly
- Loaded All Assemblies, in  0.937 seconds
Native extension for WindowsStandalone target not found
Native extension for WebGL target not found
Mono: successfully reloaded assembly
- Finished resetting the current domain, in  3.190 seconds
Domain Reload Profiling: 4120ms
	BeginReloadAssembly (263ms)
		ExecutionOrderSort (0ms)
		DisableScriptedObjects (8ms)
		BackupInstance (0ms)
		ReleaseScriptingObjects (0ms)
		CreateAndSetChildDomain (40ms)
	RebuildCommonClasses (84ms)
	RebuildNativeTypeToScriptingClass (23ms)
	initialDomainReloadingComplete (67ms)
	LoadAllAssembliesAndSetupDomain (492ms)
		LoadAssemblies (623ms)
		RebuildTransferFunctionScriptingTraits (0ms)
		AnalyzeDomain (27ms)
			TypeCache.Refresh (13ms)
				TypeCache.ScanAssembly (0ms)
			ScanForSourceGeneratedMonoScriptInfo (0ms)
			ResolveRequiredComponents (11ms)
	FinalizeReload (3192ms)
		ReleaseScriptCaches (0ms)
		RebuildScriptCaches (0ms)
		SetupLoadedEditorAssemblies (1848ms)
			LogAssemblyErrors (0ms)
			InitializePlatformSupportModulesInManaged (32ms)
			SetLoadedEditorAssemblies (11ms)
			RefreshPlugins (0ms)
			BeforeProcessingInitializeOnLoad (301ms)
			ProcessInitializeOnLoadAttributes (1320ms)
			ProcessInitializeOnLoadMethodAttributes (139ms)
			AfterProcessingInitializeOnLoad (47ms)
			EditorAssembliesLoaded (0ms)
		ExecutionOrderSort2 (0ms)
		AwakeInstancesAfterBackupRestoration (27ms)
Refreshing native plugins compatible for Editor in 17.20 ms, found 3 plugins.
Preloading 0 native plugins for Editor in 0.00 ms.
Unloading 3652 Unused Serialized files (Serialized files now loaded: 0)
Unloading 19 unused Assets / (31.1 KB). Loaded Objects now: 4151.
Memory consumption went from 133.7 MB to 133.7 MB.
Total: 9.443400 ms (FindLiveObjects: 0.603300 ms CreateObjectMapping: 0.584700 ms MarkObjects: 8.095500 ms  DeleteObjects: 0.157300 ms)

Prepare: number of updated asset objects reloaded= 0
AssetImportParameters requested are different than current active one (requested -> active):
  custom:container-demuxer-ogg: 62fdf1f143b41e24485cea50d1cbac27 -> 
  custom:video-codec-MediaFoundation-h265: 746d11721c4dcdbdad8f713fa42b33f4 -> 
  custom:video-decoder-ogg-theora: a1e56fd34408186e4bbccfd4996cb3dc -> 
  custom:framework-win-MediaFoundation: 216162199b28c13a410421893ffa2e32 -> 
  custom:CustomObjectIndexerAttribute: 9a22284fe3817be447336de3de66b15e -> 
  custom:container-demuxer-webm: 4f35f7cbe854078d1ac9338744f61a02 -> 
  custom:container-muxer-webm: aa71ff27fc2769a1b78a27578f13a17b -> 
  custom:video-decoder-webm-vp8: 9c59270c3fd7afecdb556c50c9e8de78 -> 
  custom:SearchIndexIgnoredProperties: e643bd26f0fe6173181afceb89e7c659 -> 
  custom:AudioImporter_EditorPlatform: d09bf68614088b80899f8185d706f6e7 -> 
  custom:video-encoder-webm-vp8: eb34c28f22e8b96e1ab97ce403110664 -> 
  custom:audio-decoder-ogg-vorbis: bf7c407c2cedff20999df2af8eb42d56 -> 
  custom:audio-encoder-webm-vorbis: bf7c407c2cedff20999df2af8eb42d56 -> 
========================================================================
Received Import Request.
  Time since last request: 381.811415 seconds.
  path: Assets/Prefab/First_Get/FirstGet.prefab
  artifactKey: Guid(9a584a3beb0e58c43a73365bb6d8cb20) Importer(815301076,1909f56bfc062723c751e8b465ee728b)
Start importing Assets/Prefab/First_Get/FirstGet.prefab using Guid(9a584a3beb0e58c43a73365bb6d8cb20) Importer(815301076,1909f56bfc062723c751e8b465ee728b) [PhysX] Initialized MultithreadedTaskDispatcher with 8 workers.
 -> (artifact id: 'c425dce9d54b411bdc4586fc371f2119') in 0.004634 seconds
Number of updated asset objects reloaded before import = 0
Number of asset objects unloaded after import = 0
========================================================================
Received Prepare
Caller must complete domain reload
Begin MonoManager ReloadAssembly
- Loaded All Assemblies, in  1.161 seconds
Native extension for WindowsStandalone target not found
Native extension for WebGL target not found
Mono: successfully reloaded assembly
- Finished resetting the current domain, in  3.387 seconds
Domain Reload Profiling: 4537ms
	BeginReloadAssembly (260ms)
		ExecutionOrderSort (0ms)
		DisableScriptedObjects (7ms)
		BackupInstance (0ms)
		ReleaseScriptingObjects (0ms)
		CreateAndSetChildDomain (44ms)
	RebuildCommonClasses (76ms)
	RebuildNativeTypeToScriptingClass (23ms)
	initialDomainReloadingComplete (66ms)
	LoadAllAssembliesAndSetupDomain (723ms)
		LoadAssemblies (790ms)
		RebuildTransferFunctionScriptingTraits (0ms)
		AnalyzeDomain (92ms)
			TypeCache.Refresh (32ms)
				TypeCache.ScanAssembly (4ms)
			ScanForSourceGeneratedMonoScriptInfo (32ms)
			ResolveRequiredComponents (24ms)
	FinalizeReload (3388ms)
		ReleaseScriptCaches (0ms)
		RebuildScriptCaches (0ms)
		SetupLoadedEditorAssemblies (1398ms)
			LogAssemblyErrors (0ms)
			InitializePlatformSupportModulesInManaged (25ms)
			SetLoadedEditorAssemblies (10ms)
			RefreshPlugins (0ms)
			BeforeProcessingInitializeOnLoad (225ms)
			ProcessInitializeOnLoadAttributes (985ms)
			ProcessInitializeOnLoadMethodAttributes (113ms)
			AfterProcessingInitializeOnLoad (38ms)
			EditorAssembliesLoaded (1ms)
		ExecutionOrderSort2 (0ms)
		AwakeInstancesAfterBackupRestoration (22ms)
Refreshing native plugins compatible for Editor in 17.17 ms, found 3 plugins.
Preloading 0 native plugins for Editor in 0.00 ms.
Unloading 3652 Unused Serialized files (Serialized files now loaded: 0)
Unloading 19 unused Assets / (31.1 KB). Loaded Objects now: 4154.
Memory consumption went from 133.7 MB to 133.7 MB.
Total: 7.099300 ms (FindLiveObjects: 0.582000 ms CreateObjectMapping: 0.633800 ms MarkObjects: 5.787300 ms  DeleteObjects: 0.094500 ms)

Prepare: number of updated asset objects reloaded= 0
AssetImportParameters requested are different than current active one (requested -> active):
  custom:container-demuxer-ogg: 62fdf1f143b41e24485cea50d1cbac27 -> 
  custom:video-codec-MediaFoundation-h265: 746d11721c4dcdbdad8f713fa42b33f4 -> 
  custom:video-decoder-ogg-theora: a1e56fd34408186e4bbccfd4996cb3dc -> 
  custom:framework-win-MediaFoundation: 216162199b28c13a410421893ffa2e32 -> 
  custom:CustomObjectIndexerAttribute: 9a22284fe3817be447336de3de66b15e -> 
  custom:container-demuxer-webm: 4f35f7cbe854078d1ac9338744f61a02 -> 
  custom:container-muxer-webm: aa71ff27fc2769a1b78a27578f13a17b -> 
  custom:video-decoder-webm-vp8: 9c59270c3fd7afecdb556c50c9e8de78 -> 
  custom:SearchIndexIgnoredProperties: e643bd26f0fe6173181afceb89e7c659 -> 
  custom:AudioImporter_EditorPlatform: d09bf68614088b80899f8185d706f6e7 -> 
  custom:video-encoder-webm-vp8: eb34c28f22e8b96e1ab97ce403110664 -> 
  custom:audio-decoder-ogg-vorbis: bf7c407c2cedff20999df2af8eb42d56 -> 
  custom:audio-encoder-webm-vorbis: bf7c407c2cedff20999df2af8eb42d56 -> 
========================================================================
Received Import Request.
  Time since last request: 17.196836 seconds.
  path: Assets/Prefab/First_Get/FirstGet.prefab
  artifactKey: Guid(9a584a3beb0e58c43a73365bb6d8cb20) Importer(815301076,1909f56bfc062723c751e8b465ee728b)
Start importing Assets/Prefab/First_Get/FirstGet.prefab using Guid(9a584a3beb0e58c43a73365bb6d8cb20) Importer(815301076,1909f56bfc062723c751e8b465ee728b) [PhysX] Initialized MultithreadedTaskDispatcher with 8 workers.
 -> (artifact id: 'c425dce9d54b411bdc4586fc371f2119') in 0.004464 seconds
Number of updated asset objects reloaded before import = 0
Number of asset objects unloaded after import = 0
========================================================================
Received Import Request.
  Time since last request: 0.000048 seconds.
  path: Assets/Prefab/First_Get/wood.prefab
  artifactKey: Guid(ef1c2b935e3ec284cbd8c7debf2d0d78) Importer(815301076,1909f56bfc062723c751e8b465ee728b)
Start importing Assets/Prefab/First_Get/wood.prefab using Guid(ef1c2b935e3ec284cbd8c7debf2d0d78) Importer(815301076,1909f56bfc062723c751e8b465ee728b) [PhysX] Initialized MultithreadedTaskDispatcher with 8 workers.
 -> (artifact id: '52e6e296b8ae86ec152b771f3f1ff432') in 0.001246 seconds
Number of updated asset objects reloaded before import = 0
Number of asset objects unloaded after import = 0
========================================================================
Received Import Request.
  Time since last request: 16.755653 seconds.
  path: Assets/Prefab/First_Get/FirstGet.prefab
  artifactKey: Guid(9a584a3beb0e58c43a73365bb6d8cb20) Importer(815301076,1909f56bfc062723c751e8b465ee728b)
Start importing Assets/Prefab/First_Get/FirstGet.prefab using Guid(9a584a3beb0e58c43a73365bb6d8cb20) Importer(815301076,1909f56bfc062723c751e8b465ee728b) [PhysX] Initialized MultithreadedTaskDispatcher with 8 workers.
 -> (artifact id: 'c425dce9d54b411bdc4586fc371f2119') in 0.001391 seconds
Number of updated asset objects reloaded before import = 0
Number of asset objects unloaded after import = 0
========================================================================
Received Import Request.
  Time since last request: 65.433639 seconds.
  path: Assets/Prefab/First_Get/FirstGet.prefab
  artifactKey: Guid(9a584a3beb0e58c43a73365bb6d8cb20) Importer(815301076,1909f56bfc062723c751e8b465ee728b)
Start importing Assets/Prefab/First_Get/FirstGet.prefab using Guid(9a584a3beb0e58c43a73365bb6d8cb20) Importer(815301076,1909f56bfc062723c751e8b465ee728b) [PhysX] Initialized MultithreadedTaskDispatcher with 8 workers.
 -> (artifact id: 'c425dce9d54b411bdc4586fc371f2119') in 0.000757 seconds
Number of updated asset objects reloaded before import = 0
Number of asset objects unloaded after import = 0
========================================================================
Received Import Request.
  Time since last request: 5.763796 seconds.
  path: Assets/Prefab/First_Get/FirstGet.prefab
  artifactKey: Guid(9a584a3beb0e58c43a73365bb6d8cb20) Importer(815301076,1909f56bfc062723c751e8b465ee728b)
Start importing Assets/Prefab/First_Get/FirstGet.prefab using Guid(9a584a3beb0e58c43a73365bb6d8cb20) Importer(815301076,1909f56bfc062723c751e8b465ee728b) [PhysX] Initialized MultithreadedTaskDispatcher with 8 workers.
 -> (artifact id: 'c425dce9d54b411bdc4586fc371f2119') in 0.001204 seconds
Number of updated asset objects reloaded before import = 0
Number of asset objects unloaded after import = 0
========================================================================
Received Import Request.
  Time since last request: 3.710030 seconds.
  path: Assets/Prefab/First_Get/FirstGet.prefab
  artifactKey: Guid(9a584a3beb0e58c43a73365bb6d8cb20) Importer(815301076,1909f56bfc062723c751e8b465ee728b)
Start importing Assets/Prefab/First_Get/FirstGet.prefab using Guid(9a584a3beb0e58c43a73365bb6d8cb20) Importer(815301076,1909f56bfc062723c751e8b465ee728b) [PhysX] Initialized MultithreadedTaskDispatcher with 8 workers.
 -> (artifact id: 'c425dce9d54b411bdc4586fc371f2119') in 0.001003 seconds
Number of updated asset objects reloaded before import = 0
Number of asset objects unloaded after import = 0
========================================================================
Received Import Request.
  Time since last request: 1.879973 seconds.
  path: Assets/Prefab/First_Get/FirstGet.prefab
  artifactKey: Guid(9a584a3beb0e58c43a73365bb6d8cb20) Importer(815301076,1909f56bfc062723c751e8b465ee728b)
Start importing Assets/Prefab/First_Get/FirstGet.prefab using Guid(9a584a3beb0e58c43a73365bb6d8cb20) Importer(815301076,1909f56bfc062723c751e8b465ee728b) [PhysX] Initialized MultithreadedTaskDispatcher with 8 workers.
 -> (artifact id: 'c425dce9d54b411bdc4586fc371f2119') in 0.001401 seconds
Number of updated asset objects reloaded before import = 0
Number of asset objects unloaded after import = 0
========================================================================
Received Import Request.
  Time since last request: 6.734988 seconds.
  path: Assets/Prefab/First_Get/FirstGet.prefab
  artifactKey: Guid(9a584a3beb0e58c43a73365bb6d8cb20) Importer(815301076,1909f56bfc062723c751e8b465ee728b)
Start importing Assets/Prefab/First_Get/FirstGet.prefab using Guid(9a584a3beb0e58c43a73365bb6d8cb20) Importer(815301076,1909f56bfc062723c751e8b465ee728b) [PhysX] Initialized MultithreadedTaskDispatcher with 8 workers.
 -> (artifact id: 'c425dce9d54b411bdc4586fc371f2119') in 0.001220 seconds
Number of updated asset objects reloaded before import = 0
Number of asset objects unloaded after import = 0
========================================================================
Received Import Request.
  Time since last request: 3.688992 seconds.
  path: Assets/Prefab/First_Get/FirstGet.prefab
  artifactKey: Guid(9a584a3beb0e58c43a73365bb6d8cb20) Importer(815301076,1909f56bfc062723c751e8b465ee728b)
Start importing Assets/Prefab/First_Get/FirstGet.prefab using Guid(9a584a3beb0e58c43a73365bb6d8cb20) Importer(815301076,1909f56bfc062723c751e8b465ee728b) [PhysX] Initialized MultithreadedTaskDispatcher with 8 workers.
 -> (artifact id: 'c425dce9d54b411bdc4586fc371f2119') in 0.001313 seconds
Number of updated asset objects reloaded before import = 0
Number of asset objects unloaded after import = 0
========================================================================
Received Import Request.
  Time since last request: 108.547999 seconds.
  path: Assets/Prefab/GuruGuru.prefab
  artifactKey: Guid(cda246c0eac8f6b408a6a650a05bd6c8) Importer(815301076,1909f56bfc062723c751e8b465ee728b)
Start importing Assets/Prefab/GuruGuru.prefab using Guid(cda246c0eac8f6b408a6a650a05bd6c8) Importer(815301076,1909f56bfc062723c751e8b465ee728b) [PhysX] Initialized MultithreadedTaskDispatcher with 8 workers.
 -> (artifact id: '395bfb8321f208a0842470928941a90c') in 0.001030 seconds
Number of updated asset objects reloaded before import = 0
Number of asset objects unloaded after import = 0
========================================================================
Received Import Request.
  Time since last request: 6.707257 seconds.
  path: Assets/Prefab/GuruGuru.prefab
  artifactKey: Guid(cda246c0eac8f6b408a6a650a05bd6c8) Importer(815301076,1909f56bfc062723c751e8b465ee728b)
Start importing Assets/Prefab/GuruGuru.prefab using Guid(cda246c0eac8f6b408a6a650a05bd6c8) Importer(815301076,1909f56bfc062723c751e8b465ee728b) [PhysX] Initialized MultithreadedTaskDispatcher with 8 workers.
 -> (artifact id: '395bfb8321f208a0842470928941a90c') in 0.000549 seconds
Number of updated asset objects reloaded before import = 0
Number of asset objects unloaded after import = 0
========================================================================
Received Import Request.
  Time since last request: 0.001488 seconds.
  path: Assets/Prefab/Effect
  artifactKey: Guid(c7d2b66a991e360458f470d47d59ec68) Importer(815301076,1909f56bfc062723c751e8b465ee728b)
Start importing Assets/Prefab/Effect using Guid(c7d2b66a991e360458f470d47d59ec68) Importer(815301076,1909f56bfc062723c751e8b465ee728b) [PhysX] Initialized MultithreadedTaskDispatcher with 8 workers.
 -> (artifact id: '08445b8035e4c5455ff95694ee867df5') in 0.000639 seconds
Number of updated asset objects reloaded before import = 0
Number of asset objects unloaded after import = 0
========================================================================
Received Import Request.
  Time since last request: 13.496745 seconds.
  path: Assets/Prefab/GuruGuru.prefab
  artifactKey: Guid(cda246c0eac8f6b408a6a650a05bd6c8) Importer(815301076,1909f56bfc062723c751e8b465ee728b)
Start importing Assets/Prefab/GuruGuru.prefab using Guid(cda246c0eac8f6b408a6a650a05bd6c8) Importer(815301076,1909f56bfc062723c751e8b465ee728b) [PhysX] Initialized MultithreadedTaskDispatcher with 8 workers.
 -> (artifact id: '34e4c373a0f8154b1ebf40cde0a2e766') in 0.001342 seconds
Number of updated asset objects reloaded before import = 0
Number of asset objects unloaded after import = 0
========================================================================
Received Import Request.
  Time since last request: 28.115127 seconds.
  path: Assets/Prefab/GuruGuru.prefab
  artifactKey: Guid(cda246c0eac8f6b408a6a650a05bd6c8) Importer(815301076,1909f56bfc062723c751e8b465ee728b)
Start importing Assets/Prefab/GuruGuru.prefab using Guid(cda246c0eac8f6b408a6a650a05bd6c8) Importer(815301076,1909f56bfc062723c751e8b465ee728b) [PhysX] Initialized MultithreadedTaskDispatcher with 8 workers.
 -> (artifact id: 'b7516e7bc04bc05440e863b60b79edae') in 0.000876 seconds
Number of updated asset objects reloaded before import = 0
Number of asset objects unloaded after import = 0
========================================================================
Received Import Request.
  Time since last request: 8.044116 seconds.
  path: Assets/Prefab/Effect/particle.prefab
  artifactKey: Guid(c20ebbd924329024c9b1b0e3721d18e5) Importer(815301076,1909f56bfc062723c751e8b465ee728b)
Start importing Assets/Prefab/Effect/particle.prefab using Guid(c20ebbd924329024c9b1b0e3721d18e5) Importer(815301076,1909f56bfc062723c751e8b465ee728b) [PhysX] Initialized MultithreadedTaskDispatcher with 8 workers.
[PhysX] Initialized MultithreadedTaskDispatcher with 8 workers.
 -> (artifact id: 'd156161aa0e7f81bb76cb874b4a8bce1') in 0.184273 seconds
Number of updated asset objects reloaded before import = 0
Number of asset objects unloaded after import = 7
========================================================================
Received Import Request.
  Time since last request: 41.133902 seconds.
  path: Assets/Prefab/Effect/particle.prefab
  artifactKey: Guid(c20ebbd924329024c9b1b0e3721d18e5) Importer(815301076,1909f56bfc062723c751e8b465ee728b)
Start importing Assets/Prefab/Effect/particle.prefab using Guid(c20ebbd924329024c9b1b0e3721d18e5) Importer(815301076,1909f56bfc062723c751e8b465ee728b) [PhysX] Initialized MultithreadedTaskDispatcher with 8 workers.
[PhysX] Initialized MultithreadedTaskDispatcher with 8 workers.
 -> (artifact id: '99ebb6872e08c4c0f00e4cff12b21c67') in 0.013435 seconds
Number of updated asset objects reloaded before import = 0
Number of asset objects unloaded after import = 8
========================================================================
Received Import Request.
  Time since last request: 2.772029 seconds.
  path: Assets/Prefab/Effect/particle.prefab
  artifactKey: Guid(c20ebbd924329024c9b1b0e3721d18e5) Importer(815301076,1909f56bfc062723c751e8b465ee728b)
Start importing Assets/Prefab/Effect/particle.prefab using Guid(c20ebbd924329024c9b1b0e3721d18e5) Importer(815301076,1909f56bfc062723c751e8b465ee728b) [PhysX] Initialized MultithreadedTaskDispatcher with 8 workers.
[PhysX] Initialized MultithreadedTaskDispatcher with 8 workers.
 -> (artifact id: '0115e6f1c92eb9bcae166cd93d0d370e') in 0.011167 seconds
Number of updated asset objects reloaded before import = 0
Number of asset objects unloaded after import = 8
========================================================================
Received Import Request.
  Time since last request: 5.833958 seconds.
  path: Assets/Prefab/Effect/particle.prefab
  artifactKey: Guid(c20ebbd924329024c9b1b0e3721d18e5) Importer(815301076,1909f56bfc062723c751e8b465ee728b)
Start importing Assets/Prefab/Effect/particle.prefab using Guid(c20ebbd924329024c9b1b0e3721d18e5) Importer(815301076,1909f56bfc062723c751e8b465ee728b) [PhysX] Initialized MultithreadedTaskDispatcher with 8 workers.
[PhysX] Initialized MultithreadedTaskDispatcher with 8 workers.
 -> (artifact id: 'c093b141a0ed45863f3d4967b5060447') in 0.009788 seconds
Number of updated asset objects reloaded before import = 0
Number of asset objects unloaded after import = 8
========================================================================
Received Import Request.
  Time since last request: 4.885771 seconds.
  path: Assets/Prefab/Effect/particle.prefab
  artifactKey: Guid(c20ebbd924329024c9b1b0e3721d18e5) Importer(815301076,1909f56bfc062723c751e8b465ee728b)
Start importing Assets/Prefab/Effect/particle.prefab using Guid(c20ebbd924329024c9b1b0e3721d18e5) Importer(815301076,1909f56bfc062723c751e8b465ee728b) [PhysX] Initialized MultithreadedTaskDispatcher with 8 workers.
[PhysX] Initialized MultithreadedTaskDispatcher with 8 workers.
 -> (artifact id: '655ab3ef0261fd0ae7a33a507feff364') in 0.009412 seconds
Number of updated asset objects reloaded before import = 0
Number of asset objects unloaded after import = 8
========================================================================
Received Prepare
Caller must complete domain reload
Begin MonoManager ReloadAssembly
- Loaded All Assemblies, in  0.820 seconds
Native extension for WindowsStandalone target not found
Native extension for WebGL target not found
Mono: successfully reloaded assembly
- Finished resetting the current domain, in  4.535 seconds
Domain Reload Profiling: 5350ms
	BeginReloadAssembly (247ms)
		ExecutionOrderSort (0ms)
		DisableScriptedObjects (12ms)
		BackupInstance (0ms)
		ReleaseScriptingObjects (0ms)
		CreateAndSetChildDomain (42ms)
	RebuildCommonClasses (59ms)
	RebuildNativeTypeToScriptingClass (18ms)
	initialDomainReloadingComplete (53ms)
	LoadAllAssembliesAndSetupDomain (434ms)
		LoadAssemblies (563ms)
		RebuildTransferFunctionScriptingTraits (0ms)
		AnalyzeDomain (17ms)
			TypeCache.Refresh (8ms)
				TypeCache.ScanAssembly (0ms)
			ScanForSourceGeneratedMonoScriptInfo (0ms)
			ResolveRequiredComponents (7ms)
	FinalizeReload (4538ms)
		ReleaseScriptCaches (0ms)
		RebuildScriptCaches (0ms)
		SetupLoadedEditorAssemblies (1657ms)
			LogAssemblyErrors (0ms)
			InitializePlatformSupportModulesInManaged (35ms)
			SetLoadedEditorAssemblies (13ms)
			RefreshPlugins (0ms)
			BeforeProcessingInitializeOnLoad (296ms)
			ProcessInitializeOnLoadAttributes (1165ms)
			ProcessInitializeOnLoadMethodAttributes (108ms)
			AfterProcessingInitializeOnLoad (39ms)
			EditorAssembliesLoaded (1ms)
		ExecutionOrderSort2 (0ms)
		AwakeInstancesAfterBackupRestoration (23ms)
Refreshing native plugins compatible for Editor in 28.52 ms, found 3 plugins.
Preloading 0 native plugins for Editor in 0.00 ms.
Unloading 3652 Unused Serialized files (Serialized files now loaded: 0)
Unloading 19 unused Assets / (31.1 KB). Loaded Objects now: 4165.
Memory consumption went from 138.2 MB to 138.2 MB.
Total: 9.992000 ms (FindLiveObjects: 0.574000 ms CreateObjectMapping: 0.708600 ms MarkObjects: 8.605400 ms  DeleteObjects: 0.101500 ms)

Prepare: number of updated asset objects reloaded= 0
AssetImportParameters requested are different than current active one (requested -> active):
  custom:container-demuxer-ogg: 62fdf1f143b41e24485cea50d1cbac27 -> 
  custom:video-codec-MediaFoundation-h265: 746d11721c4dcdbdad8f713fa42b33f4 -> 
  custom:video-decoder-ogg-theora: a1e56fd34408186e4bbccfd4996cb3dc -> 
  custom:framework-win-MediaFoundation: 216162199b28c13a410421893ffa2e32 -> 
  custom:CustomObjectIndexerAttribute: 9a22284fe3817be447336de3de66b15e -> 
  custom:container-demuxer-webm: 4f35f7cbe854078d1ac9338744f61a02 -> 
  custom:container-muxer-webm: aa71ff27fc2769a1b78a27578f13a17b -> 
  custom:video-decoder-webm-vp8: 9c59270c3fd7afecdb556c50c9e8de78 -> 
  custom:SearchIndexIgnoredProperties: e643bd26f0fe6173181afceb89e7c659 -> 
  custom:AudioImporter_EditorPlatform: d09bf68614088b80899f8185d706f6e7 -> 
  custom:video-encoder-webm-vp8: eb34c28f22e8b96e1ab97ce403110664 -> 
  custom:audio-decoder-ogg-vorbis: bf7c407c2cedff20999df2af8eb42d56 -> 
  custom:audio-encoder-webm-vorbis: bf7c407c2cedff20999df2af8eb42d56 -> 
========================================================================
Received Prepare
Caller must complete domain reload
Begin MonoManager ReloadAssembly
- Loaded All Assemblies, in  0.883 seconds
Native extension for WindowsStandalone target not found
Native extension for WebGL target not found
Mono: successfully reloaded assembly
- Finished resetting the current domain, in  1.478 seconds
Domain Reload Profiling: 2356ms
	BeginReloadAssembly (217ms)
		ExecutionOrderSort (0ms)
		DisableScriptedObjects (6ms)
		BackupInstance (0ms)
		ReleaseScriptingObjects (0ms)
		CreateAndSetChildDomain (38ms)
	RebuildCommonClasses (62ms)
	RebuildNativeTypeToScriptingClass (21ms)
	initialDomainReloadingComplete (53ms)
	LoadAllAssembliesAndSetupDomain (523ms)
		LoadAssemblies (613ms)
		RebuildTransferFunctionScriptingTraits (0ms)
		AnalyzeDomain (40ms)
			TypeCache.Refresh (15ms)
				TypeCache.ScanAssembly (2ms)
			ScanForSourceGeneratedMonoScriptInfo (14ms)
			ResolveRequiredComponents (9ms)
	FinalizeReload (1479ms)
		ReleaseScriptCaches (0ms)
		RebuildScriptCaches (0ms)
		SetupLoadedEditorAssemblies (656ms)
			LogAssemblyErrors (0ms)
			InitializePlatformSupportModulesInManaged (17ms)
			SetLoadedEditorAssemblies (5ms)
			RefreshPlugins (0ms)
			BeforeProcessingInitializeOnLoad (114ms)
			ProcessInitializeOnLoadAttributes (457ms)
			ProcessInitializeOnLoadMethodAttributes (48ms)
			AfterProcessingInitializeOnLoad (16ms)
			EditorAssembliesLoaded (0ms)
		ExecutionOrderSort2 (0ms)
		AwakeInstancesAfterBackupRestoration (9ms)
Refreshing native plugins compatible for Editor in 7.77 ms, found 3 plugins.
Preloading 0 native plugins for Editor in 0.00 ms.
Unloading 3653 Unused Serialized files (Serialized files now loaded: 0)
Unloading 19 unused Assets / (31.1 KB). Loaded Objects now: 4168.
Memory consumption went from 138.5 MB to 138.5 MB.
Total: 3.118300 ms (FindLiveObjects: 0.342300 ms CreateObjectMapping: 0.280600 ms MarkObjects: 2.452100 ms  DeleteObjects: 0.042300 ms)

Prepare: number of updated asset objects reloaded= 0
AssetImportParameters requested are different than current active one (requested -> active):
  custom:container-demuxer-ogg: 62fdf1f143b41e24485cea50d1cbac27 -> 
  custom:video-codec-MediaFoundation-h265: 746d11721c4dcdbdad8f713fa42b33f4 -> 
  custom:video-decoder-ogg-theora: a1e56fd34408186e4bbccfd4996cb3dc -> 
  custom:framework-win-MediaFoundation: 216162199b28c13a410421893ffa2e32 -> 
  custom:CustomObjectIndexerAttribute: 9a22284fe3817be447336de3de66b15e -> 
  custom:container-demuxer-webm: 4f35f7cbe854078d1ac9338744f61a02 -> 
  custom:container-muxer-webm: aa71ff27fc2769a1b78a27578f13a17b -> 
  custom:video-decoder-webm-vp8: 9c59270c3fd7afecdb556c50c9e8de78 -> 
  custom:SearchIndexIgnoredProperties: e643bd26f0fe6173181afceb89e7c659 -> 
  custom:AudioImporter_EditorPlatform: d09bf68614088b80899f8185d706f6e7 -> 
  custom:video-encoder-webm-vp8: eb34c28f22e8b96e1ab97ce403110664 -> 
  custom:audio-decoder-ogg-vorbis: bf7c407c2cedff20999df2af8eb42d56 -> 
  custom:audio-encoder-webm-vorbis: bf7c407c2cedff20999df2af8eb42d56 -> 
========================================================================
Received Prepare
Caller must complete domain reload
Begin MonoManager ReloadAssembly
- Loaded All Assemblies, in  0.819 seconds
Native extension for WindowsStandalone target not found
Native extension for WebGL target not found
Mono: successfully reloaded assembly
- Finished resetting the current domain, in  1.430 seconds
Domain Reload Profiling: 2242ms
	BeginReloadAssembly (211ms)
		ExecutionOrderSort (0ms)
		DisableScriptedObjects (8ms)
		BackupInstance (0ms)
		ReleaseScriptingObjects (0ms)
		CreateAndSetChildDomain (39ms)
	RebuildCommonClasses (51ms)
	RebuildNativeTypeToScriptingClass (23ms)
	initialDomainReloadingComplete (53ms)
	LoadAllAssembliesAndSetupDomain (473ms)
		LoadAssemblies (538ms)
		RebuildTransferFunctionScriptingTraits (0ms)
		AnalyzeDomain (55ms)
			TypeCache.Refresh (19ms)
				TypeCache.ScanAssembly (2ms)
			ScanForSourceGeneratedMonoScriptInfo (18ms)
			ResolveRequiredComponents (15ms)
	FinalizeReload (1430ms)
		ReleaseScriptCaches (0ms)
		RebuildScriptCaches (0ms)
		SetupLoadedEditorAssemblies (605ms)
			LogAssemblyErrors (0ms)
			InitializePlatformSupportModulesInManaged (20ms)
			SetLoadedEditorAssemblies (5ms)
			RefreshPlugins (0ms)
			BeforeProcessingInitializeOnLoad (106ms)
			ProcessInitializeOnLoadAttributes (417ms)
			ProcessInitializeOnLoadMethodAttributes (42ms)
			AfterProcessingInitializeOnLoad (16ms)
			EditorAssembliesLoaded (0ms)
		ExecutionOrderSort2 (0ms)
		AwakeInstancesAfterBackupRestoration (8ms)
Refreshing native plugins compatible for Editor in 7.00 ms, found 3 plugins.
Preloading 0 native plugins for Editor in 0.00 ms.
Unloading 3653 Unused Serialized files (Serialized files now loaded: 0)
Unloading 19 unused Assets / (31.1 KB). Loaded Objects now: 4171.
Memory consumption went from 138.5 MB to 138.5 MB.
Total: 2.954500 ms (FindLiveObjects: 0.284200 ms CreateObjectMapping: 0.237300 ms MarkObjects: 2.391400 ms  DeleteObjects: 0.040300 ms)

Prepare: number of updated asset objects reloaded= 0
AssetImportParameters requested are different than current active one (requested -> active):
  custom:container-demuxer-ogg: 62fdf1f143b41e24485cea50d1cbac27 -> 
  custom:video-codec-MediaFoundation-h265: 746d11721c4dcdbdad8f713fa42b33f4 -> 
  custom:video-decoder-ogg-theora: a1e56fd34408186e4bbccfd4996cb3dc -> 
  custom:framework-win-MediaFoundation: 216162199b28c13a410421893ffa2e32 -> 
  custom:CustomObjectIndexerAttribute: 9a22284fe3817be447336de3de66b15e -> 
  custom:container-demuxer-webm: 4f35f7cbe854078d1ac9338744f61a02 -> 
  custom:container-muxer-webm: aa71ff27fc2769a1b78a27578f13a17b -> 
  custom:video-decoder-webm-vp8: 9c59270c3fd7afecdb556c50c9e8de78 -> 
  custom:SearchIndexIgnoredProperties: e643bd26f0fe6173181afceb89e7c659 -> 
  custom:AudioImporter_EditorPlatform: d09bf68614088b80899f8185d706f6e7 -> 
  custom:video-encoder-webm-vp8: eb34c28f22e8b96e1ab97ce403110664 -> 
  custom:audio-decoder-ogg-vorbis: bf7c407c2cedff20999df2af8eb42d56 -> 
  custom:audio-encoder-webm-vorbis: bf7c407c2cedff20999df2af8eb42d56 -> 
========================================================================
Received Prepare
Caller must complete domain reload
Begin MonoManager ReloadAssembly
- Loaded All Assemblies, in  0.990 seconds
Native extension for WindowsStandalone target not found
Native extension for WebGL target not found
Mono: successfully reloaded assembly
- Finished resetting the current domain, in  1.515 seconds
Domain Reload Profiling: 2499ms
	BeginReloadAssembly (284ms)
		ExecutionOrderSort (0ms)
		DisableScriptedObjects (10ms)
		BackupInstance (0ms)
		ReleaseScriptingObjects (0ms)
		CreateAndSetChildDomain (50ms)
	RebuildCommonClasses (57ms)
	RebuildNativeTypeToScriptingClass (23ms)
	initialDomainReloadingComplete (50ms)
	LoadAllAssembliesAndSetupDomain (569ms)
		LoadAssemblies (685ms)
		RebuildTransferFunctionScriptingTraits (0ms)
		AnalyzeDomain (56ms)
			TypeCache.Refresh (25ms)
				TypeCache.ScanAssembly (2ms)
			ScanForSourceGeneratedMonoScriptInfo (16ms)
			ResolveRequiredComponents (13ms)
	FinalizeReload (1517ms)
		ReleaseScriptCaches (0ms)
		RebuildScriptCaches (0ms)
		SetupLoadedEditorAssemblies (653ms)
			LogAssemblyErrors (0ms)
			InitializePlatformSupportModulesInManaged (16ms)
			SetLoadedEditorAssemblies (4ms)
			RefreshPlugins (0ms)
			BeforeProcessingInitializeOnLoad (115ms)
			ProcessInitializeOnLoadAttributes (444ms)
			ProcessInitializeOnLoadMethodAttributes (55ms)
			AfterProcessingInitializeOnLoad (19ms)
			EditorAssembliesLoaded (0ms)
		ExecutionOrderSort2 (0ms)
		AwakeInstancesAfterBackupRestoration (12ms)
Refreshing native plugins compatible for Editor in 9.37 ms, found 3 plugins.
Preloading 0 native plugins for Editor in 0.00 ms.
Unloading 3653 Unused Serialized files (Serialized files now loaded: 0)
Unloading 19 unused Assets / (31.1 KB). Loaded Objects now: 4174.
Memory consumption went from 138.5 MB to 138.5 MB.
Total: 4.385000 ms (FindLiveObjects: 0.413800 ms CreateObjectMapping: 0.407000 ms MarkObjects: 3.508200 ms  DeleteObjects: 0.054500 ms)

Prepare: number of updated asset objects reloaded= 0
AssetImportParameters requested are different than current active one (requested -> active):
  custom:container-demuxer-ogg: 62fdf1f143b41e24485cea50d1cbac27 -> 
  custom:video-codec-MediaFoundation-h265: 746d11721c4dcdbdad8f713fa42b33f4 -> 
  custom:video-decoder-ogg-theora: a1e56fd34408186e4bbccfd4996cb3dc -> 
  custom:framework-win-MediaFoundation: 216162199b28c13a410421893ffa2e32 -> 
  custom:CustomObjectIndexerAttribute: 9a22284fe3817be447336de3de66b15e -> 
  custom:container-demuxer-webm: 4f35f7cbe854078d1ac9338744f61a02 -> 
  custom:container-muxer-webm: aa71ff27fc2769a1b78a27578f13a17b -> 
  custom:video-decoder-webm-vp8: 9c59270c3fd7afecdb556c50c9e8de78 -> 
  custom:SearchIndexIgnoredProperties: e643bd26f0fe6173181afceb89e7c659 -> 
  custom:AudioImporter_EditorPlatform: d09bf68614088b80899f8185d706f6e7 -> 
  custom:video-encoder-webm-vp8: eb34c28f22e8b96e1ab97ce403110664 -> 
  custom:audio-decoder-ogg-vorbis: bf7c407c2cedff20999df2af8eb42d56 -> 
  custom:audio-encoder-webm-vorbis: bf7c407c2cedff20999df2af8eb42d56 -> 
========================================================================
Received Prepare
Caller must complete domain reload
Begin MonoManager ReloadAssembly
- Loaded All Assemblies, in  0.957 seconds
Native extension for WindowsStandalone target not found
Native extension for WebGL target not found
Mono: successfully reloaded assembly
- Finished resetting the current domain, in  4.062 seconds
Domain Reload Profiling: 5012ms
	BeginReloadAssembly (296ms)
		ExecutionOrderSort (0ms)
		DisableScriptedObjects (9ms)
		BackupInstance (0ms)
		ReleaseScriptingObjects (0ms)
		CreateAndSetChildDomain (45ms)
	RebuildCommonClasses (86ms)
	RebuildNativeTypeToScriptingClass (28ms)
	initialDomainReloadingComplete (69ms)
	LoadAllAssembliesAndSetupDomain (469ms)
		LoadAssemblies (624ms)
		RebuildTransferFunctionScriptingTraits (0ms)
		AnalyzeDomain (32ms)
			TypeCache.Refresh (12ms)
				TypeCache.ScanAssembly (0ms)
			ScanForSourceGeneratedMonoScriptInfo (0ms)
			ResolveRequiredComponents (16ms)
	FinalizeReload (4064ms)
		ReleaseScriptCaches (0ms)
		RebuildScriptCaches (0ms)
		SetupLoadedEditorAssemblies (1763ms)
			LogAssemblyErrors (0ms)
			InitializePlatformSupportModulesInManaged (61ms)
			SetLoadedEditorAssemblies (17ms)
			RefreshPlugins (0ms)
			BeforeProcessingInitializeOnLoad (313ms)
			ProcessInitializeOnLoadAttributes (1212ms)
			ProcessInitializeOnLoadMethodAttributes (123ms)
			AfterProcessingInitializeOnLoad (37ms)
			EditorAssembliesLoaded (1ms)
		ExecutionOrderSort2 (0ms)
		AwakeInstancesAfterBackupRestoration (25ms)
Refreshing native plugins compatible for Editor in 24.93 ms, found 3 plugins.
Preloading 0 native plugins for Editor in 0.00 ms.
Unloading 3653 Unused Serialized files (Serialized files now loaded: 0)
Unloading 19 unused Assets / (31.1 KB). Loaded Objects now: 4177.
Memory consumption went from 138.5 MB to 138.5 MB.
Total: 9.396500 ms (FindLiveObjects: 0.634000 ms CreateObjectMapping: 0.610000 ms MarkObjects: 8.044800 ms  DeleteObjects: 0.105900 ms)

Prepare: number of updated asset objects reloaded= 0
AssetImportParameters requested are different than current active one (requested -> active):
  custom:container-demuxer-ogg: 62fdf1f143b41e24485cea50d1cbac27 -> 
  custom:video-codec-MediaFoundation-h265: 746d11721c4dcdbdad8f713fa42b33f4 -> 
  custom:video-decoder-ogg-theora: a1e56fd34408186e4bbccfd4996cb3dc -> 
  custom:framework-win-MediaFoundation: 216162199b28c13a410421893ffa2e32 -> 
  custom:CustomObjectIndexerAttribute: 9a22284fe3817be447336de3de66b15e -> 
  custom:container-demuxer-webm: 4f35f7cbe854078d1ac9338744f61a02 -> 
  custom:container-muxer-webm: aa71ff27fc2769a1b78a27578f13a17b -> 
  custom:video-decoder-webm-vp8: 9c59270c3fd7afecdb556c50c9e8de78 -> 
  custom:SearchIndexIgnoredProperties: e643bd26f0fe6173181afceb89e7c659 -> 
  custom:AudioImporter_EditorPlatform: d09bf68614088b80899f8185d706f6e7 -> 
  custom:video-encoder-webm-vp8: eb34c28f22e8b96e1ab97ce403110664 -> 
  custom:audio-decoder-ogg-vorbis: bf7c407c2cedff20999df2af8eb42d56 -> 
  custom:audio-encoder-webm-vorbis: bf7c407c2cedff20999df2af8eb42d56 -> 
========================================================================
Received Prepare
Caller must complete domain reload
Begin MonoManager ReloadAssembly
- Loaded All Assemblies, in  1.021 seconds
Native extension for WindowsStandalone target not found
Native extension for WebGL target not found
Mono: successfully reloaded assembly
- Finished resetting the current domain, in  1.448 seconds
Domain Reload Profiling: 2457ms
	BeginReloadAssembly (233ms)
		ExecutionOrderSort (0ms)
		DisableScriptedObjects (5ms)
		BackupInstance (0ms)
		ReleaseScriptingObjects (0ms)
		CreateAndSetChildDomain (33ms)
	RebuildCommonClasses (165ms)
	RebuildNativeTypeToScriptingClass (22ms)
	initialDomainReloadingComplete (97ms)
	LoadAllAssembliesAndSetupDomain (491ms)
		LoadAssemblies (590ms)
		RebuildTransferFunctionScriptingTraits (0ms)
		AnalyzeDomain (36ms)
			TypeCache.Refresh (14ms)
				TypeCache.ScanAssembly (1ms)
			ScanForSourceGeneratedMonoScriptInfo (12ms)
			ResolveRequiredComponents (9ms)
	FinalizeReload (1448ms)
		ReleaseScriptCaches (0ms)
		RebuildScriptCaches (0ms)
		SetupLoadedEditorAssemblies (646ms)
			LogAssemblyErrors (0ms)
			InitializePlatformSupportModulesInManaged (11ms)
			SetLoadedEditorAssemblies (4ms)
			RefreshPlugins (0ms)
			BeforeProcessingInitializeOnLoad (137ms)
			ProcessInitializeOnLoadAttributes (433ms)
			ProcessInitializeOnLoadMethodAttributes (43ms)
			AfterProcessingInitializeOnLoad (18ms)
			EditorAssembliesLoaded (0ms)
		ExecutionOrderSort2 (0ms)
		AwakeInstancesAfterBackupRestoration (13ms)
Refreshing native plugins compatible for Editor in 5.93 ms, found 3 plugins.
Preloading 0 native plugins for Editor in 0.00 ms.
Unloading 3653 Unused Serialized files (Serialized files now loaded: 0)
Unloading 19 unused Assets / (31.1 KB). Loaded Objects now: 4180.
Memory consumption went from 138.5 MB to 138.5 MB.
Total: 2.972000 ms (FindLiveObjects: 0.273000 ms CreateObjectMapping: 0.231100 ms MarkObjects: 2.408400 ms  DeleteObjects: 0.058500 ms)

Prepare: number of updated asset objects reloaded= 0
AssetImportParameters requested are different than current active one (requested -> active):
  custom:container-demuxer-ogg: 62fdf1f143b41e24485cea50d1cbac27 -> 
  custom:video-codec-MediaFoundation-h265: 746d11721c4dcdbdad8f713fa42b33f4 -> 
  custom:video-decoder-ogg-theora: a1e56fd34408186e4bbccfd4996cb3dc -> 
  custom:framework-win-MediaFoundation: 216162199b28c13a410421893ffa2e32 -> 
  custom:CustomObjectIndexerAttribute: 9a22284fe3817be447336de3de66b15e -> 
  custom:container-demuxer-webm: 4f35f7cbe854078d1ac9338744f61a02 -> 
  custom:container-muxer-webm: aa71ff27fc2769a1b78a27578f13a17b -> 
  custom:video-decoder-webm-vp8: 9c59270c3fd7afecdb556c50c9e8de78 -> 
  custom:SearchIndexIgnoredProperties: e643bd26f0fe6173181afceb89e7c659 -> 
  custom:AudioImporter_EditorPlatform: d09bf68614088b80899f8185d706f6e7 -> 
  custom:video-encoder-webm-vp8: eb34c28f22e8b96e1ab97ce403110664 -> 
  custom:audio-decoder-ogg-vorbis: bf7c407c2cedff20999df2af8eb42d56 -> 
  custom:audio-encoder-webm-vorbis: bf7c407c2cedff20999df2af8eb42d56 -> 
========================================================================
Received Prepare
Caller must complete domain reload
Begin MonoManager ReloadAssembly
- Loaded All Assemblies, in  0.863 seconds
Native extension for WindowsStandalone target not found
Native extension for WebGL target not found
Mono: successfully reloaded assembly
- Finished resetting the current domain, in  1.460 seconds
Domain Reload Profiling: 2315ms
	BeginReloadAssembly (222ms)
		ExecutionOrderSort (0ms)
		DisableScriptedObjects (9ms)
		BackupInstance (0ms)
		ReleaseScriptingObjects (0ms)
		CreateAndSetChildDomain (41ms)
	RebuildCommonClasses (55ms)
	RebuildNativeTypeToScriptingClass (19ms)
	initialDomainReloadingComplete (53ms)
	LoadAllAssembliesAndSetupDomain (507ms)
		LoadAssemblies (597ms)
		RebuildTransferFunctionScriptingTraits (0ms)
		AnalyzeDomain (37ms)
			TypeCache.Refresh (15ms)
				TypeCache.ScanAssembly (1ms)
			ScanForSourceGeneratedMonoScriptInfo (11ms)
			ResolveRequiredComponents (9ms)
	FinalizeReload (1460ms)
		ReleaseScriptCaches (0ms)
		RebuildScriptCaches (0ms)
		SetupLoadedEditorAssemblies (629ms)
			LogAssemblyErrors (0ms)
			InitializePlatformSupportModulesInManaged (15ms)
			SetLoadedEditorAssemblies (6ms)
			RefreshPlugins (0ms)
			BeforeProcessingInitializeOnLoad (108ms)
			ProcessInitializeOnLoadAttributes (444ms)
			ProcessInitializeOnLoadMethodAttributes (44ms)
			AfterProcessingInitializeOnLoad (12ms)
			EditorAssembliesLoaded (0ms)
		ExecutionOrderSort2 (0ms)
		AwakeInstancesAfterBackupRestoration (6ms)
Refreshing native plugins compatible for Editor in 5.44 ms, found 3 plugins.
Preloading 0 native plugins for Editor in 0.00 ms.
Unloading 3653 Unused Serialized files (Serialized files now loaded: 0)
Unloading 19 unused Assets / (31.1 KB). Loaded Objects now: 4183.
Memory consumption went from 138.5 MB to 138.5 MB.
Total: 3.205200 ms (FindLiveObjects: 0.266900 ms CreateObjectMapping: 0.207100 ms MarkObjects: 2.675900 ms  DeleteObjects: 0.054500 ms)

Prepare: number of updated asset objects reloaded= 0
AssetImportParameters requested are different than current active one (requested -> active):
  custom:container-demuxer-ogg: 62fdf1f143b41e24485cea50d1cbac27 -> 
  custom:video-codec-MediaFoundation-h265: 746d11721c4dcdbdad8f713fa42b33f4 -> 
  custom:video-decoder-ogg-theora: a1e56fd34408186e4bbccfd4996cb3dc -> 
  custom:framework-win-MediaFoundation: 216162199b28c13a410421893ffa2e32 -> 
  custom:CustomObjectIndexerAttribute: 9a22284fe3817be447336de3de66b15e -> 
  custom:container-demuxer-webm: 4f35f7cbe854078d1ac9338744f61a02 -> 
  custom:container-muxer-webm: aa71ff27fc2769a1b78a27578f13a17b -> 
  custom:video-decoder-webm-vp8: 9c59270c3fd7afecdb556c50c9e8de78 -> 
  custom:SearchIndexIgnoredProperties: e643bd26f0fe6173181afceb89e7c659 -> 
  custom:AudioImporter_EditorPlatform: d09bf68614088b80899f8185d706f6e7 -> 
  custom:video-encoder-webm-vp8: eb34c28f22e8b96e1ab97ce403110664 -> 
  custom:audio-decoder-ogg-vorbis: bf7c407c2cedff20999df2af8eb42d56 -> 
  custom:audio-encoder-webm-vorbis: bf7c407c2cedff20999df2af8eb42d56 -> 
========================================================================
Received Prepare
Caller must complete domain reload
Begin MonoManager ReloadAssembly
- Loaded All Assemblies, in  0.848 seconds
Native extension for WindowsStandalone target not found
Native extension for WebGL target not found
Mono: successfully reloaded assembly
- Finished resetting the current domain, in  1.478 seconds
Domain Reload Profiling: 2319ms
	BeginReloadAssembly (239ms)
		ExecutionOrderSort (0ms)
		DisableScriptedObjects (10ms)
		BackupInstance (0ms)
		ReleaseScriptingObjects (0ms)
		CreateAndSetChildDomain (41ms)
	RebuildCommonClasses (61ms)
	RebuildNativeTypeToScriptingClass (22ms)
	initialDomainReloadingComplete (55ms)
	LoadAllAssembliesAndSetupDomain (464ms)
		LoadAssemblies (542ms)
		RebuildTransferFunctionScriptingTraits (0ms)
		AnalyzeDomain (60ms)
			TypeCache.Refresh (23ms)
				TypeCache.ScanAssembly (3ms)
			ScanForSourceGeneratedMonoScriptInfo (19ms)
			ResolveRequiredComponents (15ms)
	FinalizeReload (1478ms)
		ReleaseScriptCaches (0ms)
		RebuildScriptCaches (0ms)
		SetupLoadedEditorAssemblies (653ms)
			LogAssemblyErrors (0ms)
			InitializePlatformSupportModulesInManaged (11ms)
			SetLoadedEditorAssemblies (4ms)
			RefreshPlugins (0ms)
			BeforeProcessingInitializeOnLoad (118ms)
			ProcessInitializeOnLoadAttributes (460ms)
			ProcessInitializeOnLoadMethodAttributes (44ms)
			AfterProcessingInitializeOnLoad (15ms)
			EditorAssembliesLoaded (0ms)
		ExecutionOrderSort2 (0ms)
		AwakeInstancesAfterBackupRestoration (9ms)
Refreshing native plugins compatible for Editor in 5.90 ms, found 3 plugins.
Preloading 0 native plugins for Editor in 0.00 ms.
Unloading 3653 Unused Serialized files (Serialized files now loaded: 0)
Unloading 19 unused Assets / (31.2 KB). Loaded Objects now: 4186.
Memory consumption went from 138.5 MB to 138.5 MB.
Total: 3.607200 ms (FindLiveObjects: 0.271400 ms CreateObjectMapping: 0.212500 ms MarkObjects: 3.082100 ms  DeleteObjects: 0.040200 ms)

Prepare: number of updated asset objects reloaded= 0
AssetImportParameters requested are different than current active one (requested -> active):
  custom:container-demuxer-ogg: 62fdf1f143b41e24485cea50d1cbac27 -> 
  custom:video-codec-MediaFoundation-h265: 746d11721c4dcdbdad8f713fa42b33f4 -> 
  custom:video-decoder-ogg-theora: a1e56fd34408186e4bbccfd4996cb3dc -> 
  custom:framework-win-MediaFoundation: 216162199b28c13a410421893ffa2e32 -> 
  custom:CustomObjectIndexerAttribute: 9a22284fe3817be447336de3de66b15e -> 
  custom:container-demuxer-webm: 4f35f7cbe854078d1ac9338744f61a02 -> 
  custom:container-muxer-webm: aa71ff27fc2769a1b78a27578f13a17b -> 
  custom:video-decoder-webm-vp8: 9c59270c3fd7afecdb556c50c9e8de78 -> 
  custom:SearchIndexIgnoredProperties: e643bd26f0fe6173181afceb89e7c659 -> 
  custom:AudioImporter_EditorPlatform: d09bf68614088b80899f8185d706f6e7 -> 
  custom:video-encoder-webm-vp8: eb34c28f22e8b96e1ab97ce403110664 -> 
  custom:audio-decoder-ogg-vorbis: bf7c407c2cedff20999df2af8eb42d56 -> 
  custom:audio-encoder-webm-vorbis: bf7c407c2cedff20999df2af8eb42d56 -> 
  custom:scripting/precompiled-assembly-types:Assembly-CSharp: a81667d6ee2745bea30b45e3fe8220b0 -> 8e4451fd7b8041e811e8b85aaf8b7e55
========================================================================
Received Prepare
Caller must complete domain reload
Begin MonoManager ReloadAssembly
- Loaded All Assemblies, in  0.705 seconds
Native extension for WindowsStandalone target not found
Native extension for WebGL target not found
Mono: successfully reloaded assembly
- Finished resetting the current domain, in  3.686 seconds
Domain Reload Profiling: 4387ms
	BeginReloadAssembly (231ms)
		ExecutionOrderSort (0ms)
		DisableScriptedObjects (8ms)
		BackupInstance (0ms)
		ReleaseScriptingObjects (0ms)
		CreateAndSetChildDomain (39ms)
	RebuildCommonClasses (57ms)
	RebuildNativeTypeToScriptingClass (23ms)
	initialDomainReloadingComplete (53ms)
	LoadAllAssembliesAndSetupDomain (335ms)
		LoadAssemblies (460ms)
		RebuildTransferFunctionScriptingTraits (0ms)
		AnalyzeDomain (18ms)
			TypeCache.Refresh (9ms)
				TypeCache.ScanAssembly (0ms)
			ScanForSourceGeneratedMonoScriptInfo (0ms)
			ResolveRequiredComponents (7ms)
	FinalizeReload (3688ms)
		ReleaseScriptCaches (0ms)
		RebuildScriptCaches (0ms)
		SetupLoadedEditorAssemblies (2100ms)
			LogAssemblyErrors (0ms)
			InitializePlatformSupportModulesInManaged (62ms)
			SetLoadedEditorAssemblies (18ms)
			RefreshPlugins (0ms)
			BeforeProcessingInitializeOnLoad (350ms)
			ProcessInitializeOnLoadAttributes (1480ms)
			ProcessInitializeOnLoadMethodAttributes (141ms)
			AfterProcessingInitializeOnLoad (47ms)
			EditorAssembliesLoaded (1ms)
		ExecutionOrderSort2 (0ms)
		AwakeInstancesAfterBackupRestoration (26ms)
Refreshing native plugins compatible for Editor in 31.45 ms, found 3 plugins.
Preloading 0 native plugins for Editor in 0.00 ms.
Unloading 3653 Unused Serialized files (Serialized files now loaded: 0)
Unloading 19 unused Assets / (31.1 KB). Loaded Objects now: 4189.
Memory consumption went from 138.5 MB to 138.5 MB.
Total: 11.563100 ms (FindLiveObjects: 1.113600 ms CreateObjectMapping: 0.956400 ms MarkObjects: 9.310300 ms  DeleteObjects: 0.178700 ms)

Prepare: number of updated asset objects reloaded= 0
AssetImportParameters requested are different than current active one (requested -> active):
  custom:container-demuxer-ogg: 62fdf1f143b41e24485cea50d1cbac27 -> 
  custom:video-codec-MediaFoundation-h265: 746d11721c4dcdbdad8f713fa42b33f4 -> 
  custom:video-decoder-ogg-theora: a1e56fd34408186e4bbccfd4996cb3dc -> 
  custom:framework-win-MediaFoundation: 216162199b28c13a410421893ffa2e32 -> 
  custom:CustomObjectIndexerAttribute: 9a22284fe3817be447336de3de66b15e -> 
  custom:container-demuxer-webm: 4f35f7cbe854078d1ac9338744f61a02 -> 
  custom:container-muxer-webm: aa71ff27fc2769a1b78a27578f13a17b -> 
  custom:video-decoder-webm-vp8: 9c59270c3fd7afecdb556c50c9e8de78 -> 
  custom:SearchIndexIgnoredProperties: e643bd26f0fe6173181afceb89e7c659 -> 
  custom:AudioImporter_EditorPlatform: d09bf68614088b80899f8185d706f6e7 -> 
  custom:video-encoder-webm-vp8: eb34c28f22e8b96e1ab97ce403110664 -> 
  custom:audio-decoder-ogg-vorbis: bf7c407c2cedff20999df2af8eb42d56 -> 
  custom:audio-encoder-webm-vorbis: bf7c407c2cedff20999df2af8eb42d56 -> 
  custom:scripting/precompiled-assembly-types:Assembly-CSharp: a81667d6ee2745bea30b45e3fe8220b0 -> 8e4451fd7b8041e811e8b85aaf8b7e55
========================================================================
Received Prepare
Caller must complete domain reload
Begin MonoManager ReloadAssembly
- Loaded All Assemblies, in  0.821 seconds
Native extension for WindowsStandalone target not found
Native extension for WebGL target not found
Mono: successfully reloaded assembly
- Finished resetting the current domain, in  1.454 seconds
Domain Reload Profiling: 2266ms
	BeginReloadAssembly (226ms)
		ExecutionOrderSort (0ms)
		DisableScriptedObjects (6ms)
		BackupInstance (0ms)
		ReleaseScriptingObjects (0ms)
		CreateAndSetChildDomain (38ms)
	RebuildCommonClasses (65ms)
	RebuildNativeTypeToScriptingClass (24ms)
	initialDomainReloadingComplete (59ms)
	LoadAllAssembliesAndSetupDomain (438ms)
		LoadAssemblies (537ms)
		RebuildTransferFunctionScriptingTraits (0ms)
		AnalyzeDomain (38ms)
			TypeCache.Refresh (12ms)
				TypeCache.ScanAssembly (1ms)
			ScanForSourceGeneratedMonoScriptInfo (14ms)
			ResolveRequiredComponents (10ms)
	FinalizeReload (1454ms)
		ReleaseScriptCaches (0ms)
		RebuildScriptCaches (0ms)
		SetupLoadedEditorAssemblies (637ms)
			LogAssemblyErrors (0ms)
			InitializePlatformSupportModulesInManaged (11ms)
			SetLoadedEditorAssemblies (4ms)
			RefreshPlugins (0ms)
			BeforeProcessingInitializeOnLoad (111ms)
			ProcessInitializeOnLoadAttributes (451ms)
			ProcessInitializeOnLoadMethodAttributes (45ms)
			AfterProcessingInitializeOnLoad (15ms)
			EditorAssembliesLoaded (0ms)
		ExecutionOrderSort2 (0ms)
		AwakeInstancesAfterBackupRestoration (7ms)
Refreshing native plugins compatible for Editor in 15.81 ms, found 3 plugins.
Preloading 0 native plugins for Editor in 0.00 ms.
Unloading 3653 Unused Serialized files (Serialized files now loaded: 0)
Unloading 19 unused Assets / (31.1 KB). Loaded Objects now: 4192.
Memory consumption went from 138.5 MB to 138.5 MB.
Total: 3.247900 ms (FindLiveObjects: 0.381000 ms CreateObjectMapping: 0.312100 ms MarkObjects: 2.509300 ms  DeleteObjects: 0.044500 ms)

Prepare: number of updated asset objects reloaded= 0
AssetImportParameters requested are different than current active one (requested -> active):
  custom:container-demuxer-ogg: 62fdf1f143b41e24485cea50d1cbac27 -> 
  custom:video-codec-MediaFoundation-h265: 746d11721c4dcdbdad8f713fa42b33f4 -> 
  custom:video-decoder-ogg-theora: a1e56fd34408186e4bbccfd4996cb3dc -> 
  custom:framework-win-MediaFoundation: 216162199b28c13a410421893ffa2e32 -> 
  custom:CustomObjectIndexerAttribute: 9a22284fe3817be447336de3de66b15e -> 
  custom:container-demuxer-webm: 4f35f7cbe854078d1ac9338744f61a02 -> 
  custom:container-muxer-webm: aa71ff27fc2769a1b78a27578f13a17b -> 
  custom:video-decoder-webm-vp8: 9c59270c3fd7afecdb556c50c9e8de78 -> 
  custom:SearchIndexIgnoredProperties: e643bd26f0fe6173181afceb89e7c659 -> 
  custom:AudioImporter_EditorPlatform: d09bf68614088b80899f8185d706f6e7 -> 
  custom:video-encoder-webm-vp8: eb34c28f22e8b96e1ab97ce403110664 -> 
  custom:audio-decoder-ogg-vorbis: bf7c407c2cedff20999df2af8eb42d56 -> 
  custom:audio-encoder-webm-vorbis: bf7c407c2cedff20999df2af8eb42d56 -> 
  custom:scripting/precompiled-assembly-types:Assembly-CSharp: a81667d6ee2745bea30b45e3fe8220b0 -> 8e4451fd7b8041e811e8b85aaf8b7e55
========================================================================
Received Prepare
Caller must complete domain reload
Begin MonoManager ReloadAssembly
- Loaded All Assemblies, in  0.713 seconds
Native extension for WindowsStandalone target not found
Native extension for WebGL target not found
Mono: successfully reloaded assembly
- Finished resetting the current domain, in  2.417 seconds
Domain Reload Profiling: 3126ms
	BeginReloadAssembly (219ms)
		ExecutionOrderSort (0ms)
		DisableScriptedObjects (5ms)
		BackupInstance (0ms)
		ReleaseScriptingObjects (0ms)
		CreateAndSetChildDomain (40ms)
	RebuildCommonClasses (67ms)
	RebuildNativeTypeToScriptingClass (21ms)
	initialDomainReloadingComplete (57ms)
	LoadAllAssembliesAndSetupDomain (341ms)
		LoadAssemblies (453ms)
		RebuildTransferFunctionScriptingTraits (0ms)
		AnalyzeDomain (19ms)
			TypeCache.Refresh (8ms)
				TypeCache.ScanAssembly (0ms)
			ScanForSourceGeneratedMonoScriptInfo (0ms)
			ResolveRequiredComponents (9ms)
	FinalizeReload (2420ms)
		ReleaseScriptCaches (0ms)
		RebuildScriptCaches (0ms)
		SetupLoadedEditorAssemblies (1422ms)
			LogAssemblyErrors (0ms)
			InitializePlatformSupportModulesInManaged (28ms)
			SetLoadedEditorAssemblies (5ms)
			RefreshPlugins (0ms)
			BeforeProcessingInitializeOnLoad (241ms)
			ProcessInitializeOnLoadAttributes (1001ms)
			ProcessInitializeOnLoadMethodAttributes (109ms)
			AfterProcessingInitializeOnLoad (38ms)
			EditorAssembliesLoaded (1ms)
		ExecutionOrderSort2 (0ms)
		AwakeInstancesAfterBackupRestoration (21ms)
Refreshing native plugins compatible for Editor in 20.62 ms, found 3 plugins.
Preloading 0 native plugins for Editor in 0.00 ms.
Unloading 3653 Unused Serialized files (Serialized files now loaded: 0)
Unloading 19 unused Assets / (31.1 KB). Loaded Objects now: 4195.
Memory consumption went from 138.5 MB to 138.5 MB.
Total: 7.101700 ms (FindLiveObjects: 1.102700 ms CreateObjectMapping: 1.508200 ms MarkObjects: 4.383600 ms  DeleteObjects: 0.104900 ms)

Prepare: number of updated asset objects reloaded= 0
AssetImportParameters requested are different than current active one (requested -> active):
  custom:container-demuxer-ogg: 62fdf1f143b41e24485cea50d1cbac27 -> 
  custom:video-codec-MediaFoundation-h265: 746d11721c4dcdbdad8f713fa42b33f4 -> 
  custom:video-decoder-ogg-theora: a1e56fd34408186e4bbccfd4996cb3dc -> 
  custom:framework-win-MediaFoundation: 216162199b28c13a410421893ffa2e32 -> 
  custom:CustomObjectIndexerAttribute: 9a22284fe3817be447336de3de66b15e -> 
  custom:container-demuxer-webm: 4f35f7cbe854078d1ac9338744f61a02 -> 
  custom:container-muxer-webm: aa71ff27fc2769a1b78a27578f13a17b -> 
  custom:video-decoder-webm-vp8: 9c59270c3fd7afecdb556c50c9e8de78 -> 
  custom:SearchIndexIgnoredProperties: e643bd26f0fe6173181afceb89e7c659 -> 
  custom:AudioImporter_EditorPlatform: d09bf68614088b80899f8185d706f6e7 -> 
  custom:video-encoder-webm-vp8: eb34c28f22e8b96e1ab97ce403110664 -> 
  custom:audio-decoder-ogg-vorbis: bf7c407c2cedff20999df2af8eb42d56 -> 
  custom:audio-encoder-webm-vorbis: bf7c407c2cedff20999df2af8eb42d56 -> 
  custom:scripting/precompiled-assembly-types:Assembly-CSharp: a81667d6ee2745bea30b45e3fe8220b0 -> 8e4451fd7b8041e811e8b85aaf8b7e55
========================================================================
Received Prepare
Caller must complete domain reload
Begin MonoManager ReloadAssembly
- Loaded All Assemblies, in  1.053 seconds
Native extension for WindowsStandalone target not found
Native extension for WebGL target not found
Mono: successfully reloaded assembly
- Finished resetting the current domain, in  1.703 seconds
Domain Reload Profiling: 2749ms
	BeginReloadAssembly (259ms)
		ExecutionOrderSort (0ms)
		DisableScriptedObjects (7ms)
		BackupInstance (0ms)
		ReleaseScriptingObjects (0ms)
		CreateAndSetChildDomain (47ms)
	RebuildCommonClasses (77ms)
	RebuildNativeTypeToScriptingClass (27ms)
	initialDomainReloadingComplete (70ms)
	LoadAllAssembliesAndSetupDomain (613ms)
		LoadAssemblies (721ms)
		RebuildTransferFunctionScriptingTraits (0ms)
		AnalyzeDomain (48ms)
			TypeCache.Refresh (19ms)
				TypeCache.ScanAssembly (2ms)
			ScanForSourceGeneratedMonoScriptInfo (13ms)
			ResolveRequiredComponents (14ms)
	FinalizeReload (1704ms)
		ReleaseScriptCaches (0ms)
		RebuildScriptCaches (0ms)
		SetupLoadedEditorAssemblies (697ms)
			LogAssemblyErrors (0ms)
			InitializePlatformSupportModulesInManaged (16ms)
			SetLoadedEditorAssemblies (6ms)
			RefreshPlugins (0ms)
			BeforeProcessingInitializeOnLoad (130ms)
			ProcessInitializeOnLoadAttributes (486ms)
			ProcessInitializeOnLoadMethodAttributes (45ms)
			AfterProcessingInitializeOnLoad (15ms)
			EditorAssembliesLoaded (0ms)
		ExecutionOrderSort2 (0ms)
		AwakeInstancesAfterBackupRestoration (9ms)
Refreshing native plugins compatible for Editor in 7.11 ms, found 3 plugins.
Preloading 0 native plugins for Editor in 0.00 ms.
Unloading 3653 Unused Serialized files (Serialized files now loaded: 0)
Unloading 19 unused Assets / (31.1 KB). Loaded Objects now: 4198.
Memory consumption went from 138.5 MB to 138.5 MB.
Total: 4.302300 ms (FindLiveObjects: 0.385900 ms CreateObjectMapping: 0.323900 ms MarkObjects: 3.541200 ms  DeleteObjects: 0.049800 ms)

Prepare: number of updated asset objects reloaded= 0
AssetImportParameters requested are different than current active one (requested -> active):
  custom:container-demuxer-ogg: 62fdf1f143b41e24485cea50d1cbac27 -> 
  custom:video-codec-MediaFoundation-h265: 746d11721c4dcdbdad8f713fa42b33f4 -> 
  custom:video-decoder-ogg-theora: a1e56fd34408186e4bbccfd4996cb3dc -> 
  custom:framework-win-MediaFoundation: 216162199b28c13a410421893ffa2e32 -> 
  custom:CustomObjectIndexerAttribute: 9a22284fe3817be447336de3de66b15e -> 
  custom:container-demuxer-webm: 4f35f7cbe854078d1ac9338744f61a02 -> 
  custom:container-muxer-webm: aa71ff27fc2769a1b78a27578f13a17b -> 
  custom:video-decoder-webm-vp8: 9c59270c3fd7afecdb556c50c9e8de78 -> 
  custom:SearchIndexIgnoredProperties: e643bd26f0fe6173181afceb89e7c659 -> 
  custom:AudioImporter_EditorPlatform: d09bf68614088b80899f8185d706f6e7 -> 
  custom:video-encoder-webm-vp8: eb34c28f22e8b96e1ab97ce403110664 -> 
  custom:audio-decoder-ogg-vorbis: bf7c407c2cedff20999df2af8eb42d56 -> 
  custom:audio-encoder-webm-vorbis: bf7c407c2cedff20999df2af8eb42d56 -> 
  custom:scripting/precompiled-assembly-types:Assembly-CSharp: a81667d6ee2745bea30b45e3fe8220b0 -> 8e4451fd7b8041e811e8b85aaf8b7e55
========================================================================
Received Prepare
Caller must complete domain reload
Begin MonoManager ReloadAssembly
- Loaded All Assemblies, in  0.691 seconds
Native extension for WindowsStandalone target not found
Native extension for WebGL target not found
Mono: successfully reloaded assembly
- Finished resetting the current domain, in  2.393 seconds
Domain Reload Profiling: 3080ms
	BeginReloadAssembly (213ms)
		ExecutionOrderSort (0ms)
		DisableScriptedObjects (7ms)
		BackupInstance (0ms)
		ReleaseScriptingObjects (0ms)
		CreateAndSetChildDomain (38ms)
	RebuildCommonClasses (60ms)
	RebuildNativeTypeToScriptingClass (21ms)
	initialDomainReloadingComplete (53ms)
	LoadAllAssembliesAndSetupDomain (339ms)
		LoadAssemblies (446ms)
		RebuildTransferFunctionScriptingTraits (0ms)
		AnalyzeDomain (20ms)
			TypeCache.Refresh (9ms)
				TypeCache.ScanAssembly (0ms)
			ScanForSourceGeneratedMonoScriptInfo (0ms)
			ResolveRequiredComponents (9ms)
	FinalizeReload (2394ms)
		ReleaseScriptCaches (0ms)
		RebuildScriptCaches (0ms)
		SetupLoadedEditorAssemblies (1494ms)
			LogAssemblyErrors (0ms)
			InitializePlatformSupportModulesInManaged (35ms)
			SetLoadedEditorAssemblies (11ms)
			RefreshPlugins (0ms)
			BeforeProcessingInitializeOnLoad (242ms)
			ProcessInitializeOnLoadAttributes (1055ms)
			ProcessInitializeOnLoadMethodAttributes (114ms)
			AfterProcessingInitializeOnLoad (35ms)
			EditorAssembliesLoaded (1ms)
		ExecutionOrderSort2 (0ms)
		AwakeInstancesAfterBackupRestoration (21ms)
Refreshing native plugins compatible for Editor in 18.40 ms, found 3 plugins.
Preloading 0 native plugins for Editor in 0.00 ms.
Unloading 3653 Unused Serialized files (Serialized files now loaded: 0)
Unloading 19 unused Assets / (31.2 KB). Loaded Objects now: 4201.
Memory consumption went from 138.5 MB to 138.5 MB.
Total: 7.869500 ms (FindLiveObjects: 0.446700 ms CreateObjectMapping: 0.427700 ms MarkObjects: 6.907300 ms  DeleteObjects: 0.086300 ms)

Prepare: number of updated asset objects reloaded= 0
AssetImportParameters requested are different than current active one (requested -> active):
  custom:container-demuxer-ogg: 62fdf1f143b41e24485cea50d1cbac27 -> 
  custom:video-codec-MediaFoundation-h265: 746d11721c4dcdbdad8f713fa42b33f4 -> 
  custom:video-decoder-ogg-theora: a1e56fd34408186e4bbccfd4996cb3dc -> 
  custom:framework-win-MediaFoundation: 216162199b28c13a410421893ffa2e32 -> 
  custom:CustomObjectIndexerAttribute: 9a22284fe3817be447336de3de66b15e -> 
  custom:container-demuxer-webm: 4f35f7cbe854078d1ac9338744f61a02 -> 
  custom:container-muxer-webm: aa71ff27fc2769a1b78a27578f13a17b -> 
  custom:video-decoder-webm-vp8: 9c59270c3fd7afecdb556c50c9e8de78 -> 
  custom:SearchIndexIgnoredProperties: e643bd26f0fe6173181afceb89e7c659 -> 
  custom:AudioImporter_EditorPlatform: d09bf68614088b80899f8185d706f6e7 -> 
  custom:video-encoder-webm-vp8: eb34c28f22e8b96e1ab97ce403110664 -> 
  custom:audio-decoder-ogg-vorbis: bf7c407c2cedff20999df2af8eb42d56 -> 
  custom:audio-encoder-webm-vorbis: bf7c407c2cedff20999df2af8eb42d56 -> 
  custom:scripting/precompiled-assembly-types:Assembly-CSharp: a81667d6ee2745bea30b45e3fe8220b0 -> 8e4451fd7b8041e811e8b85aaf8b7e55
========================================================================
Received Prepare
Caller must complete domain reload
Begin MonoManager ReloadAssembly
- Loaded All Assemblies, in  1.247 seconds
Native extension for WindowsStandalone target not found
Native extension for WebGL target not found
Mono: successfully reloaded assembly
- Finished resetting the current domain, in  2.365 seconds
Domain Reload Profiling: 3599ms
	BeginReloadAssembly (395ms)
		ExecutionOrderSort (0ms)
		DisableScriptedObjects (11ms)
		BackupInstance (0ms)
		ReleaseScriptingObjects (0ms)
		CreateAndSetChildDomain (47ms)
	RebuildCommonClasses (99ms)
	RebuildNativeTypeToScriptingClass (47ms)
	initialDomainReloadingComplete (104ms)
	LoadAllAssembliesAndSetupDomain (588ms)
		LoadAssemblies (827ms)
		RebuildTransferFunctionScriptingTraits (0ms)
		AnalyzeDomain (43ms)
			TypeCache.Refresh (16ms)
				TypeCache.ScanAssembly (1ms)
			ScanForSourceGeneratedMonoScriptInfo (15ms)
			ResolveRequiredComponents (9ms)
	FinalizeReload (2366ms)
		ReleaseScriptCaches (0ms)
		RebuildScriptCaches (0ms)
		SetupLoadedEditorAssemblies (1221ms)
			LogAssemblyErrors (0ms)
			InitializePlatformSupportModulesInManaged (23ms)
			SetLoadedEditorAssemblies (9ms)
			RefreshPlugins (0ms)
			BeforeProcessingInitializeOnLoad (167ms)
			ProcessInitializeOnLoadAttributes (895ms)
			ProcessInitializeOnLoadMethodAttributes (98ms)
			AfterProcessingInitializeOnLoad (30ms)
			EditorAssembliesLoaded (0ms)
		ExecutionOrderSort2 (0ms)
		AwakeInstancesAfterBackupRestoration (16ms)
Script is not up to date after domain reload: guid(f431f8ede839d244aaef8d04725b4eaf) path("Assets/Scripts/ItemSlot.cs") state(2)
Refreshing native plugins compatible for Editor in 10.47 ms, found 3 plugins.
Preloading 0 native plugins for Editor in 0.00 ms.
Unloading 3652 Unused Serialized files (Serialized files now loaded: 0)
Unloading 19 unused Assets / (31.2 KB). Loaded Objects now: 4203.
Memory consumption went from 138.5 MB to 138.5 MB.
Total: 4.570100 ms (FindLiveObjects: 0.379100 ms CreateObjectMapping: 0.325500 ms MarkObjects: 3.808500 ms  DeleteObjects: 0.055900 ms)

Prepare: number of updated asset objects reloaded= 0
AssetImportParameters requested are different than current active one (requested -> active):
  custom:container-demuxer-ogg: 62fdf1f143b41e24485cea50d1cbac27 -> 
  custom:video-codec-MediaFoundation-h265: 746d11721c4dcdbdad8f713fa42b33f4 -> 
  custom:video-decoder-ogg-theora: a1e56fd34408186e4bbccfd4996cb3dc -> 
  custom:framework-win-MediaFoundation: 216162199b28c13a410421893ffa2e32 -> 
  custom:CustomObjectIndexerAttribute: 9a22284fe3817be447336de3de66b15e -> 
  custom:container-demuxer-webm: 4f35f7cbe854078d1ac9338744f61a02 -> 
  custom:container-muxer-webm: aa71ff27fc2769a1b78a27578f13a17b -> 
  custom:video-decoder-webm-vp8: 9c59270c3fd7afecdb556c50c9e8de78 -> 
  custom:SearchIndexIgnoredProperties: e643bd26f0fe6173181afceb89e7c659 -> 
  custom:AudioImporter_EditorPlatform: d09bf68614088b80899f8185d706f6e7 -> 
  custom:video-encoder-webm-vp8: eb34c28f22e8b96e1ab97ce403110664 -> 
  custom:audio-decoder-ogg-vorbis: bf7c407c2cedff20999df2af8eb42d56 -> 
  custom:audio-encoder-webm-vorbis: bf7c407c2cedff20999df2af8eb42d56 -> 
  custom:scripting/precompiled-assembly-types:Assembly-CSharp: a81667d6ee2745bea30b45e3fe8220b0 -> 8e4451fd7b8041e811e8b85aaf8b7e55
========================================================================
Received Prepare
Caller must complete domain reload
Begin MonoManager ReloadAssembly
- Loaded All Assemblies, in  1.190 seconds
Native extension for WindowsStandalone target not found
Native extension for WebGL target not found
Mono: successfully reloaded assembly
- Finished resetting the current domain, in  3.220 seconds
Domain Reload Profiling: 4399ms
	BeginReloadAssembly (333ms)
		ExecutionOrderSort (0ms)
		DisableScriptedObjects (9ms)
		BackupInstance (0ms)
		ReleaseScriptingObjects (0ms)
		CreateAndSetChildDomain (56ms)
	RebuildCommonClasses (92ms)
	RebuildNativeTypeToScriptingClass (29ms)
	initialDomainReloadingComplete (80ms)
	LoadAllAssembliesAndSetupDomain (643ms)
		LoadAssemblies (764ms)
		RebuildTransferFunctionScriptingTraits (0ms)
		AnalyzeDomain (83ms)
			TypeCache.Refresh (30ms)
				TypeCache.ScanAssembly (3ms)
			ScanForSourceGeneratedMonoScriptInfo (26ms)
			ResolveRequiredComponents (23ms)
	FinalizeReload (3221ms)
		ReleaseScriptCaches (0ms)
		RebuildScriptCaches (0ms)
		SetupLoadedEditorAssemblies (1122ms)
			LogAssemblyErrors (0ms)
			InitializePlatformSupportModulesInManaged (34ms)
			SetLoadedEditorAssemblies (11ms)
			RefreshPlugins (0ms)
			BeforeProcessingInitializeOnLoad (236ms)
			ProcessInitializeOnLoadAttributes (748ms)
			ProcessInitializeOnLoadMethodAttributes (67ms)
			AfterProcessingInitializeOnLoad (26ms)
			EditorAssembliesLoaded (1ms)
		ExecutionOrderSort2 (0ms)
		AwakeInstancesAfterBackupRestoration (17ms)
Refreshing native plugins compatible for Editor in 10.01 ms, found 3 plugins.
Preloading 0 native plugins for Editor in 0.00 ms.
Unloading 3653 Unused Serialized files (Serialized files now loaded: 0)
Unloading 19 unused Assets / (31.1 KB). Loaded Objects now: 4207.
Memory consumption went from 138.5 MB to 138.5 MB.
Total: 5.415300 ms (FindLiveObjects: 0.358200 ms CreateObjectMapping: 0.304900 ms MarkObjects: 4.685600 ms  DeleteObjects: 0.065300 ms)

Prepare: number of updated asset objects reloaded= 0
AssetImportParameters requested are different than current active one (requested -> active):
  custom:container-demuxer-ogg: 62fdf1f143b41e24485cea50d1cbac27 -> 
  custom:video-codec-MediaFoundation-h265: 746d11721c4dcdbdad8f713fa42b33f4 -> 
  custom:video-decoder-ogg-theora: a1e56fd34408186e4bbccfd4996cb3dc -> 
  custom:framework-win-MediaFoundation: 216162199b28c13a410421893ffa2e32 -> 
  custom:CustomObjectIndexerAttribute: 9a22284fe3817be447336de3de66b15e -> 
  custom:container-demuxer-webm: 4f35f7cbe854078d1ac9338744f61a02 -> 
  custom:container-muxer-webm: aa71ff27fc2769a1b78a27578f13a17b -> 
  custom:video-decoder-webm-vp8: 9c59270c3fd7afecdb556c50c9e8de78 -> 
  custom:SearchIndexIgnoredProperties: e643bd26f0fe6173181afceb89e7c659 -> 
  custom:AudioImporter_EditorPlatform: d09bf68614088b80899f8185d706f6e7 -> 
  custom:video-encoder-webm-vp8: eb34c28f22e8b96e1ab97ce403110664 -> 
  custom:audio-decoder-ogg-vorbis: bf7c407c2cedff20999df2af8eb42d56 -> 
  custom:audio-encoder-webm-vorbis: bf7c407c2cedff20999df2af8eb42d56 -> 
  custom:scripting/precompiled-assembly-types:Assembly-CSharp: a81667d6ee2745bea30b45e3fe8220b0 -> 8e4451fd7b8041e811e8b85aaf8b7e55
========================================================================
Received Prepare
Caller must complete domain reload
Begin MonoManager ReloadAssembly
- Loaded All Assemblies, in  0.903 seconds
Native extension for WindowsStandalone target not found
Native extension for WebGL target not found
Mono: successfully reloaded assembly
- Finished resetting the current domain, in  3.592 seconds
Domain Reload Profiling: 4487ms
	BeginReloadAssembly (281ms)
		ExecutionOrderSort (0ms)
		DisableScriptedObjects (8ms)
		BackupInstance (0ms)
		ReleaseScriptingObjects (0ms)
		CreateAndSetChildDomain (51ms)
	RebuildCommonClasses (77ms)
	RebuildNativeTypeToScriptingClass (27ms)
	initialDomainReloadingComplete (66ms)
	LoadAllAssembliesAndSetupDomain (444ms)
		LoadAssemblies (584ms)
		RebuildTransferFunctionScriptingTraits (0ms)
		AnalyzeDomain (26ms)
			TypeCache.Refresh (11ms)
				TypeCache.ScanAssembly (0ms)
			ScanForSourceGeneratedMonoScriptInfo (0ms)
			ResolveRequiredComponents (12ms)
	FinalizeReload (3593ms)
		ReleaseScriptCaches (0ms)
		RebuildScriptCaches (0ms)
		SetupLoadedEditorAssemblies (2039ms)
			LogAssemblyErrors (0ms)
			InitializePlatformSupportModulesInManaged (40ms)
			SetLoadedEditorAssemblies (12ms)
			RefreshPlugins (0ms)
			BeforeProcessingInitializeOnLoad (319ms)
			ProcessInitializeOnLoadAttributes (1475ms)
			ProcessInitializeOnLoadMethodAttributes (149ms)
			AfterProcessingInitializeOnLoad (44ms)
			EditorAssembliesLoaded (1ms)
		ExecutionOrderSort2 (0ms)
		AwakeInstancesAfterBackupRestoration (27ms)
Refreshing native plugins compatible for Editor in 26.83 ms, found 3 plugins.
Preloading 0 native plugins for Editor in 0.00 ms.
Unloading 3653 Unused Serialized files (Serialized files now loaded: 0)
Unloading 19 unused Assets / (31.1 KB). Loaded Objects now: 4210.
Memory consumption went from 138.5 MB to 138.5 MB.
Total: 12.711500 ms (FindLiveObjects: 1.299200 ms CreateObjectMapping: 1.942700 ms MarkObjects: 9.356800 ms  DeleteObjects: 0.108800 ms)

Prepare: number of updated asset objects reloaded= 0
AssetImportParameters requested are different than current active one (requested -> active):
  custom:container-demuxer-ogg: 62fdf1f143b41e24485cea50d1cbac27 -> 
  custom:video-codec-MediaFoundation-h265: 746d11721c4dcdbdad8f713fa42b33f4 -> 
  custom:video-decoder-ogg-theora: a1e56fd34408186e4bbccfd4996cb3dc -> 
  custom:framework-win-MediaFoundation: 216162199b28c13a410421893ffa2e32 -> 
  custom:CustomObjectIndexerAttribute: 9a22284fe3817be447336de3de66b15e -> 
  custom:container-demuxer-webm: 4f35f7cbe854078d1ac9338744f61a02 -> 
  custom:container-muxer-webm: aa71ff27fc2769a1b78a27578f13a17b -> 
  custom:video-decoder-webm-vp8: 9c59270c3fd7afecdb556c50c9e8de78 -> 
  custom:SearchIndexIgnoredProperties: e643bd26f0fe6173181afceb89e7c659 -> 
  custom:AudioImporter_EditorPlatform: d09bf68614088b80899f8185d706f6e7 -> 
  custom:video-encoder-webm-vp8: eb34c28f22e8b96e1ab97ce403110664 -> 
  custom:audio-decoder-ogg-vorbis: bf7c407c2cedff20999df2af8eb42d56 -> 
  custom:audio-encoder-webm-vorbis: bf7c407c2cedff20999df2af8eb42d56 -> 
  custom:scripting/precompiled-assembly-types:Assembly-CSharp: a81667d6ee2745bea30b45e3fe8220b0 -> 8e4451fd7b8041e811e8b85aaf8b7e55
========================================================================
Received Prepare
Caller must complete domain reload
Begin MonoManager ReloadAssembly
- Loaded All Assemblies, in  1.143 seconds
Native extension for WindowsStandalone target not found
Native extension for WebGL target not found
Mono: successfully reloaded assembly
- Finished resetting the current domain, in  2.248 seconds
Domain Reload Profiling: 3383ms
	BeginReloadAssembly (312ms)
		ExecutionOrderSort (0ms)
		DisableScriptedObjects (11ms)
		BackupInstance (0ms)
		ReleaseScriptingObjects (0ms)
		CreateAndSetChildDomain (53ms)
	RebuildCommonClasses (88ms)
	RebuildNativeTypeToScriptingClass (31ms)
	initialDomainReloadingComplete (76ms)
	LoadAllAssembliesAndSetupDomain (627ms)
		LoadAssemblies (734ms)
		RebuildTransferFunctionScriptingTraits (0ms)
		AnalyzeDomain (81ms)
			TypeCache.Refresh (27ms)
				TypeCache.ScanAssembly (3ms)
			ScanForSourceGeneratedMonoScriptInfo (35ms)
			ResolveRequiredComponents (13ms)
	FinalizeReload (2249ms)
		ReleaseScriptCaches (0ms)
		RebuildScriptCaches (0ms)
		SetupLoadedEditorAssemblies (973ms)
			LogAssemblyErrors (0ms)
			InitializePlatformSupportModulesInManaged (18ms)
			SetLoadedEditorAssemblies (8ms)
			RefreshPlugins (0ms)
			BeforeProcessingInitializeOnLoad (186ms)
			ProcessInitializeOnLoadAttributes (676ms)
			ProcessInitializeOnLoadMethodAttributes (65ms)
			AfterProcessingInitializeOnLoad (20ms)
			EditorAssembliesLoaded (0ms)
		ExecutionOrderSort2 (0ms)
		AwakeInstancesAfterBackupRestoration (12ms)
Refreshing native plugins compatible for Editor in 9.88 ms, found 3 plugins.
Preloading 0 native plugins for Editor in 0.00 ms.
Unloading 3653 Unused Serialized files (Serialized files now loaded: 0)
Unloading 19 unused Assets / (31.1 KB). Loaded Objects now: 4213.
Memory consumption went from 138.5 MB to 138.5 MB.
Total: 3.998600 ms (FindLiveObjects: 0.451900 ms CreateObjectMapping: 0.360200 ms MarkObjects: 3.133200 ms  DeleteObjects: 0.052200 ms)

Prepare: number of updated asset objects reloaded= 0
AssetImportParameters requested are different than current active one (requested -> active):
  custom:container-demuxer-ogg: 62fdf1f143b41e24485cea50d1cbac27 -> 
  custom:video-codec-MediaFoundation-h265: 746d11721c4dcdbdad8f713fa42b33f4 -> 
  custom:video-decoder-ogg-theora: a1e56fd34408186e4bbccfd4996cb3dc -> 
  custom:framework-win-MediaFoundation: 216162199b28c13a410421893ffa2e32 -> 
  custom:CustomObjectIndexerAttribute: 9a22284fe3817be447336de3de66b15e -> 
  custom:container-demuxer-webm: 4f35f7cbe854078d1ac9338744f61a02 -> 
  custom:container-muxer-webm: aa71ff27fc2769a1b78a27578f13a17b -> 
  custom:video-decoder-webm-vp8: 9c59270c3fd7afecdb556c50c9e8de78 -> 
  custom:SearchIndexIgnoredProperties: e643bd26f0fe6173181afceb89e7c659 -> 
  custom:AudioImporter_EditorPlatform: d09bf68614088b80899f8185d706f6e7 -> 
  custom:video-encoder-webm-vp8: eb34c28f22e8b96e1ab97ce403110664 -> 
  custom:audio-decoder-ogg-vorbis: bf7c407c2cedff20999df2af8eb42d56 -> 
  custom:audio-encoder-webm-vorbis: bf7c407c2cedff20999df2af8eb42d56 -> 
  custom:scripting/precompiled-assembly-types:Assembly-CSharp: a81667d6ee2745bea30b45e3fe8220b0 -> 8e4451fd7b8041e811e8b85aaf8b7e55
========================================================================
Received Prepare
Caller must complete domain reload
Begin MonoManager ReloadAssembly
- Loaded All Assemblies, in  0.818 seconds
Native extension for WindowsStandalone target not found
Native extension for WebGL target not found
Mono: successfully reloaded assembly
- Finished resetting the current domain, in  3.474 seconds
Domain Reload Profiling: 4286ms
	BeginReloadAssembly (257ms)
		ExecutionOrderSort (0ms)
		DisableScriptedObjects (10ms)
		BackupInstance (0ms)
		ReleaseScriptingObjects (0ms)
		CreateAndSetChildDomain (46ms)
	RebuildCommonClasses (77ms)
	RebuildNativeTypeToScriptingClass (27ms)
	initialDomainReloadingComplete (56ms)
	LoadAllAssembliesAndSetupDomain (393ms)
		LoadAssemblies (521ms)
		RebuildTransferFunctionScriptingTraits (0ms)
		AnalyzeDomain (24ms)
			TypeCache.Refresh (10ms)
				TypeCache.ScanAssembly (0ms)
			ScanForSourceGeneratedMonoScriptInfo (0ms)
			ResolveRequiredComponents (12ms)
	FinalizeReload (3476ms)
		ReleaseScriptCaches (0ms)
		RebuildScriptCaches (0ms)
		SetupLoadedEditorAssemblies (2088ms)
			LogAssemblyErrors (0ms)
			InitializePlatformSupportModulesInManaged (41ms)
			SetLoadedEditorAssemblies (11ms)
			RefreshPlugins (0ms)
			BeforeProcessingInitializeOnLoad (354ms)
			ProcessInitializeOnLoadAttributes (1480ms)
			ProcessInitializeOnLoadMethodAttributes (152ms)
			AfterProcessingInitializeOnLoad (49ms)
			EditorAssembliesLoaded (0ms)
		ExecutionOrderSort2 (0ms)
		AwakeInstancesAfterBackupRestoration (24ms)
Refreshing native plugins compatible for Editor in 23.88 ms, found 3 plugins.
Preloading 0 native plugins for Editor in 0.00 ms.
Unloading 3653 Unused Serialized files (Serialized files now loaded: 0)
Unloading 19 unused Assets / (31.1 KB). Loaded Objects now: 4216.
Memory consumption went from 138.5 MB to 138.5 MB.
Total: 10.489100 ms (FindLiveObjects: 0.619800 ms CreateObjectMapping: 1.284300 ms MarkObjects: 8.363900 ms  DeleteObjects: 0.218100 ms)

Prepare: number of updated asset objects reloaded= 0
AssetImportParameters requested are different than current active one (requested -> active):
  custom:container-demuxer-ogg: 62fdf1f143b41e24485cea50d1cbac27 -> 
  custom:video-codec-MediaFoundation-h265: 746d11721c4dcdbdad8f713fa42b33f4 -> 
  custom:video-decoder-ogg-theora: a1e56fd34408186e4bbccfd4996cb3dc -> 
  custom:framework-win-MediaFoundation: 216162199b28c13a410421893ffa2e32 -> 
  custom:CustomObjectIndexerAttribute: 9a22284fe3817be447336de3de66b15e -> 
  custom:container-demuxer-webm: 4f35f7cbe854078d1ac9338744f61a02 -> 
  custom:container-muxer-webm: aa71ff27fc2769a1b78a27578f13a17b -> 
  custom:video-decoder-webm-vp8: 9c59270c3fd7afecdb556c50c9e8de78 -> 
  custom:SearchIndexIgnoredProperties: e643bd26f0fe6173181afceb89e7c659 -> 
  custom:AudioImporter_EditorPlatform: d09bf68614088b80899f8185d706f6e7 -> 
  custom:video-encoder-webm-vp8: eb34c28f22e8b96e1ab97ce403110664 -> 
  custom:audio-decoder-ogg-vorbis: bf7c407c2cedff20999df2af8eb42d56 -> 
  custom:audio-encoder-webm-vorbis: bf7c407c2cedff20999df2af8eb42d56 -> 
  custom:scripting/precompiled-assembly-types:Assembly-CSharp: a81667d6ee2745bea30b45e3fe8220b0 -> 8e4451fd7b8041e811e8b85aaf8b7e55
========================================================================
Received Prepare
Caller must complete domain reload
Begin MonoManager ReloadAssembly
- Loaded All Assemblies, in  1.417 seconds
Native extension for WindowsStandalone target not found
Native extension for WebGL target not found
Mono: successfully reloaded assembly
- Finished resetting the current domain, in  2.207 seconds
Domain Reload Profiling: 3610ms
	BeginReloadAssembly (419ms)
		ExecutionOrderSort (0ms)
		DisableScriptedObjects (14ms)
		BackupInstance (0ms)
		ReleaseScriptingObjects (0ms)
		CreateAndSetChildDomain (75ms)
	RebuildCommonClasses (115ms)
	RebuildNativeTypeToScriptingClass (43ms)
	initialDomainReloadingComplete (102ms)
	LoadAllAssembliesAndSetupDomain (724ms)
		LoadAssemblies (911ms)
		RebuildTransferFunctionScriptingTraits (0ms)
		AnalyzeDomain (67ms)
			TypeCache.Refresh (27ms)
				TypeCache.ScanAssembly (4ms)
			ScanForSourceGeneratedMonoScriptInfo (23ms)
			ResolveRequiredComponents (15ms)
	FinalizeReload (2208ms)
		ReleaseScriptCaches (0ms)
		RebuildScriptCaches (0ms)
		SetupLoadedEditorAssemblies (941ms)
			LogAssemblyErrors (0ms)
			InitializePlatformSupportModulesInManaged (20ms)
			SetLoadedEditorAssemblies (9ms)
			RefreshPlugins (0ms)
			BeforeProcessingInitializeOnLoad (175ms)
			ProcessInitializeOnLoadAttributes (661ms)
			ProcessInitializeOnLoadMethodAttributes (56ms)
			AfterProcessingInitializeOnLoad (20ms)
			EditorAssembliesLoaded (0ms)
		ExecutionOrderSort2 (0ms)
		AwakeInstancesAfterBackupRestoration (15ms)
Refreshing native plugins compatible for Editor in 10.60 ms, found 3 plugins.
Preloading 0 native plugins for Editor in 0.00 ms.
Unloading 3653 Unused Serialized files (Serialized files now loaded: 0)
Unloading 19 unused Assets / (31.1 KB). Loaded Objects now: 4219.
Memory consumption went from 138.5 MB to 138.5 MB.
Total: 6.489400 ms (FindLiveObjects: 0.597900 ms CreateObjectMapping: 0.392700 ms MarkObjects: 5.426200 ms  DeleteObjects: 0.071100 ms)

Prepare: number of updated asset objects reloaded= 0
AssetImportParameters requested are different than current active one (requested -> active):
  custom:container-demuxer-ogg: 62fdf1f143b41e24485cea50d1cbac27 -> 
  custom:video-codec-MediaFoundation-h265: 746d11721c4dcdbdad8f713fa42b33f4 -> 
  custom:video-decoder-ogg-theora: a1e56fd34408186e4bbccfd4996cb3dc -> 
  custom:framework-win-MediaFoundation: 216162199b28c13a410421893ffa2e32 -> 
  custom:CustomObjectIndexerAttribute: 9a22284fe3817be447336de3de66b15e -> 
  custom:container-demuxer-webm: 4f35f7cbe854078d1ac9338744f61a02 -> 
  custom:container-muxer-webm: aa71ff27fc2769a1b78a27578f13a17b -> 
  custom:video-decoder-webm-vp8: 9c59270c3fd7afecdb556c50c9e8de78 -> 
  custom:SearchIndexIgnoredProperties: e643bd26f0fe6173181afceb89e7c659 -> 
  custom:AudioImporter_EditorPlatform: d09bf68614088b80899f8185d706f6e7 -> 
  custom:video-encoder-webm-vp8: eb34c28f22e8b96e1ab97ce403110664 -> 
  custom:audio-decoder-ogg-vorbis: bf7c407c2cedff20999df2af8eb42d56 -> 
  custom:audio-encoder-webm-vorbis: bf7c407c2cedff20999df2af8eb42d56 -> 
  custom:scripting/precompiled-assembly-types:Assembly-CSharp: a81667d6ee2745bea30b45e3fe8220b0 -> 8e4451fd7b8041e811e8b85aaf8b7e55
========================================================================
Received Prepare
Caller must complete domain reload
Begin MonoManager ReloadAssembly
- Loaded All Assemblies, in  0.943 seconds
Native extension for WindowsStandalone target not found
Native extension for WebGL target not found
Mono: successfully reloaded assembly
- Finished resetting the current domain, in  3.532 seconds
Domain Reload Profiling: 4466ms
	BeginReloadAssembly (287ms)
		ExecutionOrderSort (0ms)
		DisableScriptedObjects (12ms)
		BackupInstance (0ms)
		ReleaseScriptingObjects (0ms)
		CreateAndSetChildDomain (45ms)
	RebuildCommonClasses (85ms)
	RebuildNativeTypeToScriptingClass (33ms)
	initialDomainReloadingComplete (72ms)
	LoadAllAssembliesAndSetupDomain (455ms)
		LoadAssemblies (601ms)
		RebuildTransferFunctionScriptingTraits (0ms)
		AnalyzeDomain (29ms)
			TypeCache.Refresh (11ms)
				TypeCache.ScanAssembly (0ms)
			ScanForSourceGeneratedMonoScriptInfo (0ms)
			ResolveRequiredComponents (14ms)
	FinalizeReload (3534ms)
		ReleaseScriptCaches (0ms)
		RebuildScriptCaches (0ms)
		SetupLoadedEditorAssemblies (1962ms)
			LogAssemblyErrors (0ms)
			InitializePlatformSupportModulesInManaged (47ms)
			SetLoadedEditorAssemblies (15ms)
			RefreshPlugins (0ms)
			BeforeProcessingInitializeOnLoad (330ms)
			ProcessInitializeOnLoadAttributes (1397ms)
			ProcessInitializeOnLoadMethodAttributes (127ms)
			AfterProcessingInitializeOnLoad (45ms)
			EditorAssembliesLoaded (1ms)
		ExecutionOrderSort2 (0ms)
		AwakeInstancesAfterBackupRestoration (25ms)
Refreshing native plugins compatible for Editor in 30.52 ms, found 3 plugins.
Preloading 0 native plugins for Editor in 0.00 ms.
Unloading 3653 Unused Serialized files (Serialized files now loaded: 0)
Unloading 19 unused Assets / (31.1 KB). Loaded Objects now: 4222.
Memory consumption went from 138.5 MB to 138.5 MB.
Total: 9.042000 ms (FindLiveObjects: 0.764000 ms CreateObjectMapping: 0.533200 ms MarkObjects: 7.586700 ms  DeleteObjects: 0.155600 ms)

Prepare: number of updated asset objects reloaded= 0
AssetImportParameters requested are different than current active one (requested -> active):
  custom:container-demuxer-ogg: 62fdf1f143b41e24485cea50d1cbac27 -> 
  custom:video-codec-MediaFoundation-h265: 746d11721c4dcdbdad8f713fa42b33f4 -> 
  custom:video-decoder-ogg-theora: a1e56fd34408186e4bbccfd4996cb3dc -> 
  custom:framework-win-MediaFoundation: 216162199b28c13a410421893ffa2e32 -> 
  custom:CustomObjectIndexerAttribute: 9a22284fe3817be447336de3de66b15e -> 
  custom:container-demuxer-webm: 4f35f7cbe854078d1ac9338744f61a02 -> 
  custom:container-muxer-webm: aa71ff27fc2769a1b78a27578f13a17b -> 
  custom:video-decoder-webm-vp8: 9c59270c3fd7afecdb556c50c9e8de78 -> 
  custom:SearchIndexIgnoredProperties: e643bd26f0fe6173181afceb89e7c659 -> 
  custom:AudioImporter_EditorPlatform: d09bf68614088b80899f8185d706f6e7 -> 
  custom:video-encoder-webm-vp8: eb34c28f22e8b96e1ab97ce403110664 -> 
  custom:audio-decoder-ogg-vorbis: bf7c407c2cedff20999df2af8eb42d56 -> 
  custom:audio-encoder-webm-vorbis: bf7c407c2cedff20999df2af8eb42d56 -> 
  custom:scripting/precompiled-assembly-types:Assembly-CSharp: a81667d6ee2745bea30b45e3fe8220b0 -> 8e4451fd7b8041e811e8b85aaf8b7e55
========================================================================
Received Import Request.
  Time since last request: 1184.411583 seconds.
  path: Assets/Prefab/BirdManager.prefab
  artifactKey: Guid(0f6d999f434df934aa8b987747316a0a) Importer(815301076,1909f56bfc062723c751e8b465ee728b)
Start importing Assets/Prefab/BirdManager.prefab using Guid(0f6d999f434df934aa8b987747316a0a) Importer(815301076,1909f56bfc062723c751e8b465ee728b) [PhysX] Initialized MultithreadedTaskDispatcher with 8 workers.
 -> (artifact id: 'b281d4213140b358df94d22df1f813be') in 0.011935 seconds
Number of updated asset objects reloaded before import = 0
Number of asset objects unloaded after import = 0
========================================================================
Received Import Request.
  Time since last request: 0.000021 seconds.
  path: Assets/Prefab/kusa1.prefab
  artifactKey: Guid(deb0d6b0c1a43b54791cc68445dadf5a) Importer(815301076,1909f56bfc062723c751e8b465ee728b)
Start importing Assets/Prefab/kusa1.prefab using Guid(deb0d6b0c1a43b54791cc68445dadf5a) Importer(815301076,1909f56bfc062723c751e8b465ee728b) [PhysX] Initialized MultithreadedTaskDispatcher with 8 workers.
 -> (artifact id: '9e5155eee90e5bb52add9f183891ea3f') in 0.000874 seconds
Number of updated asset objects reloaded before import = 0
Number of asset objects unloaded after import = 0
========================================================================
Received Import Request.
  Time since last request: 0.000100 seconds.
  path: Assets/Prefab/Item_inField.prefab
  artifactKey: Guid(297c6d67f3394ef4fae30b6050bc7e20) Importer(815301076,1909f56bfc062723c751e8b465ee728b)
Start importing Assets/Prefab/Item_inField.prefab using Guid(297c6d67f3394ef4fae30b6050bc7e20) Importer(815301076,1909f56bfc062723c751e8b465ee728b) [PhysX] Initialized MultithreadedTaskDispatcher with 8 workers.
 -> (artifact id: '3f7afac5562d1fddd7dcfc599cfe1bad') in 0.001057 seconds
Number of updated asset objects reloaded before import = 0
Number of asset objects unloaded after import = 0
========================================================================
Received Import Request.
  Time since last request: 2.388593 seconds.
  path: Assets/Prefab/First_Get/FirstGet.prefab
  artifactKey: Guid(9a584a3beb0e58c43a73365bb6d8cb20) Importer(815301076,1909f56bfc062723c751e8b465ee728b)
Start importing Assets/Prefab/First_Get/FirstGet.prefab using Guid(9a584a3beb0e58c43a73365bb6d8cb20) Importer(815301076,1909f56bfc062723c751e8b465ee728b) [PhysX] Initialized MultithreadedTaskDispatcher with 8 workers.
 -> (artifact id: 'c425dce9d54b411bdc4586fc371f2119') in 0.001038 seconds
Number of updated asset objects reloaded before import = 0
Number of asset objects unloaded after import = 0
========================================================================
Received Import Request.
  Time since last request: 32.557002 seconds.
  path: Assets/Prefab/First_Get/FirstGet.prefab
  artifactKey: Guid(9a584a3beb0e58c43a73365bb6d8cb20) Importer(815301076,1909f56bfc062723c751e8b465ee728b)
Start importing Assets/Prefab/First_Get/FirstGet.prefab using Guid(9a584a3beb0e58c43a73365bb6d8cb20) Importer(815301076,1909f56bfc062723c751e8b465ee728b) [PhysX] Initialized MultithreadedTaskDispatcher with 8 workers.
 -> (artifact id: 'c6b391db8cd7256cef28c27575e824a4') in 0.001278 seconds
Number of updated asset objects reloaded before import = 0
Number of asset objects unloaded after import = 0
========================================================================
Received Import Request.
  Time since last request: 0.727900 seconds.
  path: Assets/Prefab/First_Get/FirstGet.prefab
  artifactKey: Guid(9a584a3beb0e58c43a73365bb6d8cb20) Importer(815301076,1909f56bfc062723c751e8b465ee728b)
Start importing Assets/Prefab/First_Get/FirstGet.prefab using Guid(9a584a3beb0e58c43a73365bb6d8cb20) Importer(815301076,1909f56bfc062723c751e8b465ee728b) [PhysX] Initialized MultithreadedTaskDispatcher with 8 workers.
 -> (artifact id: 'c425dce9d54b411bdc4586fc371f2119') in 0.001178 seconds
Number of updated asset objects reloaded before import = 0
Number of asset objects unloaded after import = 0
========================================================================
Received Import Request.
  Time since last request: 6.214558 seconds.
  path: Assets/Prefab/First_Get/FirstGet.prefab
  artifactKey: Guid(9a584a3beb0e58c43a73365bb6d8cb20) Importer(815301076,1909f56bfc062723c751e8b465ee728b)
Start importing Assets/Prefab/First_Get/FirstGet.prefab using Guid(9a584a3beb0e58c43a73365bb6d8cb20) Importer(815301076,1909f56bfc062723c751e8b465ee728b) [PhysX] Initialized MultithreadedTaskDispatcher with 8 workers.
 -> (artifact id: '0747c944e4e18b922d1e32655dcf3d2a') in 0.001351 seconds
Number of updated asset objects reloaded before import = 0
Number of asset objects unloaded after import = 0
========================================================================
Received Import Request.
  Time since last request: 8.475106 seconds.
  path: Assets/Prefab/First_Get/FirstGet.prefab
  artifactKey: Guid(9a584a3beb0e58c43a73365bb6d8cb20) Importer(815301076,1909f56bfc062723c751e8b465ee728b)
Start importing Assets/Prefab/First_Get/FirstGet.prefab using Guid(9a584a3beb0e58c43a73365bb6d8cb20) Importer(815301076,1909f56bfc062723c751e8b465ee728b) [PhysX] Initialized MultithreadedTaskDispatcher with 8 workers.
 -> (artifact id: '2818c21617f593ef0ac7c7fa9c869d26') in 0.001351 seconds
Number of updated asset objects reloaded before import = 0
Number of asset objects unloaded after import = 0
========================================================================
Received Import Request.
  Time since last request: 11.284567 seconds.
  path: Assets/Prefab/First_Get/FirstGet.prefab
  artifactKey: Guid(9a584a3beb0e58c43a73365bb6d8cb20) Importer(815301076,1909f56bfc062723c751e8b465ee728b)
Start importing Assets/Prefab/First_Get/FirstGet.prefab using Guid(9a584a3beb0e58c43a73365bb6d8cb20) Importer(815301076,1909f56bfc062723c751e8b465ee728b) [PhysX] Initialized MultithreadedTaskDispatcher with 8 workers.
 -> (artifact id: 'cf2676f21a05eaf6d2da7e6fd9933876') in 0.001800 seconds
Number of updated asset objects reloaded before import = 0
Number of asset objects unloaded after import = 0
========================================================================
Received Prepare
Caller must complete domain reload
Begin MonoManager ReloadAssembly
- Loaded All Assemblies, in  0.878 seconds
Native extension for WindowsStandalone target not found
Native extension for WebGL target not found
Mono: successfully reloaded assembly
- Finished resetting the current domain, in  3.109 seconds
Domain Reload Profiling: 3980ms
	BeginReloadAssembly (270ms)
		ExecutionOrderSort (0ms)
		DisableScriptedObjects (11ms)
		BackupInstance (0ms)
		ReleaseScriptingObjects (0ms)
		CreateAndSetChildDomain (46ms)
	RebuildCommonClasses (71ms)
	RebuildNativeTypeToScriptingClass (22ms)
	initialDomainReloadingComplete (59ms)
	LoadAllAssembliesAndSetupDomain (447ms)
		LoadAssemblies (578ms)
		RebuildTransferFunctionScriptingTraits (0ms)
		AnalyzeDomain (27ms)
			TypeCache.Refresh (11ms)
				TypeCache.ScanAssembly (0ms)
			ScanForSourceGeneratedMonoScriptInfo (0ms)
			ResolveRequiredComponents (13ms)
	FinalizeReload (3111ms)
		ReleaseScriptCaches (0ms)
		RebuildScriptCaches (0ms)
		SetupLoadedEditorAssemblies (1772ms)
			LogAssemblyErrors (0ms)
			InitializePlatformSupportModulesInManaged (36ms)
			SetLoadedEditorAssemblies (12ms)
			RefreshPlugins (0ms)
			BeforeProcessingInitializeOnLoad (268ms)
			ProcessInitializeOnLoadAttributes (1270ms)
			ProcessInitializeOnLoadMethodAttributes (137ms)
			AfterProcessingInitializeOnLoad (48ms)
			EditorAssembliesLoaded (1ms)
		ExecutionOrderSort2 (0ms)
		AwakeInstancesAfterBackupRestoration (29ms)
Refreshing native plugins compatible for Editor in 22.43 ms, found 3 plugins.
Preloading 0 native plugins for Editor in 0.00 ms.
Unloading 3652 Unused Serialized files (Serialized files now loaded: 0)
Unloading 19 unused Assets / (31.2 KB). Loaded Objects now: 4225.
Memory consumption went from 138.3 MB to 138.2 MB.
Total: 9.741200 ms (FindLiveObjects: 0.491400 ms CreateObjectMapping: 0.612900 ms MarkObjects: 8.516300 ms  DeleteObjects: 0.118600 ms)

Prepare: number of updated asset objects reloaded= 0
AssetImportParameters requested are different than current active one (requested -> active):
  custom:container-demuxer-ogg: 62fdf1f143b41e24485cea50d1cbac27 -> 
  custom:video-codec-MediaFoundation-h265: 746d11721c4dcdbdad8f713fa42b33f4 -> 
  custom:video-decoder-ogg-theora: a1e56fd34408186e4bbccfd4996cb3dc -> 
  custom:framework-win-MediaFoundation: 216162199b28c13a410421893ffa2e32 -> 
  custom:CustomObjectIndexerAttribute: 9a22284fe3817be447336de3de66b15e -> 
  custom:container-demuxer-webm: 4f35f7cbe854078d1ac9338744f61a02 -> 
  custom:container-muxer-webm: aa71ff27fc2769a1b78a27578f13a17b -> 
  custom:video-decoder-webm-vp8: 9c59270c3fd7afecdb556c50c9e8de78 -> 
  custom:SearchIndexIgnoredProperties: e643bd26f0fe6173181afceb89e7c659 -> 
  custom:AudioImporter_EditorPlatform: d09bf68614088b80899f8185d706f6e7 -> 
  custom:video-encoder-webm-vp8: eb34c28f22e8b96e1ab97ce403110664 -> 
  custom:audio-decoder-ogg-vorbis: bf7c407c2cedff20999df2af8eb42d56 -> 
  custom:audio-encoder-webm-vorbis: bf7c407c2cedff20999df2af8eb42d56 -> 
  custom:scripting/precompiled-assembly-types:Assembly-CSharp: a81667d6ee2745bea30b45e3fe8220b0 -> 8e4451fd7b8041e811e8b85aaf8b7e55
========================================================================
Received Prepare
Caller must complete domain reload
Begin MonoManager ReloadAssembly
- Loaded All Assemblies, in  0.916 seconds
Native extension for WindowsStandalone target not found
Native extension for WebGL target not found
Mono: successfully reloaded assembly
- Finished resetting the current domain, in  3.463 seconds
Domain Reload Profiling: 4373ms
	BeginReloadAssembly (280ms)
		ExecutionOrderSort (0ms)
		DisableScriptedObjects (9ms)
		BackupInstance (0ms)
		ReleaseScriptingObjects (0ms)
		CreateAndSetChildDomain (51ms)
	RebuildCommonClasses (75ms)
	RebuildNativeTypeToScriptingClass (27ms)
	initialDomainReloadingComplete (64ms)
	LoadAllAssembliesAndSetupDomain (461ms)
		LoadAssemblies (599ms)
		RebuildTransferFunctionScriptingTraits (0ms)
		AnalyzeDomain (29ms)
			TypeCache.Refresh (12ms)
				TypeCache.ScanAssembly (0ms)
			ScanForSourceGeneratedMonoScriptInfo (0ms)
			ResolveRequiredComponents (14ms)
	FinalizeReload (3466ms)
		ReleaseScriptCaches (0ms)
		RebuildScriptCaches (0ms)
		SetupLoadedEditorAssemblies (1900ms)
			LogAssemblyErrors (0ms)
			InitializePlatformSupportModulesInManaged (51ms)
			SetLoadedEditorAssemblies (30ms)
			RefreshPlugins (0ms)
			BeforeProcessingInitializeOnLoad (331ms)
			ProcessInitializeOnLoadAttributes (1322ms)
			ProcessInitializeOnLoadMethodAttributes (127ms)
			AfterProcessingInitializeOnLoad (39ms)
			EditorAssembliesLoaded (1ms)
		ExecutionOrderSort2 (0ms)
		AwakeInstancesAfterBackupRestoration (26ms)
Refreshing native plugins compatible for Editor in 21.04 ms, found 3 plugins.
Preloading 0 native plugins for Editor in 0.00 ms.
Unloading 3653 Unused Serialized files (Serialized files now loaded: 0)
Unloading 19 unused Assets / (31.1 KB). Loaded Objects now: 4228.
Memory consumption went from 138.5 MB to 138.5 MB.
Total: 11.685900 ms (FindLiveObjects: 0.973200 ms CreateObjectMapping: 0.880100 ms MarkObjects: 9.615500 ms  DeleteObjects: 0.212200 ms)

Prepare: number of updated asset objects reloaded= 0
AssetImportParameters requested are different than current active one (requested -> active):
  custom:container-demuxer-ogg: 62fdf1f143b41e24485cea50d1cbac27 -> 
  custom:video-codec-MediaFoundation-h265: 746d11721c4dcdbdad8f713fa42b33f4 -> 
  custom:video-decoder-ogg-theora: a1e56fd34408186e4bbccfd4996cb3dc -> 
  custom:framework-win-MediaFoundation: 216162199b28c13a410421893ffa2e32 -> 
  custom:CustomObjectIndexerAttribute: 9a22284fe3817be447336de3de66b15e -> 
  custom:container-demuxer-webm: 4f35f7cbe854078d1ac9338744f61a02 -> 
  custom:container-muxer-webm: aa71ff27fc2769a1b78a27578f13a17b -> 
  custom:video-decoder-webm-vp8: 9c59270c3fd7afecdb556c50c9e8de78 -> 
  custom:SearchIndexIgnoredProperties: e643bd26f0fe6173181afceb89e7c659 -> 
  custom:AudioImporter_EditorPlatform: d09bf68614088b80899f8185d706f6e7 -> 
  custom:video-encoder-webm-vp8: eb34c28f22e8b96e1ab97ce403110664 -> 
  custom:audio-decoder-ogg-vorbis: bf7c407c2cedff20999df2af8eb42d56 -> 
  custom:audio-encoder-webm-vorbis: bf7c407c2cedff20999df2af8eb42d56 -> 
  custom:scripting/precompiled-assembly-types:Assembly-CSharp: a81667d6ee2745bea30b45e3fe8220b0 -> 8e4451fd7b8041e811e8b85aaf8b7e55
========================================================================
Received Import Request.
  Time since last request: 130.180852 seconds.
  path: Assets/Prefab/First_Get/FirstGet.prefab
  artifactKey: Guid(9a584a3beb0e58c43a73365bb6d8cb20) Importer(815301076,1909f56bfc062723c751e8b465ee728b)
Start importing Assets/Prefab/First_Get/FirstGet.prefab using Guid(9a584a3beb0e58c43a73365bb6d8cb20) Importer(815301076,1909f56bfc062723c751e8b465ee728b) [PhysX] Initialized MultithreadedTaskDispatcher with 8 workers.
 -> (artifact id: 'cf2676f21a05eaf6d2da7e6fd9933876') in 0.008049 seconds
Number of updated asset objects reloaded before import = 0
Number of asset objects unloaded after import = 0
========================================================================
Received Import Request.
  Time since last request: 0.000118 seconds.
  path: Assets/Prefab/First_Get/wood.prefab
  artifactKey: Guid(ef1c2b935e3ec284cbd8c7debf2d0d78) Importer(815301076,1909f56bfc062723c751e8b465ee728b)
Start importing Assets/Prefab/First_Get/wood.prefab using Guid(ef1c2b935e3ec284cbd8c7debf2d0d78) Importer(815301076,1909f56bfc062723c751e8b465ee728b) [PhysX] Initialized MultithreadedTaskDispatcher with 8 workers.
 -> (artifact id: '52e6e296b8ae86ec152b771f3f1ff432') in 0.001433 seconds
Number of updated asset objects reloaded before import = 0
Number of asset objects unloaded after import = 0
========================================================================
Received Import Request.
  Time since last request: 85.022178 seconds.
  path: Assets/Prefab/First_Get/FirstGet.prefab
  artifactKey: Guid(9a584a3beb0e58c43a73365bb6d8cb20) Importer(815301076,1909f56bfc062723c751e8b465ee728b)
Start importing Assets/Prefab/First_Get/FirstGet.prefab using Guid(9a584a3beb0e58c43a73365bb6d8cb20) Importer(815301076,1909f56bfc062723c751e8b465ee728b) [PhysX] Initialized MultithreadedTaskDispatcher with 8 workers.
 -> (artifact id: 'cf2676f21a05eaf6d2da7e6fd9933876') in 0.002489 seconds
Number of updated asset objects reloaded before import = 0
Number of asset objects unloaded after import = 0
========================================================================
Received Prepare
Caller must complete domain reload
Begin MonoManager ReloadAssembly
- Loaded All Assemblies, in  0.925 seconds
Native extension for WindowsStandalone target not found
Native extension for WebGL target not found
Mono: successfully reloaded assembly
- Finished resetting the current domain, in  2.915 seconds
Domain Reload Profiling: 3828ms
	BeginReloadAssembly (266ms)
		ExecutionOrderSort (0ms)
		DisableScriptedObjects (7ms)
		BackupInstance (0ms)
		ReleaseScriptingObjects (0ms)
		CreateAndSetChildDomain (46ms)
	RebuildCommonClasses (74ms)
	RebuildNativeTypeToScriptingClass (27ms)
	initialDomainReloadingComplete (72ms)
	LoadAllAssembliesAndSetupDomain (474ms)
		LoadAssemblies (579ms)
		RebuildTransferFunctionScriptingTraits (0ms)
		AnalyzeDomain (53ms)
			TypeCache.Refresh (17ms)
				TypeCache.ScanAssembly (1ms)
			ScanForSourceGeneratedMonoScriptInfo (19ms)
			ResolveRequiredComponents (14ms)
	FinalizeReload (2916ms)
		ReleaseScriptCaches (0ms)
		RebuildScriptCaches (0ms)
		SetupLoadedEditorAssemblies (1343ms)
			LogAssemblyErrors (0ms)
			InitializePlatformSupportModulesInManaged (33ms)
			SetLoadedEditorAssemblies (9ms)
			RefreshPlugins (0ms)
			BeforeProcessingInitializeOnLoad (262ms)
			ProcessInitializeOnLoadAttributes (921ms)
			ProcessInitializeOnLoadMethodAttributes (87ms)
			AfterProcessingInitializeOnLoad (30ms)
			EditorAssembliesLoaded (0ms)
		ExecutionOrderSort2 (0ms)
		AwakeInstancesAfterBackupRestoration (15ms)
Refreshing native plugins compatible for Editor in 19.25 ms, found 3 plugins.
Preloading 0 native plugins for Editor in 0.00 ms.
Unloading 3652 Unused Serialized files (Serialized files now loaded: 0)
Unloading 19 unused Assets / (31.1 KB). Loaded Objects now: 4231.
Memory consumption went from 138.3 MB to 138.2 MB.
Total: 7.512700 ms (FindLiveObjects: 0.480800 ms CreateObjectMapping: 0.426300 ms MarkObjects: 6.532500 ms  DeleteObjects: 0.071100 ms)

Prepare: number of updated asset objects reloaded= 0
AssetImportParameters requested are different than current active one (requested -> active):
  custom:container-demuxer-ogg: 62fdf1f143b41e24485cea50d1cbac27 -> 
  custom:video-codec-MediaFoundation-h265: 746d11721c4dcdbdad8f713fa42b33f4 -> 
  custom:video-decoder-ogg-theora: a1e56fd34408186e4bbccfd4996cb3dc -> 
  custom:framework-win-MediaFoundation: 216162199b28c13a410421893ffa2e32 -> 
  custom:CustomObjectIndexerAttribute: 9a22284fe3817be447336de3de66b15e -> 
  custom:container-demuxer-webm: 4f35f7cbe854078d1ac9338744f61a02 -> 
  custom:container-muxer-webm: aa71ff27fc2769a1b78a27578f13a17b -> 
  custom:video-decoder-webm-vp8: 9c59270c3fd7afecdb556c50c9e8de78 -> 
  custom:SearchIndexIgnoredProperties: e643bd26f0fe6173181afceb89e7c659 -> 
  custom:AudioImporter_EditorPlatform: d09bf68614088b80899f8185d706f6e7 -> 
  custom:video-encoder-webm-vp8: eb34c28f22e8b96e1ab97ce403110664 -> 
  custom:audio-decoder-ogg-vorbis: bf7c407c2cedff20999df2af8eb42d56 -> 
  custom:audio-encoder-webm-vorbis: bf7c407c2cedff20999df2af8eb42d56 -> 
  custom:scripting/precompiled-assembly-types:Assembly-CSharp: a81667d6ee2745bea30b45e3fe8220b0 -> 8e4451fd7b8041e811e8b85aaf8b7e55
========================================================================
Received Import Request.
  Time since last request: 11.519159 seconds.
  path: Assets/Prefab/First_Get/FirstGet.prefab
  artifactKey: Guid(9a584a3beb0e58c43a73365bb6d8cb20) Importer(815301076,1909f56bfc062723c751e8b465ee728b)
Start importing Assets/Prefab/First_Get/FirstGet.prefab using Guid(9a584a3beb0e58c43a73365bb6d8cb20) Importer(815301076,1909f56bfc062723c751e8b465ee728b) [PhysX] Initialized MultithreadedTaskDispatcher with 8 workers.
 -> (artifact id: 'cf2676f21a05eaf6d2da7e6fd9933876') in 0.004244 seconds
Number of updated asset objects reloaded before import = 0
Number of asset objects unloaded after import = 0
========================================================================
Received Import Request.
  Time since last request: 0.154037 seconds.
  path: Assets/Prefab/First_Get/FirstGet.prefab
  artifactKey: Guid(9a584a3beb0e58c43a73365bb6d8cb20) Importer(815301076,1909f56bfc062723c751e8b465ee728b)
Start importing Assets/Prefab/First_Get/FirstGet.prefab using Guid(9a584a3beb0e58c43a73365bb6d8cb20) Importer(815301076,1909f56bfc062723c751e8b465ee728b) [PhysX] Initialized MultithreadedTaskDispatcher with 8 workers.
 -> (artifact id: 'cf2676f21a05eaf6d2da7e6fd9933876') in 0.001478 seconds
Number of updated asset objects reloaded before import = 0
Number of asset objects unloaded after import = 0
========================================================================
Received Import Request.
  Time since last request: 1.368519 seconds.
  path: Assets/Prefab/First_Get/FirstGet.prefab
  artifactKey: Guid(9a584a3beb0e58c43a73365bb6d8cb20) Importer(815301076,1909f56bfc062723c751e8b465ee728b)
Start importing Assets/Prefab/First_Get/FirstGet.prefab using Guid(9a584a3beb0e58c43a73365bb6d8cb20) Importer(815301076,1909f56bfc062723c751e8b465ee728b) [PhysX] Initialized MultithreadedTaskDispatcher with 8 workers.
 -> (artifact id: 'cf2676f21a05eaf6d2da7e6fd9933876') in 0.001569 seconds
Number of updated asset objects reloaded before import = 0
Number of asset objects unloaded after import = 0
========================================================================
Received Prepare
Caller must complete domain reload
Begin MonoManager ReloadAssembly
- Loaded All Assemblies, in  1.013 seconds
Native extension for WindowsStandalone target not found
Native extension for WebGL target not found
Mono: successfully reloaded assembly
- Finished resetting the current domain, in  2.851 seconds
Domain Reload Profiling: 3857ms
	BeginReloadAssembly (279ms)
		ExecutionOrderSort (0ms)
		DisableScriptedObjects (11ms)
		BackupInstance (0ms)
		ReleaseScriptingObjects (0ms)
		CreateAndSetChildDomain (43ms)
	RebuildCommonClasses (73ms)
	RebuildNativeTypeToScriptingClass (30ms)
	initialDomainReloadingComplete (77ms)
	LoadAllAssembliesAndSetupDomain (544ms)
		LoadAssemblies (687ms)
		RebuildTransferFunctionScriptingTraits (0ms)
		AnalyzeDomain (27ms)
			TypeCache.Refresh (13ms)
				TypeCache.ScanAssembly (0ms)
			ScanForSourceGeneratedMonoScriptInfo (0ms)
			ResolveRequiredComponents (12ms)
	FinalizeReload (2853ms)
		ReleaseScriptCaches (0ms)
		RebuildScriptCaches (0ms)
		SetupLoadedEditorAssemblies (1445ms)
			LogAssemblyErrors (0ms)
			InitializePlatformSupportModulesInManaged (23ms)
			SetLoadedEditorAssemblies (8ms)
			RefreshPlugins (0ms)
			BeforeProcessingInitializeOnLoad (201ms)
			ProcessInitializeOnLoadAttributes (1062ms)
			ProcessInitializeOnLoadMethodAttributes (109ms)
			AfterProcessingInitializeOnLoad (42ms)
			EditorAssembliesLoaded (1ms)
		ExecutionOrderSort2 (0ms)
		AwakeInstancesAfterBackupRestoration (24ms)
Refreshing native plugins compatible for Editor in 17.64 ms, found 3 plugins.
Preloading 0 native plugins for Editor in 0.00 ms.
Unloading 3652 Unused Serialized files (Serialized files now loaded: 0)
Unloading 19 unused Assets / (31.1 KB). Loaded Objects now: 4234.
Memory consumption went from 138.3 MB to 138.2 MB.
Total: 7.488800 ms (FindLiveObjects: 1.152500 ms CreateObjectMapping: 1.140500 ms MarkObjects: 5.124000 ms  DeleteObjects: 0.069500 ms)

Prepare: number of updated asset objects reloaded= 0
AssetImportParameters requested are different than current active one (requested -> active):
  custom:container-demuxer-ogg: 62fdf1f143b41e24485cea50d1cbac27 -> 
  custom:video-codec-MediaFoundation-h265: 746d11721c4dcdbdad8f713fa42b33f4 -> 
  custom:video-decoder-ogg-theora: a1e56fd34408186e4bbccfd4996cb3dc -> 
  custom:framework-win-MediaFoundation: 216162199b28c13a410421893ffa2e32 -> 
  custom:CustomObjectIndexerAttribute: 9a22284fe3817be447336de3de66b15e -> 
  custom:container-demuxer-webm: 4f35f7cbe854078d1ac9338744f61a02 -> 
  custom:container-muxer-webm: aa71ff27fc2769a1b78a27578f13a17b -> 
  custom:video-decoder-webm-vp8: 9c59270c3fd7afecdb556c50c9e8de78 -> 
  custom:SearchIndexIgnoredProperties: e643bd26f0fe6173181afceb89e7c659 -> 
  custom:AudioImporter_EditorPlatform: d09bf68614088b80899f8185d706f6e7 -> 
  custom:video-encoder-webm-vp8: eb34c28f22e8b96e1ab97ce403110664 -> 
  custom:audio-decoder-ogg-vorbis: bf7c407c2cedff20999df2af8eb42d56 -> 
  custom:audio-encoder-webm-vorbis: bf7c407c2cedff20999df2af8eb42d56 -> 
  custom:scripting/precompiled-assembly-types:Assembly-CSharp: a81667d6ee2745bea30b45e3fe8220b0 -> 8e4451fd7b8041e811e8b85aaf8b7e55
========================================================================
Received Import Request.
  Time since last request: 10.520464 seconds.
  path: Assets/Prefab/First_Get/FirstGet.prefab
  artifactKey: Guid(9a584a3beb0e58c43a73365bb6d8cb20) Importer(815301076,1909f56bfc062723c751e8b465ee728b)
Start importing Assets/Prefab/First_Get/FirstGet.prefab using Guid(9a584a3beb0e58c43a73365bb6d8cb20) Importer(815301076,1909f56bfc062723c751e8b465ee728b) [PhysX] Initialized MultithreadedTaskDispatcher with 8 workers.
 -> (artifact id: 'cf2676f21a05eaf6d2da7e6fd9933876') in 0.007079 seconds
Number of updated asset objects reloaded before import = 0
Number of asset objects unloaded after import = 0
========================================================================
Received Import Request.
  Time since last request: 0.000106 seconds.
  path: Assets/Prefab/First_Get/wood.prefab
  artifactKey: Guid(ef1c2b935e3ec284cbd8c7debf2d0d78) Importer(815301076,1909f56bfc062723c751e8b465ee728b)
Start importing Assets/Prefab/First_Get/wood.prefab using Guid(ef1c2b935e3ec284cbd8c7debf2d0d78) Importer(815301076,1909f56bfc062723c751e8b465ee728b) [PhysX] Initialized MultithreadedTaskDispatcher with 8 workers.
 -> (artifact id: '52e6e296b8ae86ec152b771f3f1ff432') in 0.001635 seconds
Number of updated asset objects reloaded before import = 0
Number of asset objects unloaded after import = 0
========================================================================
Received Import Request.
  Time since last request: 55.930721 seconds.
  path: Assets/Prefab/BirdManager.prefab
  artifactKey: Guid(0f6d999f434df934aa8b987747316a0a) Importer(815301076,1909f56bfc062723c751e8b465ee728b)
Start importing Assets/Prefab/BirdManager.prefab using Guid(0f6d999f434df934aa8b987747316a0a) Importer(815301076,1909f56bfc062723c751e8b465ee728b) [PhysX] Initialized MultithreadedTaskDispatcher with 8 workers.
 -> (artifact id: 'b281d4213140b358df94d22df1f813be') in 0.000892 seconds
Number of updated asset objects reloaded before import = 0
Number of asset objects unloaded after import = 0
========================================================================
Received Import Request.
  Time since last request: 0.000701 seconds.
  path: Assets/Prefab/GuruGuru.prefab
  artifactKey: Guid(cda246c0eac8f6b408a6a650a05bd6c8) Importer(815301076,1909f56bfc062723c751e8b465ee728b)
Start importing Assets/Prefab/GuruGuru.prefab using Guid(cda246c0eac8f6b408a6a650a05bd6c8) Importer(815301076,1909f56bfc062723c751e8b465ee728b) [PhysX] Initialized MultithreadedTaskDispatcher with 8 workers.
 -> (artifact id: '67cc68278185354b81153b768940fedf') in 0.001141 seconds
Number of updated asset objects reloaded before import = 0
Number of asset objects unloaded after import = 0
========================================================================
Received Import Request.
  Time since last request: 0.000101 seconds.
  path: Assets/Prefab/ItemSlot.prefab
  artifactKey: Guid(f0515271b7a75164fb516c5f3d277572) Importer(815301076,1909f56bfc062723c751e8b465ee728b)
Start importing Assets/Prefab/ItemSlot.prefab using Guid(f0515271b7a75164fb516c5f3d277572) Importer(815301076,1909f56bfc062723c751e8b465ee728b) [PhysX] Initialized MultithreadedTaskDispatcher with 8 workers.
 -> (artifact id: 'a8de56198cc39d00715f88ffa48fba4d') in 0.001585 seconds
Number of updated asset objects reloaded before import = 0
Number of asset objects unloaded after import = 0
========================================================================
Received Import Request.
  Time since last request: 0.000126 seconds.
  path: Assets/Prefab/kusa1.prefab
  artifactKey: Guid(deb0d6b0c1a43b54791cc68445dadf5a) Importer(815301076,1909f56bfc062723c751e8b465ee728b)
Start importing Assets/Prefab/kusa1.prefab using Guid(deb0d6b0c1a43b54791cc68445dadf5a) Importer(815301076,1909f56bfc062723c751e8b465ee728b) [PhysX] Initialized MultithreadedTaskDispatcher with 8 workers.
 -> (artifact id: 'eec11d4f34564622f2d41d7cccfaec12') in 0.001122 seconds
Number of updated asset objects reloaded before import = 0
Number of asset objects unloaded after import = 0
========================================================================
Received Import Request.
  Time since last request: 9.446148 seconds.
  path: Assets/Prefab/BirdManager.prefab
  artifactKey: Guid(0f6d999f434df934aa8b987747316a0a) Importer(815301076,1909f56bfc062723c751e8b465ee728b)
Start importing Assets/Prefab/BirdManager.prefab using Guid(0f6d999f434df934aa8b987747316a0a) Importer(815301076,1909f56bfc062723c751e8b465ee728b) [PhysX] Initialized MultithreadedTaskDispatcher with 8 workers.
 -> (artifact id: 'b281d4213140b358df94d22df1f813be') in 0.000776 seconds
Number of updated asset objects reloaded before import = 0
Number of asset objects unloaded after import = 0
========================================================================
Received Import Request.
  Time since last request: 0.000031 seconds.
  path: Assets/Prefab/ItemSlot.prefab
  artifactKey: Guid(f0515271b7a75164fb516c5f3d277572) Importer(815301076,1909f56bfc062723c751e8b465ee728b)
Start importing Assets/Prefab/ItemSlot.prefab using Guid(f0515271b7a75164fb516c5f3d277572) Importer(815301076,1909f56bfc062723c751e8b465ee728b) [PhysX] Initialized MultithreadedTaskDispatcher with 8 workers.
 -> (artifact id: 'a8de56198cc39d00715f88ffa48fba4d') in 0.000813 seconds
Number of updated asset objects reloaded before import = 0
Number of asset objects unloaded after import = 0
========================================================================
Received Import Request.
  Time since last request: 0.000023 seconds.
  path: Assets/Prefab/kusa_back1.prefab
  artifactKey: Guid(abf2ababcb4c5914c92cf3a8913ea965) Importer(815301076,1909f56bfc062723c751e8b465ee728b)
Start importing Assets/Prefab/kusa_back1.prefab using Guid(abf2ababcb4c5914c92cf3a8913ea965) Importer(815301076,1909f56bfc062723c751e8b465ee728b) [PhysX] Initialized MultithreadedTaskDispatcher with 8 workers.
 -> (artifact id: 'aa50e41ec372435358f3179d1993a32d') in 0.000638 seconds
Number of updated asset objects reloaded before import = 0
Number of asset objects unloaded after import = 0
========================================================================
Received Import Request.
  Time since last request: 0.000024 seconds.
  path: Assets/Prefab/score_add_canvas.prefab
  artifactKey: Guid(de1c6e88e5af2aa43a2c512fa1f24178) Importer(815301076,1909f56bfc062723c751e8b465ee728b)
Start importing Assets/Prefab/score_add_canvas.prefab using Guid(de1c6e88e5af2aa43a2c512fa1f24178) Importer(815301076,1909f56bfc062723c751e8b465ee728b) [PhysX] Initialized MultithreadedTaskDispatcher with 8 workers.
 -> (artifact id: '0cab63de9d37bd4176598258ba84eddc') in 0.000790 seconds
Number of updated asset objects reloaded before import = 0
Number of asset objects unloaded after import = 0
========================================================================
Received Import Request.
  Time since last request: 1.949012 seconds.
  path: Assets/Prefab/BirdManager.prefab
  artifactKey: Guid(0f6d999f434df934aa8b987747316a0a) Importer(815301076,1909f56bfc062723c751e8b465ee728b)
Start importing Assets/Prefab/BirdManager.prefab using Guid(0f6d999f434df934aa8b987747316a0a) Importer(815301076,1909f56bfc062723c751e8b465ee728b) [PhysX] Initialized MultithreadedTaskDispatcher with 8 workers.
 -> (artifact id: 'b281d4213140b358df94d22df1f813be') in 0.000953 seconds
Number of updated asset objects reloaded before import = 0
Number of asset objects unloaded after import = 0
========================================================================
Received Import Request.
  Time since last request: 0.000080 seconds.
  path: Assets/Prefab/ItemSlot.prefab
  artifactKey: Guid(f0515271b7a75164fb516c5f3d277572) Importer(815301076,1909f56bfc062723c751e8b465ee728b)
Start importing Assets/Prefab/ItemSlot.prefab using Guid(f0515271b7a75164fb516c5f3d277572) Importer(815301076,1909f56bfc062723c751e8b465ee728b) [PhysX] Initialized MultithreadedTaskDispatcher with 8 workers.
 -> (artifact id: 'a8de56198cc39d00715f88ffa48fba4d') in 0.000672 seconds
Number of updated asset objects reloaded before import = 0
Number of asset objects unloaded after import = 0
========================================================================
Received Import Request.
  Time since last request: 0.000094 seconds.
  path: Assets/Prefab/kusa_back1.prefab
  artifactKey: Guid(abf2ababcb4c5914c92cf3a8913ea965) Importer(815301076,1909f56bfc062723c751e8b465ee728b)
Start importing Assets/Prefab/kusa_back1.prefab using Guid(abf2ababcb4c5914c92cf3a8913ea965) Importer(815301076,1909f56bfc062723c751e8b465ee728b) [PhysX] Initialized MultithreadedTaskDispatcher with 8 workers.
 -> (artifact id: 'aa50e41ec372435358f3179d1993a32d') in 0.001067 seconds
Number of updated asset objects reloaded before import = 0
Number of asset objects unloaded after import = 0
========================================================================
Received Import Request.
  Time since last request: 76.515369 seconds.
  path: Assets/TextMesh Pro/Resources/Fonts & Materials/LiberationSans SDF.asset
  artifactKey: Guid(8f586378b4e144a9851e7b34d9b748ee) Importer(815301076,1909f56bfc062723c751e8b465ee728b)
Start importing Assets/TextMesh Pro/Resources/Fonts & Materials/LiberationSans SDF.asset using Guid(8f586378b4e144a9851e7b34d9b748ee) Importer(815301076,1909f56bfc062723c751e8b465ee728b) [PhysX] Initialized MultithreadedTaskDispatcher with 8 workers.
[PhysX] Initialized MultithreadedTaskDispatcher with 8 workers.
[PhysX] Initialized MultithreadedTaskDispatcher with 8 workers.
 -> (artifact id: 'e5d8cac94bf5195e4d22752481717e79') in 0.392319 seconds
Number of updated asset objects reloaded before import = 0
Number of asset objects unloaded after import = 9
========================================================================
Received Import Request.
  Time since last request: 6.962370 seconds.
  path: Assets/TextMesh Pro/Resources/Fonts & Materials/LiberationSans SDF.asset
  artifactKey: Guid(8f586378b4e144a9851e7b34d9b748ee) Importer(815301076,1909f56bfc062723c751e8b465ee728b)
Start importing Assets/TextMesh Pro/Resources/Fonts & Materials/LiberationSans SDF.asset using Guid(8f586378b4e144a9851e7b34d9b748ee) Importer(815301076,1909f56bfc062723c751e8b465ee728b) [PhysX] Initialized MultithreadedTaskDispatcher with 8 workers.
[PhysX] Initialized MultithreadedTaskDispatcher with 8 workers.
[PhysX] Initialized MultithreadedTaskDispatcher with 8 workers.
 -> (artifact id: '5292bc5a7d0ca0ae2c079197a9abe504') in 0.072749 seconds
Number of updated asset objects reloaded before import = 0
Number of asset objects unloaded after import = 9
========================================================================
Received Prepare
Caller must complete domain reload
Begin MonoManager ReloadAssembly
- Loaded All Assemblies, in  0.888 seconds
Native extension for WindowsStandalone target not found
Native extension for WebGL target not found
Mono: successfully reloaded assembly
- Finished resetting the current domain, in  2.868 seconds
Domain Reload Profiling: 3748ms
	BeginReloadAssembly (277ms)
		ExecutionOrderSort (0ms)
		DisableScriptedObjects (7ms)
		BackupInstance (0ms)
		ReleaseScriptingObjects (0ms)
		CreateAndSetChildDomain (49ms)
	RebuildCommonClasses (77ms)
	RebuildNativeTypeToScriptingClass (27ms)
	initialDomainReloadingComplete (66ms)
	LoadAllAssembliesAndSetupDomain (432ms)
		LoadAssemblies (577ms)
		RebuildTransferFunctionScriptingTraits (0ms)
		AnalyzeDomain (25ms)
			TypeCache.Refresh (9ms)
				TypeCache.ScanAssembly (0ms)
			ScanForSourceGeneratedMonoScriptInfo (0ms)
			ResolveRequiredComponents (13ms)
	FinalizeReload (2871ms)
		ReleaseScriptCaches (0ms)
		RebuildScriptCaches (0ms)
		SetupLoadedEditorAssemblies (1629ms)
			LogAssemblyErrors (0ms)
			InitializePlatformSupportModulesInManaged (24ms)
			SetLoadedEditorAssemblies (9ms)
			RefreshPlugins (0ms)
			BeforeProcessingInitializeOnLoad (230ms)
			ProcessInitializeOnLoadAttributes (1197ms)
			ProcessInitializeOnLoadMethodAttributes (122ms)
			AfterProcessingInitializeOnLoad (47ms)
			EditorAssembliesLoaded (1ms)
		ExecutionOrderSort2 (0ms)
		AwakeInstancesAfterBackupRestoration (29ms)
Refreshing native plugins compatible for Editor in 21.05 ms, found 3 plugins.
Preloading 0 native plugins for Editor in 0.00 ms.
Unloading 3652 Unused Serialized files (Serialized files now loaded: 0)
Unloading 19 unused Assets / (31.5 KB). Loaded Objects now: 4273.
Memory consumption went from 138.6 MB to 138.6 MB.
Total: 8.211600 ms (FindLiveObjects: 0.673200 ms CreateObjectMapping: 0.503700 ms MarkObjects: 6.936600 ms  DeleteObjects: 0.095900 ms)

Prepare: number of updated asset objects reloaded= 0
AssetImportParameters requested are different than current active one (requested -> active):
  custom:container-demuxer-ogg: 62fdf1f143b41e24485cea50d1cbac27 -> 
  custom:video-codec-MediaFoundation-h265: 746d11721c4dcdbdad8f713fa42b33f4 -> 
  custom:video-decoder-ogg-theora: a1e56fd34408186e4bbccfd4996cb3dc -> 
  custom:framework-win-MediaFoundation: 216162199b28c13a410421893ffa2e32 -> 
  custom:CustomObjectIndexerAttribute: 9a22284fe3817be447336de3de66b15e -> 
  custom:container-demuxer-webm: 4f35f7cbe854078d1ac9338744f61a02 -> 
  custom:container-muxer-webm: aa71ff27fc2769a1b78a27578f13a17b -> 
  custom:video-decoder-webm-vp8: 9c59270c3fd7afecdb556c50c9e8de78 -> 
  custom:SearchIndexIgnoredProperties: e643bd26f0fe6173181afceb89e7c659 -> 
  custom:AudioImporter_EditorPlatform: d09bf68614088b80899f8185d706f6e7 -> 
  custom:video-encoder-webm-vp8: eb34c28f22e8b96e1ab97ce403110664 -> 
  custom:audio-decoder-ogg-vorbis: bf7c407c2cedff20999df2af8eb42d56 -> 
  custom:audio-encoder-webm-vorbis: bf7c407c2cedff20999df2af8eb42d56 -> 
  custom:scripting/precompiled-assembly-types:Assembly-CSharp: a81667d6ee2745bea30b45e3fe8220b0 -> 8e4451fd7b8041e811e8b85aaf8b7e55
========================================================================
Received Prepare
Caller must complete domain reload
Begin MonoManager ReloadAssembly
- Loaded All Assemblies, in  1.685 seconds
Native extension for WindowsStandalone target not found
Native extension for WebGL target not found
Mono: successfully reloaded assembly
- Finished resetting the current domain, in  5.644 seconds
Domain Reload Profiling: 7325ms
	BeginReloadAssembly (465ms)
		ExecutionOrderSort (0ms)
		DisableScriptedObjects (17ms)
		BackupInstance (0ms)
		ReleaseScriptingObjects (0ms)
		CreateAndSetChildDomain (162ms)
	RebuildCommonClasses (62ms)
	RebuildNativeTypeToScriptingClass (23ms)
	initialDomainReloadingComplete (72ms)
	LoadAllAssembliesAndSetupDomain (1057ms)
		LoadAssemblies (1176ms)
		RebuildTransferFunctionScriptingTraits (0ms)
		AnalyzeDomain (63ms)
			TypeCache.Refresh (32ms)
				TypeCache.ScanAssembly (0ms)
			ScanForSourceGeneratedMonoScriptInfo (1ms)
			ResolveRequiredComponents (26ms)
	FinalizeReload (5645ms)
		ReleaseScriptCaches (0ms)
		RebuildScriptCaches (0ms)
		SetupLoadedEditorAssemblies (1672ms)
			LogAssemblyErrors (0ms)
			InitializePlatformSupportModulesInManaged (37ms)
			SetLoadedEditorAssemblies (34ms)
			RefreshPlugins (0ms)
			BeforeProcessingInitializeOnLoad (258ms)
			ProcessInitializeOnLoadAttributes (1161ms)
			ProcessInitializeOnLoadMethodAttributes (138ms)
			AfterProcessingInitializeOnLoad (42ms)
			EditorAssembliesLoaded (1ms)
		ExecutionOrderSort2 (0ms)
		AwakeInstancesAfterBackupRestoration (22ms)
Refreshing native plugins compatible for Editor in 7.80 ms, found 3 plugins.
Preloading 0 native plugins for Editor in 0.00 ms.
Unloading 3653 Unused Serialized files (Serialized files now loaded: 0)
Unloading 19 unused Assets / (31.1 KB). Loaded Objects now: 4276.
Memory consumption went from 138.8 MB to 138.8 MB.
Total: 4.545300 ms (FindLiveObjects: 0.482400 ms CreateObjectMapping: 0.322300 ms MarkObjects: 3.675100 ms  DeleteObjects: 0.064300 ms)

Prepare: number of updated asset objects reloaded= 0
AssetImportParameters requested are different than current active one (requested -> active):
  custom:container-demuxer-ogg: 62fdf1f143b41e24485cea50d1cbac27 -> 
  custom:video-codec-MediaFoundation-h265: 746d11721c4dcdbdad8f713fa42b33f4 -> 
  custom:video-decoder-ogg-theora: a1e56fd34408186e4bbccfd4996cb3dc -> 
  custom:framework-win-MediaFoundation: 216162199b28c13a410421893ffa2e32 -> 
  custom:CustomObjectIndexerAttribute: 9a22284fe3817be447336de3de66b15e -> 
  custom:container-demuxer-webm: 4f35f7cbe854078d1ac9338744f61a02 -> 
  custom:container-muxer-webm: aa71ff27fc2769a1b78a27578f13a17b -> 
  custom:video-decoder-webm-vp8: 9c59270c3fd7afecdb556c50c9e8de78 -> 
  custom:SearchIndexIgnoredProperties: e643bd26f0fe6173181afceb89e7c659 -> 
  custom:AudioImporter_EditorPlatform: d09bf68614088b80899f8185d706f6e7 -> 
  custom:video-encoder-webm-vp8: eb34c28f22e8b96e1ab97ce403110664 -> 
  custom:audio-decoder-ogg-vorbis: bf7c407c2cedff20999df2af8eb42d56 -> 
  custom:audio-encoder-webm-vorbis: bf7c407c2cedff20999df2af8eb42d56 -> 
  custom:scripting/precompiled-assembly-types:Assembly-CSharp: a81667d6ee2745bea30b45e3fe8220b0 -> 8e4451fd7b8041e811e8b85aaf8b7e55
========================================================================
Received Prepare
Caller must complete domain reload
Begin MonoManager ReloadAssembly
- Loaded All Assemblies, in  0.794 seconds
Native extension for WindowsStandalone target not found
Native extension for WebGL target not found
Mono: successfully reloaded assembly
- Finished resetting the current domain, in  1.492 seconds
Domain Reload Profiling: 2279ms
	BeginReloadAssembly (238ms)
		ExecutionOrderSort (0ms)
		DisableScriptedObjects (7ms)
		BackupInstance (0ms)
		ReleaseScriptingObjects (0ms)
		CreateAndSetChildDomain (44ms)
	RebuildCommonClasses (68ms)
	RebuildNativeTypeToScriptingClass (13ms)
	initialDomainReloadingComplete (56ms)
	LoadAllAssembliesAndSetupDomain (411ms)
		LoadAssemblies (518ms)
		RebuildTransferFunctionScriptingTraits (0ms)
		AnalyzeDomain (38ms)
			TypeCache.Refresh (15ms)
				TypeCache.ScanAssembly (1ms)
			ScanForSourceGeneratedMonoScriptInfo (14ms)
			ResolveRequiredComponents (8ms)
	FinalizeReload (1493ms)
		ReleaseScriptCaches (0ms)
		RebuildScriptCaches (0ms)
		SetupLoadedEditorAssemblies (671ms)
			LogAssemblyErrors (0ms)
			InitializePlatformSupportModulesInManaged (20ms)
			SetLoadedEditorAssemblies (6ms)
			RefreshPlugins (0ms)
			BeforeProcessingInitializeOnLoad (123ms)
			ProcessInitializeOnLoadAttributes (468ms)
			ProcessInitializeOnLoadMethodAttributes (42ms)
			AfterProcessingInitializeOnLoad (12ms)
			EditorAssembliesLoaded (0ms)
		ExecutionOrderSort2 (0ms)
		AwakeInstancesAfterBackupRestoration (7ms)
Refreshing native plugins compatible for Editor in 4.97 ms, found 3 plugins.
Preloading 0 native plugins for Editor in 0.00 ms.
Unloading 3653 Unused Serialized files (Serialized files now loaded: 0)
Unloading 19 unused Assets / (31.1 KB). Loaded Objects now: 4279.
Memory consumption went from 138.8 MB to 138.8 MB.
Total: 4.413800 ms (FindLiveObjects: 0.386100 ms CreateObjectMapping: 0.540600 ms MarkObjects: 3.440400 ms  DeleteObjects: 0.045700 ms)

Prepare: number of updated asset objects reloaded= 0
AssetImportParameters requested are different than current active one (requested -> active):
  custom:container-demuxer-ogg: 62fdf1f143b41e24485cea50d1cbac27 -> 
  custom:video-codec-MediaFoundation-h265: 746d11721c4dcdbdad8f713fa42b33f4 -> 
  custom:video-decoder-ogg-theora: a1e56fd34408186e4bbccfd4996cb3dc -> 
  custom:framework-win-MediaFoundation: 216162199b28c13a410421893ffa2e32 -> 
  custom:CustomObjectIndexerAttribute: 9a22284fe3817be447336de3de66b15e -> 
  custom:container-demuxer-webm: 4f35f7cbe854078d1ac9338744f61a02 -> 
  custom:container-muxer-webm: aa71ff27fc2769a1b78a27578f13a17b -> 
  custom:video-decoder-webm-vp8: 9c59270c3fd7afecdb556c50c9e8de78 -> 
  custom:SearchIndexIgnoredProperties: e643bd26f0fe6173181afceb89e7c659 -> 
  custom:AudioImporter_EditorPlatform: d09bf68614088b80899f8185d706f6e7 -> 
  custom:video-encoder-webm-vp8: eb34c28f22e8b96e1ab97ce403110664 -> 
  custom:audio-decoder-ogg-vorbis: bf7c407c2cedff20999df2af8eb42d56 -> 
  custom:audio-encoder-webm-vorbis: bf7c407c2cedff20999df2af8eb42d56 -> 
  custom:scripting/precompiled-assembly-types:Assembly-CSharp: a81667d6ee2745bea30b45e3fe8220b0 -> 8e4451fd7b8041e811e8b85aaf8b7e55
========================================================================
Received Import Request.
  Time since last request: 35101.443701 seconds.
  path: Assets/Sound/電子ルーレット停止ボタンを押す.mp3
  artifactKey: Guid(1a029d2ee5116914f91e649c29567ec5) Importer(815301076,1909f56bfc062723c751e8b465ee728b)
Start importing Assets/Sound/電子ルーレット停止ボタンを押す.mp3 using Guid(1a029d2ee5116914f91e649c29567ec5) Importer(815301076,1909f56bfc062723c751e8b465ee728b) [PhysX] Initialized MultithreadedTaskDispatcher with 8 workers.
[PhysX] Initialized MultithreadedTaskDispatcher with 8 workers.
 -> (artifact id: '7092dfdb6ea68cce938d2ca36a5732e4') in 0.144349 seconds
Number of updated asset objects reloaded before import = 0
Number of asset objects unloaded after import = 2
========================================================================
Received Prepare
Caller must complete domain reload
Begin MonoManager ReloadAssembly
- Loaded All Assemblies, in  0.799 seconds
Native extension for WindowsStandalone target not found
Native extension for WebGL target not found
Mono: successfully reloaded assembly
- Finished resetting the current domain, in  1.455 seconds
Domain Reload Profiling: 2243ms
	BeginReloadAssembly (218ms)
		ExecutionOrderSort (0ms)
		DisableScriptedObjects (6ms)
		BackupInstance (0ms)
		ReleaseScriptingObjects (0ms)
		CreateAndSetChildDomain (46ms)
	RebuildCommonClasses (78ms)
	RebuildNativeTypeToScriptingClass (26ms)
	initialDomainReloadingComplete (61ms)
	LoadAllAssembliesAndSetupDomain (404ms)
		LoadAssemblies (476ms)
		RebuildTransferFunctionScriptingTraits (0ms)
		AnalyzeDomain (49ms)
			TypeCache.Refresh (19ms)
				TypeCache.ScanAssembly (2ms)
			ScanForSourceGeneratedMonoScriptInfo (18ms)
			ResolveRequiredComponents (10ms)
	FinalizeReload (1456ms)
		ReleaseScriptCaches (0ms)
		RebuildScriptCaches (0ms)
		SetupLoadedEditorAssemblies (638ms)
			LogAssemblyErrors (0ms)
			InitializePlatformSupportModulesInManaged (15ms)
			SetLoadedEditorAssemblies (4ms)
			RefreshPlugins (0ms)
			BeforeProcessingInitializeOnLoad (108ms)
			ProcessInitializeOnLoadAttributes (460ms)
			ProcessInitializeOnLoadMethodAttributes (39ms)
			AfterProcessingInitializeOnLoad (13ms)
			EditorAssembliesLoaded (0ms)
		ExecutionOrderSort2 (0ms)
		AwakeInstancesAfterBackupRestoration (7ms)
Refreshing native plugins compatible for Editor in 8.57 ms, found 3 plugins.
Preloading 0 native plugins for Editor in 0.00 ms.
Unloading 3652 Unused Serialized files (Serialized files now loaded: 0)
Unloading 19 unused Assets / (31.2 KB). Loaded Objects now: 4284.
Memory consumption went from 138.6 MB to 138.6 MB.
Total: 3.242600 ms (FindLiveObjects: 0.286100 ms CreateObjectMapping: 0.209700 ms MarkObjects: 2.686000 ms  DeleteObjects: 0.060200 ms)

Prepare: number of updated asset objects reloaded= 0
AssetImportParameters requested are different than current active one (requested -> active):
  custom:container-demuxer-ogg: 62fdf1f143b41e24485cea50d1cbac27 -> 
  custom:video-codec-MediaFoundation-h265: 746d11721c4dcdbdad8f713fa42b33f4 -> 
  custom:video-decoder-ogg-theora: a1e56fd34408186e4bbccfd4996cb3dc -> 
  custom:framework-win-MediaFoundation: 216162199b28c13a410421893ffa2e32 -> 
  custom:CustomObjectIndexerAttribute: 9a22284fe3817be447336de3de66b15e -> 
  custom:container-demuxer-webm: 4f35f7cbe854078d1ac9338744f61a02 -> 
  custom:container-muxer-webm: aa71ff27fc2769a1b78a27578f13a17b -> 
  custom:video-decoder-webm-vp8: 9c59270c3fd7afecdb556c50c9e8de78 -> 
  custom:SearchIndexIgnoredProperties: e643bd26f0fe6173181afceb89e7c659 -> 
  custom:AudioImporter_EditorPlatform: d09bf68614088b80899f8185d706f6e7 -> 
  custom:video-encoder-webm-vp8: eb34c28f22e8b96e1ab97ce403110664 -> 
  custom:audio-decoder-ogg-vorbis: bf7c407c2cedff20999df2af8eb42d56 -> 
  custom:audio-encoder-webm-vorbis: bf7c407c2cedff20999df2af8eb42d56 -> 
  custom:scripting/precompiled-assembly-types:Assembly-CSharp: a81667d6ee2745bea30b45e3fe8220b0 -> 8e4451fd7b8041e811e8b85aaf8b7e55
========================================================================
Received Prepare
Caller must complete domain reload
Begin MonoManager ReloadAssembly
- Loaded All Assemblies, in  0.843 seconds
Native extension for WindowsStandalone target not found
Native extension for WebGL target not found
Mono: successfully reloaded assembly
- Finished resetting the current domain, in  1.691 seconds
Domain Reload Profiling: 2525ms
	BeginReloadAssembly (237ms)
		ExecutionOrderSort (0ms)
		DisableScriptedObjects (8ms)
		BackupInstance (0ms)
		ReleaseScriptingObjects (0ms)
		CreateAndSetChildDomain (36ms)
	RebuildCommonClasses (70ms)
	RebuildNativeTypeToScriptingClass (16ms)
	initialDomainReloadingComplete (66ms)
	LoadAllAssembliesAndSetupDomain (444ms)
		LoadAssemblies (553ms)
		RebuildTransferFunctionScriptingTraits (0ms)
		AnalyzeDomain (37ms)
			TypeCache.Refresh (16ms)
				TypeCache.ScanAssembly (2ms)
			ScanForSourceGeneratedMonoScriptInfo (11ms)
			ResolveRequiredComponents (8ms)
	FinalizeReload (1692ms)
		ReleaseScriptCaches (0ms)
		RebuildScriptCaches (0ms)
		SetupLoadedEditorAssemblies (727ms)
			LogAssemblyErrors (0ms)
			InitializePlatformSupportModulesInManaged (22ms)
			SetLoadedEditorAssemblies (6ms)
			RefreshPlugins (0ms)
			BeforeProcessingInitializeOnLoad (130ms)
			ProcessInitializeOnLoadAttributes (514ms)
			ProcessInitializeOnLoadMethodAttributes (42ms)
			AfterProcessingInitializeOnLoad (13ms)
			EditorAssembliesLoaded (0ms)
		ExecutionOrderSort2 (0ms)
		AwakeInstancesAfterBackupRestoration (9ms)
Script is not up to date after domain reload: guid(bc188341af69fd246b7de15cc928528f) path("Assets/Scripts/GuruGuru.cs") state(2)
Refreshing native plugins compatible for Editor in 8.03 ms, found 3 plugins.
Preloading 0 native plugins for Editor in 0.00 ms.
Unloading 3652 Unused Serialized files (Serialized files now loaded: 0)
Unloading 19 unused Assets / (31.1 KB). Loaded Objects now: 4286.
Memory consumption went from 138.9 MB to 138.8 MB.
Total: 4.420400 ms (FindLiveObjects: 0.365100 ms CreateObjectMapping: 0.288900 ms MarkObjects: 3.705800 ms  DeleteObjects: 0.056900 ms)

Prepare: number of updated asset objects reloaded= 0
AssetImportParameters requested are different than current active one (requested -> active):
  custom:container-demuxer-ogg: 62fdf1f143b41e24485cea50d1cbac27 -> 
  custom:video-codec-MediaFoundation-h265: 746d11721c4dcdbdad8f713fa42b33f4 -> 
  custom:video-decoder-ogg-theora: a1e56fd34408186e4bbccfd4996cb3dc -> 
  custom:framework-win-MediaFoundation: 216162199b28c13a410421893ffa2e32 -> 
  custom:CustomObjectIndexerAttribute: 9a22284fe3817be447336de3de66b15e -> 
  custom:container-demuxer-webm: 4f35f7cbe854078d1ac9338744f61a02 -> 
  custom:container-muxer-webm: aa71ff27fc2769a1b78a27578f13a17b -> 
  custom:video-decoder-webm-vp8: 9c59270c3fd7afecdb556c50c9e8de78 -> 
  custom:SearchIndexIgnoredProperties: e643bd26f0fe6173181afceb89e7c659 -> 
  custom:AudioImporter_EditorPlatform: d09bf68614088b80899f8185d706f6e7 -> 
  custom:video-encoder-webm-vp8: eb34c28f22e8b96e1ab97ce403110664 -> 
  custom:audio-decoder-ogg-vorbis: bf7c407c2cedff20999df2af8eb42d56 -> 
  custom:audio-encoder-webm-vorbis: bf7c407c2cedff20999df2af8eb42d56 -> 
  custom:scripting/precompiled-assembly-types:Assembly-CSharp: a81667d6ee2745bea30b45e3fe8220b0 -> 8e4451fd7b8041e811e8b85aaf8b7e55
========================================================================
Received Prepare
Caller must complete domain reload
Begin MonoManager ReloadAssembly
- Loaded All Assemblies, in  0.741 seconds
Native extension for WindowsStandalone target not found
Native extension for WebGL target not found
Mono: successfully reloaded assembly
- Finished resetting the current domain, in  1.401 seconds
Domain Reload Profiling: 2137ms
	BeginReloadAssembly (228ms)
		ExecutionOrderSort (0ms)
		DisableScriptedObjects (8ms)
		BackupInstance (0ms)
		ReleaseScriptingObjects (0ms)
		CreateAndSetChildDomain (44ms)
	RebuildCommonClasses (51ms)
	RebuildNativeTypeToScriptingClass (23ms)
	initialDomainReloadingComplete (47ms)
	LoadAllAssembliesAndSetupDomain (386ms)
		LoadAssemblies (476ms)
		RebuildTransferFunctionScriptingTraits (0ms)
		AnalyzeDomain (40ms)
			TypeCache.Refresh (12ms)
				TypeCache.ScanAssembly (1ms)
			ScanForSourceGeneratedMonoScriptInfo (14ms)
			ResolveRequiredComponents (11ms)
	FinalizeReload (1402ms)
		ReleaseScriptCaches (0ms)
		RebuildScriptCaches (0ms)
		SetupLoadedEditorAssemblies (635ms)
			LogAssemblyErrors (0ms)
			InitializePlatformSupportModulesInManaged (16ms)
			SetLoadedEditorAssemblies (5ms)
			RefreshPlugins (0ms)
			BeforeProcessingInitializeOnLoad (108ms)
			ProcessInitializeOnLoadAttributes (445ms)
			ProcessInitializeOnLoadMethodAttributes (46ms)
			AfterProcessingInitializeOnLoad (15ms)
			EditorAssembliesLoaded (0ms)
		ExecutionOrderSort2 (0ms)
		AwakeInstancesAfterBackupRestoration (9ms)
Refreshing native plugins compatible for Editor in 8.07 ms, found 3 plugins.
Preloading 0 native plugins for Editor in 0.00 ms.
Unloading 3653 Unused Serialized files (Serialized files now loaded: 0)
Unloading 19 unused Assets / (31.1 KB). Loaded Objects now: 4290.
Memory consumption went from 138.9 MB to 138.9 MB.
Total: 3.342000 ms (FindLiveObjects: 0.334500 ms CreateObjectMapping: 0.265900 ms MarkObjects: 2.694400 ms  DeleteObjects: 0.045800 ms)

Prepare: number of updated asset objects reloaded= 0
AssetImportParameters requested are different than current active one (requested -> active):
  custom:container-demuxer-ogg: 62fdf1f143b41e24485cea50d1cbac27 -> 
  custom:video-codec-MediaFoundation-h265: 746d11721c4dcdbdad8f713fa42b33f4 -> 
  custom:video-decoder-ogg-theora: a1e56fd34408186e4bbccfd4996cb3dc -> 
  custom:framework-win-MediaFoundation: 216162199b28c13a410421893ffa2e32 -> 
  custom:CustomObjectIndexerAttribute: 9a22284fe3817be447336de3de66b15e -> 
  custom:container-demuxer-webm: 4f35f7cbe854078d1ac9338744f61a02 -> 
  custom:container-muxer-webm: aa71ff27fc2769a1b78a27578f13a17b -> 
  custom:video-decoder-webm-vp8: 9c59270c3fd7afecdb556c50c9e8de78 -> 
  custom:SearchIndexIgnoredProperties: e643bd26f0fe6173181afceb89e7c659 -> 
  custom:AudioImporter_EditorPlatform: d09bf68614088b80899f8185d706f6e7 -> 
  custom:video-encoder-webm-vp8: eb34c28f22e8b96e1ab97ce403110664 -> 
  custom:audio-decoder-ogg-vorbis: bf7c407c2cedff20999df2af8eb42d56 -> 
  custom:audio-encoder-webm-vorbis: bf7c407c2cedff20999df2af8eb42d56 -> 
  custom:scripting/precompiled-assembly-types:Assembly-CSharp: a81667d6ee2745bea30b45e3fe8220b0 -> 8e4451fd7b8041e811e8b85aaf8b7e55
========================================================================
Received Prepare
Caller must complete domain reload
Begin MonoManager ReloadAssembly
- Loaded All Assemblies, in  0.855 seconds
Native extension for WindowsStandalone target not found
Native extension for WebGL target not found
Mono: successfully reloaded assembly
- Finished resetting the current domain, in  3.089 seconds
Domain Reload Profiling: 3936ms
	BeginReloadAssembly (262ms)
		ExecutionOrderSort (0ms)
		DisableScriptedObjects (8ms)
		BackupInstance (0ms)
		ReleaseScriptingObjects (0ms)
		CreateAndSetChildDomain (39ms)
	RebuildCommonClasses (83ms)
	RebuildNativeTypeToScriptingClass (22ms)
	initialDomainReloadingComplete (69ms)
	LoadAllAssembliesAndSetupDomain (409ms)
		LoadAssemblies (556ms)
		RebuildTransferFunctionScriptingTraits (0ms)
		AnalyzeDomain (19ms)
			TypeCache.Refresh (8ms)
				TypeCache.ScanAssembly (0ms)
			ScanForSourceGeneratedMonoScriptInfo (0ms)
			ResolveRequiredComponents (9ms)
	FinalizeReload (3091ms)
		ReleaseScriptCaches (0ms)
		RebuildScriptCaches (0ms)
		SetupLoadedEditorAssemblies (1908ms)
			LogAssemblyErrors (0ms)
			InitializePlatformSupportModulesInManaged (39ms)
			SetLoadedEditorAssemblies (14ms)
			RefreshPlugins (0ms)
			BeforeProcessingInitializeOnLoad (306ms)
			ProcessInitializeOnLoadAttributes (1365ms)
			ProcessInitializeOnLoadMethodAttributes (134ms)
			AfterProcessingInitializeOnLoad (51ms)
			EditorAssembliesLoaded (0ms)
		ExecutionOrderSort2 (0ms)
		AwakeInstancesAfterBackupRestoration (28ms)
Refreshing native plugins compatible for Editor in 9.46 ms, found 3 plugins.
Preloading 0 native plugins for Editor in 0.00 ms.
Unloading 3653 Unused Serialized files (Serialized files now loaded: 0)
Unloading 19 unused Assets / (31.1 KB). Loaded Objects now: 4293.
Memory consumption went from 138.9 MB to 138.9 MB.
Total: 3.303900 ms (FindLiveObjects: 0.319500 ms CreateObjectMapping: 0.277000 ms MarkObjects: 2.663200 ms  DeleteObjects: 0.043000 ms)

Prepare: number of updated asset objects reloaded= 0
AssetImportParameters requested are different than current active one (requested -> active):
  custom:container-demuxer-ogg: 62fdf1f143b41e24485cea50d1cbac27 -> 
  custom:video-codec-MediaFoundation-h265: 746d11721c4dcdbdad8f713fa42b33f4 -> 
  custom:video-decoder-ogg-theora: a1e56fd34408186e4bbccfd4996cb3dc -> 
  custom:framework-win-MediaFoundation: 216162199b28c13a410421893ffa2e32 -> 
  custom:CustomObjectIndexerAttribute: 9a22284fe3817be447336de3de66b15e -> 
  custom:container-demuxer-webm: 4f35f7cbe854078d1ac9338744f61a02 -> 
  custom:container-muxer-webm: aa71ff27fc2769a1b78a27578f13a17b -> 
  custom:video-decoder-webm-vp8: 9c59270c3fd7afecdb556c50c9e8de78 -> 
  custom:SearchIndexIgnoredProperties: e643bd26f0fe6173181afceb89e7c659 -> 
  custom:AudioImporter_EditorPlatform: d09bf68614088b80899f8185d706f6e7 -> 
  custom:video-encoder-webm-vp8: eb34c28f22e8b96e1ab97ce403110664 -> 
  custom:audio-decoder-ogg-vorbis: bf7c407c2cedff20999df2af8eb42d56 -> 
  custom:audio-encoder-webm-vorbis: bf7c407c2cedff20999df2af8eb42d56 -> 
  custom:scripting/precompiled-assembly-types:Assembly-CSharp: a81667d6ee2745bea30b45e3fe8220b0 -> 8e4451fd7b8041e811e8b85aaf8b7e55
========================================================================
Received Prepare
Caller must complete domain reload
Begin MonoManager ReloadAssembly
- Loaded All Assemblies, in  0.673 seconds
Native extension for WindowsStandalone target not found
Native extension for WebGL target not found
Mono: successfully reloaded assembly
- Finished resetting the current domain, in  2.203 seconds
Domain Reload Profiling: 2872ms
	BeginReloadAssembly (206ms)
		ExecutionOrderSort (0ms)
		DisableScriptedObjects (5ms)
		BackupInstance (0ms)
		ReleaseScriptingObjects (0ms)
		CreateAndSetChildDomain (35ms)
	RebuildCommonClasses (61ms)
	RebuildNativeTypeToScriptingClass (18ms)
	initialDomainReloadingComplete (48ms)
	LoadAllAssembliesAndSetupDomain (333ms)
		LoadAssemblies (442ms)
		RebuildTransferFunctionScriptingTraits (0ms)
		AnalyzeDomain (19ms)
			TypeCache.Refresh (8ms)
				TypeCache.ScanAssembly (0ms)
			ScanForSourceGeneratedMonoScriptInfo (0ms)
			ResolveRequiredComponents (9ms)
	FinalizeReload (2206ms)
		ReleaseScriptCaches (0ms)
		RebuildScriptCaches (0ms)
		SetupLoadedEditorAssemblies (1352ms)
			LogAssemblyErrors (0ms)
			InitializePlatformSupportModulesInManaged (14ms)
			SetLoadedEditorAssemblies (3ms)
			RefreshPlugins (0ms)
			BeforeProcessingInitializeOnLoad (165ms)
			ProcessInitializeOnLoadAttributes (996ms)
			ProcessInitializeOnLoadMethodAttributes (126ms)
			AfterProcessingInitializeOnLoad (47ms)
			EditorAssembliesLoaded (1ms)
		ExecutionOrderSort2 (0ms)
		AwakeInstancesAfterBackupRestoration (19ms)
Refreshing native plugins compatible for Editor in 26.33 ms, found 3 plugins.
Preloading 0 native plugins for Editor in 0.00 ms.
Unloading 3653 Unused Serialized files (Serialized files now loaded: 0)
Unloading 19 unused Assets / (31.1 KB). Loaded Objects now: 4296.
Memory consumption went from 138.9 MB to 138.9 MB.
Total: 10.047800 ms (FindLiveObjects: 0.959800 ms CreateObjectMapping: 1.224800 ms MarkObjects: 7.776900 ms  DeleteObjects: 0.084300 ms)

Prepare: number of updated asset objects reloaded= 0
AssetImportParameters requested are different than current active one (requested -> active):
  custom:container-demuxer-ogg: 62fdf1f143b41e24485cea50d1cbac27 -> 
  custom:video-codec-MediaFoundation-h265: 746d11721c4dcdbdad8f713fa42b33f4 -> 
  custom:video-decoder-ogg-theora: a1e56fd34408186e4bbccfd4996cb3dc -> 
  custom:framework-win-MediaFoundation: 216162199b28c13a410421893ffa2e32 -> 
  custom:CustomObjectIndexerAttribute: 9a22284fe3817be447336de3de66b15e -> 
  custom:container-demuxer-webm: 4f35f7cbe854078d1ac9338744f61a02 -> 
  custom:container-muxer-webm: aa71ff27fc2769a1b78a27578f13a17b -> 
  custom:video-decoder-webm-vp8: 9c59270c3fd7afecdb556c50c9e8de78 -> 
  custom:SearchIndexIgnoredProperties: e643bd26f0fe6173181afceb89e7c659 -> 
  custom:AudioImporter_EditorPlatform: d09bf68614088b80899f8185d706f6e7 -> 
  custom:video-encoder-webm-vp8: eb34c28f22e8b96e1ab97ce403110664 -> 
  custom:audio-decoder-ogg-vorbis: bf7c407c2cedff20999df2af8eb42d56 -> 
  custom:audio-encoder-webm-vorbis: bf7c407c2cedff20999df2af8eb42d56 -> 
  custom:scripting/precompiled-assembly-types:Assembly-CSharp: a81667d6ee2745bea30b45e3fe8220b0 -> 8e4451fd7b8041e811e8b85aaf8b7e55
========================================================================
Received Prepare
Caller must complete domain reload
Begin MonoManager ReloadAssembly
- Loaded All Assemblies, in  0.671 seconds
Native extension for WindowsStandalone target not found
Native extension for WebGL target not found
Mono: successfully reloaded assembly
- Finished resetting the current domain, in  2.300 seconds
Domain Reload Profiling: 2964ms
	BeginReloadAssembly (197ms)
		ExecutionOrderSort (0ms)
		DisableScriptedObjects (6ms)
		BackupInstance (0ms)
		ReleaseScriptingObjects (0ms)
		CreateAndSetChildDomain (37ms)
	RebuildCommonClasses (52ms)
	RebuildNativeTypeToScriptingClass (21ms)
	initialDomainReloadingComplete (52ms)
	LoadAllAssembliesAndSetupDomain (342ms)
		LoadAssemblies (439ms)
		RebuildTransferFunctionScriptingTraits (0ms)
		AnalyzeDomain (21ms)
			TypeCache.Refresh (8ms)
				TypeCache.ScanAssembly (0ms)
			ScanForSourceGeneratedMonoScriptInfo (0ms)
			ResolveRequiredComponents (11ms)
	FinalizeReload (2301ms)
		ReleaseScriptCaches (0ms)
		RebuildScriptCaches (0ms)
		SetupLoadedEditorAssemblies (1361ms)
			LogAssemblyErrors (0ms)
			InitializePlatformSupportModulesInManaged (36ms)
			SetLoadedEditorAssemblies (11ms)
			RefreshPlugins (0ms)
			BeforeProcessingInitializeOnLoad (196ms)
			ProcessInitializeOnLoadAttributes (983ms)
			ProcessInitializeOnLoadMethodAttributes (98ms)
			AfterProcessingInitializeOnLoad (35ms)
			EditorAssembliesLoaded (1ms)
		ExecutionOrderSort2 (0ms)
		AwakeInstancesAfterBackupRestoration (25ms)
Refreshing native plugins compatible for Editor in 18.04 ms, found 3 plugins.
Preloading 0 native plugins for Editor in 0.00 ms.
Unloading 3653 Unused Serialized files (Serialized files now loaded: 0)
Unloading 19 unused Assets / (31.1 KB). Loaded Objects now: 4299.
Memory consumption went from 138.9 MB to 138.9 MB.
Total: 8.242600 ms (FindLiveObjects: 0.500700 ms CreateObjectMapping: 0.398700 ms MarkObjects: 7.264400 ms  DeleteObjects: 0.077000 ms)

Prepare: number of updated asset objects reloaded= 0
AssetImportParameters requested are different than current active one (requested -> active):
  custom:container-demuxer-ogg: 62fdf1f143b41e24485cea50d1cbac27 -> 
  custom:video-codec-MediaFoundation-h265: 746d11721c4dcdbdad8f713fa42b33f4 -> 
  custom:video-decoder-ogg-theora: a1e56fd34408186e4bbccfd4996cb3dc -> 
  custom:framework-win-MediaFoundation: 216162199b28c13a410421893ffa2e32 -> 
  custom:CustomObjectIndexerAttribute: 9a22284fe3817be447336de3de66b15e -> 
  custom:container-demuxer-webm: 4f35f7cbe854078d1ac9338744f61a02 -> 
  custom:container-muxer-webm: aa71ff27fc2769a1b78a27578f13a17b -> 
  custom:video-decoder-webm-vp8: 9c59270c3fd7afecdb556c50c9e8de78 -> 
  custom:SearchIndexIgnoredProperties: e643bd26f0fe6173181afceb89e7c659 -> 
  custom:AudioImporter_EditorPlatform: d09bf68614088b80899f8185d706f6e7 -> 
  custom:video-encoder-webm-vp8: eb34c28f22e8b96e1ab97ce403110664 -> 
  custom:audio-decoder-ogg-vorbis: bf7c407c2cedff20999df2af8eb42d56 -> 
  custom:audio-encoder-webm-vorbis: bf7c407c2cedff20999df2af8eb42d56 -> 
  custom:scripting/precompiled-assembly-types:Assembly-CSharp: a81667d6ee2745bea30b45e3fe8220b0 -> 8e4451fd7b8041e811e8b85aaf8b7e55
========================================================================
Received Prepare
Caller must complete domain reload
Begin MonoManager ReloadAssembly
- Loaded All Assemblies, in  0.666 seconds
Native extension for WindowsStandalone target not found
Native extension for WebGL target not found
Mono: successfully reloaded assembly
- Finished resetting the current domain, in  2.305 seconds
Domain Reload Profiling: 2965ms
	BeginReloadAssembly (212ms)
		ExecutionOrderSort (0ms)
		DisableScriptedObjects (7ms)
		BackupInstance (0ms)
		ReleaseScriptingObjects (0ms)
		CreateAndSetChildDomain (38ms)
	RebuildCommonClasses (49ms)
	RebuildNativeTypeToScriptingClass (17ms)
	initialDomainReloadingComplete (50ms)
	LoadAllAssembliesAndSetupDomain (330ms)
		LoadAssemblies (433ms)
		RebuildTransferFunctionScriptingTraits (0ms)
		AnalyzeDomain (21ms)
			TypeCache.Refresh (9ms)
				TypeCache.ScanAssembly (0ms)
			ScanForSourceGeneratedMonoScriptInfo (0ms)
			ResolveRequiredComponents (10ms)
	FinalizeReload (2306ms)
		ReleaseScriptCaches (0ms)
		RebuildScriptCaches (0ms)
		SetupLoadedEditorAssemblies (1371ms)
			LogAssemblyErrors (0ms)
			InitializePlatformSupportModulesInManaged (30ms)
			SetLoadedEditorAssemblies (11ms)
			RefreshPlugins (0ms)
			BeforeProcessingInitializeOnLoad (244ms)
			ProcessInitializeOnLoadAttributes (949ms)
			ProcessInitializeOnLoadMethodAttributes (109ms)
			AfterProcessingInitializeOnLoad (27ms)
			EditorAssembliesLoaded (1ms)
		ExecutionOrderSort2 (0ms)
		AwakeInstancesAfterBackupRestoration (22ms)
Refreshing native plugins compatible for Editor in 20.91 ms, found 3 plugins.
Preloading 0 native plugins for Editor in 0.00 ms.
Unloading 3653 Unused Serialized files (Serialized files now loaded: 0)
Unloading 19 unused Assets / (31.1 KB). Loaded Objects now: 4302.
Memory consumption went from 138.9 MB to 138.9 MB.
Total: 7.933800 ms (FindLiveObjects: 1.099600 ms CreateObjectMapping: 0.892600 ms MarkObjects: 5.689100 ms  DeleteObjects: 0.250300 ms)

Prepare: number of updated asset objects reloaded= 0
AssetImportParameters requested are different than current active one (requested -> active):
  custom:container-demuxer-ogg: 62fdf1f143b41e24485cea50d1cbac27 -> 
  custom:video-codec-MediaFoundation-h265: 746d11721c4dcdbdad8f713fa42b33f4 -> 
  custom:video-decoder-ogg-theora: a1e56fd34408186e4bbccfd4996cb3dc -> 
  custom:framework-win-MediaFoundation: 216162199b28c13a410421893ffa2e32 -> 
  custom:CustomObjectIndexerAttribute: 9a22284fe3817be447336de3de66b15e -> 
  custom:container-demuxer-webm: 4f35f7cbe854078d1ac9338744f61a02 -> 
  custom:container-muxer-webm: aa71ff27fc2769a1b78a27578f13a17b -> 
  custom:video-decoder-webm-vp8: 9c59270c3fd7afecdb556c50c9e8de78 -> 
  custom:SearchIndexIgnoredProperties: e643bd26f0fe6173181afceb89e7c659 -> 
  custom:AudioImporter_EditorPlatform: d09bf68614088b80899f8185d706f6e7 -> 
  custom:video-encoder-webm-vp8: eb34c28f22e8b96e1ab97ce403110664 -> 
  custom:audio-decoder-ogg-vorbis: bf7c407c2cedff20999df2af8eb42d56 -> 
  custom:audio-encoder-webm-vorbis: bf7c407c2cedff20999df2af8eb42d56 -> 
  custom:scripting/precompiled-assembly-types:Assembly-CSharp: a81667d6ee2745bea30b45e3fe8220b0 -> 8e4451fd7b8041e811e8b85aaf8b7e55
========================================================================
Received Prepare
Caller must complete domain reload
Begin MonoManager ReloadAssembly
- Loaded All Assemblies, in  0.648 seconds
Native extension for WindowsStandalone target not found
Native extension for WebGL target not found
Mono: successfully reloaded assembly
- Finished resetting the current domain, in  2.996 seconds
Domain Reload Profiling: 3640ms
	BeginReloadAssembly (203ms)
		ExecutionOrderSort (0ms)
		DisableScriptedObjects (5ms)
		BackupInstance (0ms)
		ReleaseScriptingObjects (0ms)
		CreateAndSetChildDomain (39ms)
	RebuildCommonClasses (60ms)
	RebuildNativeTypeToScriptingClass (21ms)
	initialDomainReloadingComplete (44ms)
	LoadAllAssembliesAndSetupDomain (315ms)
		LoadAssemblies (414ms)
		RebuildTransferFunctionScriptingTraits (0ms)
		AnalyzeDomain (17ms)
			TypeCache.Refresh (8ms)
				TypeCache.ScanAssembly (0ms)
			ScanForSourceGeneratedMonoScriptInfo (0ms)
			ResolveRequiredComponents (7ms)
	FinalizeReload (2997ms)
		ReleaseScriptCaches (0ms)
		RebuildScriptCaches (0ms)
		SetupLoadedEditorAssemblies (1511ms)
			LogAssemblyErrors (0ms)
			InitializePlatformSupportModulesInManaged (31ms)
			SetLoadedEditorAssemblies (11ms)
			RefreshPlugins (0ms)
			BeforeProcessingInitializeOnLoad (262ms)
			ProcessInitializeOnLoadAttributes (1062ms)
			ProcessInitializeOnLoadMethodAttributes (111ms)
			AfterProcessingInitializeOnLoad (33ms)
			EditorAssembliesLoaded (0ms)
		ExecutionOrderSort2 (0ms)
		AwakeInstancesAfterBackupRestoration (19ms)
Refreshing native plugins compatible for Editor in 20.60 ms, found 3 plugins.
Preloading 0 native plugins for Editor in 0.00 ms.
Unloading 3653 Unused Serialized files (Serialized files now loaded: 0)
Unloading 19 unused Assets / (31.1 KB). Loaded Objects now: 4305.
Memory consumption went from 138.9 MB to 138.9 MB.
Total: 9.119100 ms (FindLiveObjects: 1.010500 ms CreateObjectMapping: 0.775400 ms MarkObjects: 7.060300 ms  DeleteObjects: 0.267200 ms)

Prepare: number of updated asset objects reloaded= 0
AssetImportParameters requested are different than current active one (requested -> active):
  custom:container-demuxer-ogg: 62fdf1f143b41e24485cea50d1cbac27 -> 
  custom:video-codec-MediaFoundation-h265: 746d11721c4dcdbdad8f713fa42b33f4 -> 
  custom:video-decoder-ogg-theora: a1e56fd34408186e4bbccfd4996cb3dc -> 
  custom:framework-win-MediaFoundation: 216162199b28c13a410421893ffa2e32 -> 
  custom:CustomObjectIndexerAttribute: 9a22284fe3817be447336de3de66b15e -> 
  custom:container-demuxer-webm: 4f35f7cbe854078d1ac9338744f61a02 -> 
  custom:container-muxer-webm: aa71ff27fc2769a1b78a27578f13a17b -> 
  custom:video-decoder-webm-vp8: 9c59270c3fd7afecdb556c50c9e8de78 -> 
  custom:SearchIndexIgnoredProperties: e643bd26f0fe6173181afceb89e7c659 -> 
  custom:AudioImporter_EditorPlatform: d09bf68614088b80899f8185d706f6e7 -> 
  custom:video-encoder-webm-vp8: eb34c28f22e8b96e1ab97ce403110664 -> 
  custom:audio-decoder-ogg-vorbis: bf7c407c2cedff20999df2af8eb42d56 -> 
  custom:audio-encoder-webm-vorbis: bf7c407c2cedff20999df2af8eb42d56 -> 
  custom:scripting/precompiled-assembly-types:Assembly-CSharp: a81667d6ee2745bea30b45e3fe8220b0 -> 8e4451fd7b8041e811e8b85aaf8b7e55
========================================================================
Received Prepare
Caller must complete domain reload
Begin MonoManager ReloadAssembly
- Loaded All Assemblies, in  0.690 seconds
Native extension for WindowsStandalone target not found
Native extension for WebGL target not found
Mono: successfully reloaded assembly
- Finished resetting the current domain, in  3.102 seconds
Domain Reload Profiling: 3786ms
	BeginReloadAssembly (218ms)
		ExecutionOrderSort (0ms)
		DisableScriptedObjects (7ms)
		BackupInstance (0ms)
		ReleaseScriptingObjects (0ms)
		CreateAndSetChildDomain (41ms)
	RebuildCommonClasses (60ms)
	RebuildNativeTypeToScriptingClass (21ms)
	initialDomainReloadingComplete (51ms)
	LoadAllAssembliesAndSetupDomain (334ms)
		LoadAssemblies (441ms)
		RebuildTransferFunctionScriptingTraits (0ms)
		AnalyzeDomain (18ms)
			TypeCache.Refresh (7ms)
				TypeCache.ScanAssembly (0ms)
			ScanForSourceGeneratedMonoScriptInfo (0ms)
			ResolveRequiredComponents (9ms)
	FinalizeReload (3103ms)
		ReleaseScriptCaches (0ms)
		RebuildScriptCaches (0ms)
		SetupLoadedEditorAssemblies (1501ms)
			LogAssemblyErrors (0ms)
			InitializePlatformSupportModulesInManaged (31ms)
			SetLoadedEditorAssemblies (10ms)
			RefreshPlugins (0ms)
			BeforeProcessingInitializeOnLoad (253ms)
			ProcessInitializeOnLoadAttributes (1045ms)
			ProcessInitializeOnLoadMethodAttributes (120ms)
			AfterProcessingInitializeOnLoad (41ms)
			EditorAssembliesLoaded (1ms)
		ExecutionOrderSort2 (0ms)
		AwakeInstancesAfterBackupRestoration (23ms)
Refreshing native plugins compatible for Editor in 21.82 ms, found 3 plugins.
Preloading 0 native plugins for Editor in 0.00 ms.
Unloading 3653 Unused Serialized files (Serialized files now loaded: 0)
Unloading 19 unused Assets / (31.1 KB). Loaded Objects now: 4308.
Memory consumption went from 138.9 MB to 138.9 MB.
Total: 4.421700 ms (FindLiveObjects: 0.328000 ms CreateObjectMapping: 0.278200 ms MarkObjects: 3.726200 ms  DeleteObjects: 0.087800 ms)

Prepare: number of updated asset objects reloaded= 0
AssetImportParameters requested are different than current active one (requested -> active):
  custom:container-demuxer-ogg: 62fdf1f143b41e24485cea50d1cbac27 -> 
  custom:video-codec-MediaFoundation-h265: 746d11721c4dcdbdad8f713fa42b33f4 -> 
  custom:video-decoder-ogg-theora: a1e56fd34408186e4bbccfd4996cb3dc -> 
  custom:framework-win-MediaFoundation: 216162199b28c13a410421893ffa2e32 -> 
  custom:CustomObjectIndexerAttribute: 9a22284fe3817be447336de3de66b15e -> 
  custom:container-demuxer-webm: 4f35f7cbe854078d1ac9338744f61a02 -> 
  custom:container-muxer-webm: aa71ff27fc2769a1b78a27578f13a17b -> 
  custom:video-decoder-webm-vp8: 9c59270c3fd7afecdb556c50c9e8de78 -> 
  custom:SearchIndexIgnoredProperties: e643bd26f0fe6173181afceb89e7c659 -> 
  custom:AudioImporter_EditorPlatform: d09bf68614088b80899f8185d706f6e7 -> 
  custom:video-encoder-webm-vp8: eb34c28f22e8b96e1ab97ce403110664 -> 
  custom:audio-decoder-ogg-vorbis: bf7c407c2cedff20999df2af8eb42d56 -> 
  custom:audio-encoder-webm-vorbis: bf7c407c2cedff20999df2af8eb42d56 -> 
  custom:scripting/precompiled-assembly-types:Assembly-CSharp: a81667d6ee2745bea30b45e3fe8220b0 -> 8e4451fd7b8041e811e8b85aaf8b7e55
========================================================================
Received Import Request.
  Time since last request: 2640.422302 seconds.
  path: Assets/aseprite/raika.aseprite
  artifactKey: Guid(48edf4c98c5156248b669fd94c5cdd4b) Importer(815301076,1909f56bfc062723c751e8b465ee728b)
Start importing Assets/aseprite/raika.aseprite using Guid(48edf4c98c5156248b669fd94c5cdd4b) Importer(815301076,1909f56bfc062723c751e8b465ee728b) [PhysX] Initialized MultithreadedTaskDispatcher with 8 workers.
[PhysX] Initialized MultithreadedTaskDispatcher with 8 workers.
[PhysX] Initialized MultithreadedTaskDispatcher with 8 workers.
 -> (artifact id: 'c8efd27b9fa8bac2893307641e56694f') in 0.151419 seconds
Number of updated asset objects reloaded before import = 0
Number of asset objects unloaded after import = 12
========================================================================
Received Import Request.
  Time since last request: 31.942687 seconds.
  path: ProjectSettings/TagManager.asset
  artifactKey: Guid(00000000000000003000000000000000) Importer(815301076,1909f56bfc062723c751e8b465ee728b)
Start importing ProjectSettings/TagManager.asset using Guid(00000000000000003000000000000000) Importer(815301076,1909f56bfc062723c751e8b465ee728b) [PhysX] Initialized MultithreadedTaskDispatcher with 8 workers.
 -> (artifact id: '92754ac36467a7e14213246c96ebc325') in 0.000955 seconds
Number of updated asset objects reloaded before import = 0
Number of asset objects unloaded after import = 0
========================================================================
Received Prepare
Caller must complete domain reload
Begin MonoManager ReloadAssembly
- Loaded All Assemblies, in  0.687 seconds
Native extension for WindowsStandalone target not found
Native extension for WebGL target not found
Mono: successfully reloaded assembly
- Finished resetting the current domain, in  2.809 seconds
Domain Reload Profiling: 3491ms
	BeginReloadAssembly (215ms)
		ExecutionOrderSort (0ms)
		DisableScriptedObjects (7ms)
		BackupInstance (0ms)
		ReleaseScriptingObjects (0ms)
		CreateAndSetChildDomain (45ms)
	RebuildCommonClasses (42ms)
	RebuildNativeTypeToScriptingClass (16ms)
	initialDomainReloadingComplete (43ms)
	LoadAllAssembliesAndSetupDomain (366ms)
		LoadAssemblies (465ms)
		RebuildTransferFunctionScriptingTraits (0ms)
		AnalyzeDomain (20ms)
			TypeCache.Refresh (8ms)
				TypeCache.ScanAssembly (0ms)
			ScanForSourceGeneratedMonoScriptInfo (0ms)
			ResolveRequiredComponents (10ms)
	FinalizeReload (2810ms)
		ReleaseScriptCaches (0ms)
		RebuildScriptCaches (0ms)
		SetupLoadedEditorAssemblies (1462ms)
			LogAssemblyErrors (0ms)
			InitializePlatformSupportModulesInManaged (31ms)
			SetLoadedEditorAssemblies (7ms)
			RefreshPlugins (0ms)
			BeforeProcessingInitializeOnLoad (197ms)
			ProcessInitializeOnLoadAttributes (1084ms)
			ProcessInitializeOnLoadMethodAttributes (117ms)
			AfterProcessingInitializeOnLoad (27ms)
			EditorAssembliesLoaded (0ms)
		ExecutionOrderSort2 (0ms)
		AwakeInstancesAfterBackupRestoration (19ms)
Refreshing native plugins compatible for Editor in 18.82 ms, found 3 plugins.
Preloading 0 native plugins for Editor in 0.00 ms.
Unloading 3652 Unused Serialized files (Serialized files now loaded: 0)
Unloading 19 unused Assets / (31.1 KB). Loaded Objects now: 4315.
Memory consumption went from 138.7 MB to 138.6 MB.
Total: 9.188900 ms (FindLiveObjects: 1.152700 ms CreateObjectMapping: 1.046600 ms MarkObjects: 6.843300 ms  DeleteObjects: 0.144700 ms)

Prepare: number of updated asset objects reloaded= 0
AssetImportParameters requested are different than current active one (requested -> active):
  custom:container-demuxer-ogg: 62fdf1f143b41e24485cea50d1cbac27 -> 
  custom:video-codec-MediaFoundation-h265: 746d11721c4dcdbdad8f713fa42b33f4 -> 
  custom:video-decoder-ogg-theora: a1e56fd34408186e4bbccfd4996cb3dc -> 
  custom:framework-win-MediaFoundation: 216162199b28c13a410421893ffa2e32 -> 
  custom:CustomObjectIndexerAttribute: 9a22284fe3817be447336de3de66b15e -> 
  custom:container-demuxer-webm: 4f35f7cbe854078d1ac9338744f61a02 -> 
  custom:container-muxer-webm: aa71ff27fc2769a1b78a27578f13a17b -> 
  custom:video-decoder-webm-vp8: 9c59270c3fd7afecdb556c50c9e8de78 -> 
  custom:SearchIndexIgnoredProperties: e643bd26f0fe6173181afceb89e7c659 -> 
  custom:AudioImporter_EditorPlatform: d09bf68614088b80899f8185d706f6e7 -> 
  custom:video-encoder-webm-vp8: eb34c28f22e8b96e1ab97ce403110664 -> 
  custom:audio-decoder-ogg-vorbis: bf7c407c2cedff20999df2af8eb42d56 -> 
  custom:audio-encoder-webm-vorbis: bf7c407c2cedff20999df2af8eb42d56 -> 
  custom:scripting/precompiled-assembly-types:Assembly-CSharp: a81667d6ee2745bea30b45e3fe8220b0 -> 8e4451fd7b8041e811e8b85aaf8b7e55
========================================================================
Received Prepare
Caller must complete domain reload
Begin MonoManager ReloadAssembly
- Loaded All Assemblies, in  0.678 seconds
Native extension for WindowsStandalone target not found
Native extension for WebGL target not found
Mono: successfully reloaded assembly
- Finished resetting the current domain, in  2.999 seconds
Domain Reload Profiling: 3674ms
	BeginReloadAssembly (217ms)
		ExecutionOrderSort (0ms)
		DisableScriptedObjects (6ms)
		BackupInstance (0ms)
		ReleaseScriptingObjects (0ms)
		CreateAndSetChildDomain (38ms)
	RebuildCommonClasses (51ms)
	RebuildNativeTypeToScriptingClass (19ms)
	initialDomainReloadingComplete (49ms)
	LoadAllAssembliesAndSetupDomain (335ms)
		LoadAssemblies (447ms)
		RebuildTransferFunctionScriptingTraits (0ms)
		AnalyzeDomain (18ms)
			TypeCache.Refresh (7ms)
				TypeCache.ScanAssembly (0ms)
			ScanForSourceGeneratedMonoScriptInfo (0ms)
			ResolveRequiredComponents (9ms)
	FinalizeReload (3003ms)
		ReleaseScriptCaches (0ms)
		RebuildScriptCaches (0ms)
		SetupLoadedEditorAssemblies (1547ms)
			LogAssemblyErrors (0ms)
			InitializePlatformSupportModulesInManaged (34ms)
			SetLoadedEditorAssemblies (11ms)
			RefreshPlugins (0ms)
			BeforeProcessingInitializeOnLoad (247ms)
			ProcessInitializeOnLoadAttributes (1097ms)
			ProcessInitializeOnLoadMethodAttributes (121ms)
			AfterProcessingInitializeOnLoad (37ms)
			EditorAssembliesLoaded (1ms)
		ExecutionOrderSort2 (0ms)
		AwakeInstancesAfterBackupRestoration (23ms)
Refreshing native plugins compatible for Editor in 17.47 ms, found 3 plugins.
Preloading 0 native plugins for Editor in 0.00 ms.
Unloading 3653 Unused Serialized files (Serialized files now loaded: 0)
Unloading 19 unused Assets / (31.1 KB). Loaded Objects now: 4318.
Memory consumption went from 138.9 MB to 138.9 MB.
Total: 9.205300 ms (FindLiveObjects: 0.551400 ms CreateObjectMapping: 1.254400 ms MarkObjects: 7.028300 ms  DeleteObjects: 0.366700 ms)

Prepare: number of updated asset objects reloaded= 0
AssetImportParameters requested are different than current active one (requested -> active):
  custom:container-demuxer-ogg: 62fdf1f143b41e24485cea50d1cbac27 -> 
  custom:video-codec-MediaFoundation-h265: 746d11721c4dcdbdad8f713fa42b33f4 -> 
  custom:video-decoder-ogg-theora: a1e56fd34408186e4bbccfd4996cb3dc -> 
  custom:framework-win-MediaFoundation: 216162199b28c13a410421893ffa2e32 -> 
  custom:CustomObjectIndexerAttribute: 9a22284fe3817be447336de3de66b15e -> 
  custom:container-demuxer-webm: 4f35f7cbe854078d1ac9338744f61a02 -> 
  custom:container-muxer-webm: aa71ff27fc2769a1b78a27578f13a17b -> 
  custom:video-decoder-webm-vp8: 9c59270c3fd7afecdb556c50c9e8de78 -> 
  custom:SearchIndexIgnoredProperties: e643bd26f0fe6173181afceb89e7c659 -> 
  custom:AudioImporter_EditorPlatform: d09bf68614088b80899f8185d706f6e7 -> 
  custom:video-encoder-webm-vp8: eb34c28f22e8b96e1ab97ce403110664 -> 
  custom:audio-decoder-ogg-vorbis: bf7c407c2cedff20999df2af8eb42d56 -> 
  custom:audio-encoder-webm-vorbis: bf7c407c2cedff20999df2af8eb42d56 -> 
  custom:scripting/precompiled-assembly-types:Assembly-CSharp: a81667d6ee2745bea30b45e3fe8220b0 -> 8e4451fd7b8041e811e8b85aaf8b7e55
========================================================================
Received Prepare
Caller must complete domain reload
Begin MonoManager ReloadAssembly
- Loaded All Assemblies, in  0.750 seconds
Native extension for WindowsStandalone target not found
Native extension for WebGL target not found
Mono: successfully reloaded assembly
- Finished resetting the current domain, in  1.512 seconds
Domain Reload Profiling: 2255ms
	BeginReloadAssembly (218ms)
		ExecutionOrderSort (0ms)
		DisableScriptedObjects (7ms)
		BackupInstance (0ms)
		ReleaseScriptingObjects (0ms)
		CreateAndSetChildDomain (36ms)
	RebuildCommonClasses (48ms)
	RebuildNativeTypeToScriptingClass (18ms)
	initialDomainReloadingComplete (60ms)
	LoadAllAssembliesAndSetupDomain (398ms)
		LoadAssemblies (472ms)
		RebuildTransferFunctionScriptingTraits (0ms)
		AnalyzeDomain (49ms)
			TypeCache.Refresh (18ms)
				TypeCache.ScanAssembly (2ms)
			ScanForSourceGeneratedMonoScriptInfo (16ms)
			ResolveRequiredComponents (12ms)
	FinalizeReload (1513ms)
		ReleaseScriptCaches (0ms)
		RebuildScriptCaches (0ms)
		SetupLoadedEditorAssemblies (723ms)
			LogAssemblyErrors (0ms)
			InitializePlatformSupportModulesInManaged (16ms)
			SetLoadedEditorAssemblies (10ms)
			RefreshPlugins (0ms)
			BeforeProcessingInitializeOnLoad (168ms)
			ProcessInitializeOnLoadAttributes (469ms)
			ProcessInitializeOnLoadMethodAttributes (47ms)
			AfterProcessingInitializeOnLoad (13ms)
			EditorAssembliesLoaded (0ms)
		ExecutionOrderSort2 (0ms)
		AwakeInstancesAfterBackupRestoration (8ms)
Refreshing native plugins compatible for Editor in 8.07 ms, found 3 plugins.
Preloading 0 native plugins for Editor in 0.00 ms.
Unloading 3653 Unused Serialized files (Serialized files now loaded: 0)
Unloading 19 unused Assets / (31.2 KB). Loaded Objects now: 4321.
Memory consumption went from 138.9 MB to 138.9 MB.
Total: 3.701700 ms (FindLiveObjects: 0.367000 ms CreateObjectMapping: 0.253800 ms MarkObjects: 3.039000 ms  DeleteObjects: 0.040900 ms)

Prepare: number of updated asset objects reloaded= 0
AssetImportParameters requested are different than current active one (requested -> active):
  custom:container-demuxer-ogg: 62fdf1f143b41e24485cea50d1cbac27 -> 
  custom:video-codec-MediaFoundation-h265: 746d11721c4dcdbdad8f713fa42b33f4 -> 
  custom:video-decoder-ogg-theora: a1e56fd34408186e4bbccfd4996cb3dc -> 
  custom:framework-win-MediaFoundation: 216162199b28c13a410421893ffa2e32 -> 
  custom:CustomObjectIndexerAttribute: 9a22284fe3817be447336de3de66b15e -> 
  custom:container-demuxer-webm: 4f35f7cbe854078d1ac9338744f61a02 -> 
  custom:container-muxer-webm: aa71ff27fc2769a1b78a27578f13a17b -> 
  custom:video-decoder-webm-vp8: 9c59270c3fd7afecdb556c50c9e8de78 -> 
  custom:SearchIndexIgnoredProperties: e643bd26f0fe6173181afceb89e7c659 -> 
  custom:AudioImporter_EditorPlatform: d09bf68614088b80899f8185d706f6e7 -> 
  custom:video-encoder-webm-vp8: eb34c28f22e8b96e1ab97ce403110664 -> 
  custom:audio-decoder-ogg-vorbis: bf7c407c2cedff20999df2af8eb42d56 -> 
  custom:audio-encoder-webm-vorbis: bf7c407c2cedff20999df2af8eb42d56 -> 
  custom:scripting/precompiled-assembly-types:Assembly-CSharp: a81667d6ee2745bea30b45e3fe8220b0 -> 8e4451fd7b8041e811e8b85aaf8b7e55
========================================================================
Received Prepare
Caller must complete domain reload
Begin MonoManager ReloadAssembly
- Loaded All Assemblies, in  0.728 seconds
Native extension for WindowsStandalone target not found
Native extension for WebGL target not found
Mono: successfully reloaded assembly
- Finished resetting the current domain, in  1.421 seconds
Domain Reload Profiling: 2143ms
	BeginReloadAssembly (209ms)
		ExecutionOrderSort (0ms)
		DisableScriptedObjects (5ms)
		BackupInstance (0ms)
		ReleaseScriptingObjects (0ms)
		CreateAndSetChildDomain (36ms)
	RebuildCommonClasses (58ms)
	RebuildNativeTypeToScriptingClass (19ms)
	initialDomainReloadingComplete (49ms)
	LoadAllAssembliesAndSetupDomain (387ms)
		LoadAssemblies (468ms)
		RebuildTransferFunctionScriptingTraits (0ms)
		AnalyzeDomain (44ms)
			TypeCache.Refresh (14ms)
				TypeCache.ScanAssembly (1ms)
			ScanForSourceGeneratedMonoScriptInfo (15ms)
			ResolveRequiredComponents (12ms)
	FinalizeReload (1422ms)
		ReleaseScriptCaches (0ms)
		RebuildScriptCaches (0ms)
		SetupLoadedEditorAssemblies (636ms)
			LogAssemblyErrors (0ms)
			InitializePlatformSupportModulesInManaged (11ms)
			SetLoadedEditorAssemblies (6ms)
			RefreshPlugins (0ms)
			BeforeProcessingInitializeOnLoad (107ms)
			ProcessInitializeOnLoadAttributes (447ms)
			ProcessInitializeOnLoadMethodAttributes (51ms)
			AfterProcessingInitializeOnLoad (14ms)
			EditorAssembliesLoaded (0ms)
		ExecutionOrderSort2 (0ms)
		AwakeInstancesAfterBackupRestoration (9ms)
Refreshing native plugins compatible for Editor in 5.16 ms, found 3 plugins.
Preloading 0 native plugins for Editor in 0.00 ms.
Unloading 3653 Unused Serialized files (Serialized files now loaded: 0)
Unloading 19 unused Assets / (31.2 KB). Loaded Objects now: 4324.
Memory consumption went from 138.9 MB to 138.9 MB.
Total: 2.860700 ms (FindLiveObjects: 0.287800 ms CreateObjectMapping: 0.258900 ms MarkObjects: 2.276700 ms  DeleteObjects: 0.036500 ms)

Prepare: number of updated asset objects reloaded= 0
AssetImportParameters requested are different than current active one (requested -> active):
  custom:container-demuxer-ogg: 62fdf1f143b41e24485cea50d1cbac27 -> 
  custom:video-codec-MediaFoundation-h265: 746d11721c4dcdbdad8f713fa42b33f4 -> 
  custom:video-decoder-ogg-theora: a1e56fd34408186e4bbccfd4996cb3dc -> 
  custom:framework-win-MediaFoundation: 216162199b28c13a410421893ffa2e32 -> 
  custom:CustomObjectIndexerAttribute: 9a22284fe3817be447336de3de66b15e -> 
  custom:container-demuxer-webm: 4f35f7cbe854078d1ac9338744f61a02 -> 
  custom:container-muxer-webm: aa71ff27fc2769a1b78a27578f13a17b -> 
  custom:video-decoder-webm-vp8: 9c59270c3fd7afecdb556c50c9e8de78 -> 
  custom:SearchIndexIgnoredProperties: e643bd26f0fe6173181afceb89e7c659 -> 
  custom:AudioImporter_EditorPlatform: d09bf68614088b80899f8185d706f6e7 -> 
  custom:video-encoder-webm-vp8: eb34c28f22e8b96e1ab97ce403110664 -> 
  custom:audio-decoder-ogg-vorbis: bf7c407c2cedff20999df2af8eb42d56 -> 
  custom:audio-encoder-webm-vorbis: bf7c407c2cedff20999df2af8eb42d56 -> 
  custom:scripting/precompiled-assembly-types:Assembly-CSharp: a81667d6ee2745bea30b45e3fe8220b0 -> 8e4451fd7b8041e811e8b85aaf8b7e55
========================================================================
Received Import Request.
  Time since last request: 485.847402 seconds.
  path: Assets/Scripts/RAIKA.cs
  artifactKey: Guid(dc60b72a7348f1c4caff9f6a48033a7f) Importer(815301076,1909f56bfc062723c751e8b465ee728b)
Start importing Assets/Scripts/RAIKA.cs using Guid(dc60b72a7348f1c4caff9f6a48033a7f) Importer(815301076,1909f56bfc062723c751e8b465ee728b) [PhysX] Initialized MultithreadedTaskDispatcher with 8 workers.
 -> (artifact id: '57167f3e7e0b231fe3989831ea09d725') in 0.002854 seconds
Number of updated asset objects reloaded before import = 0
Number of asset objects unloaded after import = 0
========================================================================
Received Prepare
Caller must complete domain reload
Begin MonoManager ReloadAssembly
- Loaded All Assemblies, in  0.825 seconds
Native extension for WindowsStandalone target not found
Native extension for WebGL target not found
Mono: successfully reloaded assembly
- Finished resetting the current domain, in  2.103 seconds
Domain Reload Profiling: 2921ms
	BeginReloadAssembly (248ms)
		ExecutionOrderSort (0ms)
		DisableScriptedObjects (7ms)
		BackupInstance (0ms)
		ReleaseScriptingObjects (0ms)
		CreateAndSetChildDomain (45ms)
	RebuildCommonClasses (66ms)
	RebuildNativeTypeToScriptingClass (23ms)
	initialDomainReloadingComplete (54ms)
	LoadAllAssembliesAndSetupDomain (426ms)
		LoadAssemblies (519ms)
		RebuildTransferFunctionScriptingTraits (0ms)
		AnalyzeDomain (58ms)
			TypeCache.Refresh (18ms)
				TypeCache.ScanAssembly (2ms)
			ScanForSourceGeneratedMonoScriptInfo (22ms)
			ResolveRequiredComponents (15ms)
	FinalizeReload (2104ms)
		ReleaseScriptCaches (0ms)
		RebuildScriptCaches (0ms)
		SetupLoadedEditorAssemblies (906ms)
			LogAssemblyErrors (0ms)
			InitializePlatformSupportModulesInManaged (20ms)
			SetLoadedEditorAssemblies (9ms)
			RefreshPlugins (0ms)
			BeforeProcessingInitializeOnLoad (157ms)
			ProcessInitializeOnLoadAttributes (636ms)
			ProcessInitializeOnLoadMethodAttributes (62ms)
			AfterProcessingInitializeOnLoad (22ms)
			EditorAssembliesLoaded (0ms)
		ExecutionOrderSort2 (0ms)
		AwakeInstancesAfterBackupRestoration (13ms)
Refreshing native plugins compatible for Editor in 11.94 ms, found 3 plugins.
Preloading 0 native plugins for Editor in 0.00 ms.
Unloading 3653 Unused Serialized files (Serialized files now loaded: 0)
Unloading 19 unused Assets / (31.2 KB). Loaded Objects now: 4328.
Memory consumption went from 138.7 MB to 138.7 MB.
Total: 5.942000 ms (FindLiveObjects: 0.860100 ms CreateObjectMapping: 0.432400 ms MarkObjects: 4.590000 ms  DeleteObjects: 0.058100 ms)

Prepare: number of updated asset objects reloaded= 0
AssetImportParameters requested are different than current active one (requested -> active):
  custom:container-demuxer-ogg: 62fdf1f143b41e24485cea50d1cbac27 -> 
  custom:video-codec-MediaFoundation-h265: 746d11721c4dcdbdad8f713fa42b33f4 -> 
  custom:video-decoder-ogg-theora: a1e56fd34408186e4bbccfd4996cb3dc -> 
  custom:framework-win-MediaFoundation: 216162199b28c13a410421893ffa2e32 -> 
  custom:CustomObjectIndexerAttribute: 9a22284fe3817be447336de3de66b15e -> 
  custom:container-demuxer-webm: 4f35f7cbe854078d1ac9338744f61a02 -> 
  custom:container-muxer-webm: aa71ff27fc2769a1b78a27578f13a17b -> 
  custom:video-decoder-webm-vp8: 9c59270c3fd7afecdb556c50c9e8de78 -> 
  custom:SearchIndexIgnoredProperties: e643bd26f0fe6173181afceb89e7c659 -> 
  custom:AudioImporter_EditorPlatform: d09bf68614088b80899f8185d706f6e7 -> 
  custom:video-encoder-webm-vp8: eb34c28f22e8b96e1ab97ce403110664 -> 
  custom:audio-decoder-ogg-vorbis: bf7c407c2cedff20999df2af8eb42d56 -> 
  custom:audio-encoder-webm-vorbis: bf7c407c2cedff20999df2af8eb42d56 -> 
  custom:scripting/monoscript/fileName/RAIKA.cs: 95fc2a643a49722f77f9c792c0cc5c1b -> 
  custom:scripting/precompiled-assembly-types:Assembly-CSharp: e6e36ef8f701c80fae0a3a3a1c122197 -> 8e4451fd7b8041e811e8b85aaf8b7e55
========================================================================
Received Import Request.
  Time since last request: 12.365229 seconds.
  path: Assets/Scripts/RAIKA.cs
  artifactKey: Guid(dc60b72a7348f1c4caff9f6a48033a7f) Importer(815301076,1909f56bfc062723c751e8b465ee728b)
Start importing Assets/Scripts/RAIKA.cs using Guid(dc60b72a7348f1c4caff9f6a48033a7f) Importer(815301076,1909f56bfc062723c751e8b465ee728b) [PhysX] Initialized MultithreadedTaskDispatcher with 8 workers.
 -> (artifact id: '00000000000000000000000000000000') in 0.003506 seconds
Import Error Code:(4)
Message: Build asset version error: assets/scripts/raika.cs in SourceAssetDB has modification time of '2025-03-15T01:21:53.0625694Z' while content on disk has modification time of '2025-03-15T01:22:01.5796611Z'
  ERROR: Build asset version error: assets/scripts/raika.cs in SourceAssetDB has modification time of '2025-03-15T01:21:53.0625694Z' while content on disk has modification time of '2025-03-15T01:22:01.5796611Z'
Number of updated asset objects reloaded before import = 0
Number of asset objects unloaded after import = 0
========================================================================
Received Import Request.
  Time since last request: 0.000052 seconds.
  path: Assets/Scripts/RAIKA.cs
  artifactKey: Guid(dc60b72a7348f1c4caff9f6a48033a7f) Importer(815301076,1909f56bfc062723c751e8b465ee728b)
Start importing Assets/Scripts/RAIKA.cs using Guid(dc60b72a7348f1c4caff9f6a48033a7f) Importer(815301076,1909f56bfc062723c751e8b465ee728b) [PhysX] Initialized MultithreadedTaskDispatcher with 8 workers.
 -> (artifact id: '00000000000000000000000000000000') in 0.000772 seconds
Import Error Code:(4)
Message: Build asset version error: assets/scripts/raika.cs in SourceAssetDB has modification time of '2025-03-15T01:21:53.0625694Z' while content on disk has modification time of '2025-03-15T01:22:01.5796611Z'
  ERROR: Build asset version error: assets/scripts/raika.cs in SourceAssetDB has modification time of '2025-03-15T01:21:53.0625694Z' while content on disk has modification time of '2025-03-15T01:22:01.5796611Z'
Number of updated asset objects reloaded before import = 0
Number of asset objects unloaded after import = 0
========================================================================
Received Import Request.
  Time since last request: 0.016539 seconds.
  path: Assets/Scripts/RAIKA.cs
  artifactKey: Guid(dc60b72a7348f1c4caff9f6a48033a7f) Importer(815301076,1909f56bfc062723c751e8b465ee728b)
Start importing Assets/Scripts/RAIKA.cs using Guid(dc60b72a7348f1c4caff9f6a48033a7f) Importer(815301076,1909f56bfc062723c751e8b465ee728b) [PhysX] Initialized MultithreadedTaskDispatcher with 8 workers.
 -> (artifact id: '00000000000000000000000000000000') in 0.000794 seconds
Import Error Code:(4)
Message: Build asset version error: assets/scripts/raika.cs in SourceAssetDB has modification time of '2025-03-15T01:21:53.0625694Z' while content on disk has modification time of '2025-03-15T01:22:01.5796611Z'
  ERROR: Build asset version error: assets/scripts/raika.cs in SourceAssetDB has modification time of '2025-03-15T01:21:53.0625694Z' while content on disk has modification time of '2025-03-15T01:22:01.5796611Z'
Number of updated asset objects reloaded before import = 0
Number of asset objects unloaded after import = 0
========================================================================
Received Import Request.
  Time since last request: 0.014382 seconds.
  path: Assets/Scripts/RAIKA.cs
  artifactKey: Guid(dc60b72a7348f1c4caff9f6a48033a7f) Importer(815301076,1909f56bfc062723c751e8b465ee728b)
Start importing Assets/Scripts/RAIKA.cs using Guid(dc60b72a7348f1c4caff9f6a48033a7f) Importer(815301076,1909f56bfc062723c751e8b465ee728b) [PhysX] Initialized MultithreadedTaskDispatcher with 8 workers.
 -> (artifact id: '00000000000000000000000000000000') in 0.000684 seconds
Import Error Code:(4)
Message: Build asset version error: assets/scripts/raika.cs in SourceAssetDB has modification time of '2025-03-15T01:21:53.0625694Z' while content on disk has modification time of '2025-03-15T01:22:01.5796611Z'
  ERROR: Build asset version error: assets/scripts/raika.cs in SourceAssetDB has modification time of '2025-03-15T01:21:53.0625694Z' while content on disk has modification time of '2025-03-15T01:22:01.5796611Z'
Number of updated asset objects reloaded before import = 0
Number of asset objects unloaded after import = 0
========================================================================
Received Import Request.
  Time since last request: 0.014774 seconds.
  path: Assets/Scripts/RAIKA.cs
  artifactKey: Guid(dc60b72a7348f1c4caff9f6a48033a7f) Importer(815301076,1909f56bfc062723c751e8b465ee728b)
Start importing Assets/Scripts/RAIKA.cs using Guid(dc60b72a7348f1c4caff9f6a48033a7f) Importer(815301076,1909f56bfc062723c751e8b465ee728b) [PhysX] Initialized MultithreadedTaskDispatcher with 8 workers.
 -> (artifact id: '00000000000000000000000000000000') in 0.000809 seconds
Import Error Code:(4)
Message: Build asset version error: assets/scripts/raika.cs in SourceAssetDB has modification time of '2025-03-15T01:21:53.0625694Z' while content on disk has modification time of '2025-03-15T01:22:01.5796611Z'
  ERROR: Build asset version error: assets/scripts/raika.cs in SourceAssetDB has modification time of '2025-03-15T01:21:53.0625694Z' while content on disk has modification time of '2025-03-15T01:22:01.5796611Z'
Number of updated asset objects reloaded before import = 0
Number of asset objects unloaded after import = 0
========================================================================
Received Import Request.
  Time since last request: 0.013995 seconds.
  path: Assets/Scripts/RAIKA.cs
  artifactKey: Guid(dc60b72a7348f1c4caff9f6a48033a7f) Importer(815301076,1909f56bfc062723c751e8b465ee728b)
Start importing Assets/Scripts/RAIKA.cs using Guid(dc60b72a7348f1c4caff9f6a48033a7f) Importer(815301076,1909f56bfc062723c751e8b465ee728b) [PhysX] Initialized MultithreadedTaskDispatcher with 8 workers.
 -> (artifact id: '00000000000000000000000000000000') in 0.000954 seconds
Import Error Code:(4)
Message: Build asset version error: assets/scripts/raika.cs in SourceAssetDB has modification time of '2025-03-15T01:21:53.0625694Z' while content on disk has modification time of '2025-03-15T01:22:01.5796611Z'
  ERROR: Build asset version error: assets/scripts/raika.cs in SourceAssetDB has modification time of '2025-03-15T01:21:53.0625694Z' while content on disk has modification time of '2025-03-15T01:22:01.5796611Z'
Number of updated asset objects reloaded before import = 0
Number of asset objects unloaded after import = 0
========================================================================
Received Import Request.
  Time since last request: 0.013694 seconds.
  path: Assets/Scripts/RAIKA.cs
  artifactKey: Guid(dc60b72a7348f1c4caff9f6a48033a7f) Importer(815301076,1909f56bfc062723c751e8b465ee728b)
Start importing Assets/Scripts/RAIKA.cs using Guid(dc60b72a7348f1c4caff9f6a48033a7f) Importer(815301076,1909f56bfc062723c751e8b465ee728b) [PhysX] Initialized MultithreadedTaskDispatcher with 8 workers.
 -> (artifact id: '00000000000000000000000000000000') in 0.000834 seconds
Import Error Code:(4)
Message: Build asset version error: assets/scripts/raika.cs in SourceAssetDB has modification time of '2025-03-15T01:21:53.0625694Z' while content on disk has modification time of '2025-03-15T01:22:01.5796611Z'
  ERROR: Build asset version error: assets/scripts/raika.cs in SourceAssetDB has modification time of '2025-03-15T01:21:53.0625694Z' while content on disk has modification time of '2025-03-15T01:22:01.5796611Z'
Number of updated asset objects reloaded before import = 0
Number of asset objects unloaded after import = 0
========================================================================
Received Import Request.
  Time since last request: 0.014775 seconds.
  path: Assets/Scripts/RAIKA.cs
  artifactKey: Guid(dc60b72a7348f1c4caff9f6a48033a7f) Importer(815301076,1909f56bfc062723c751e8b465ee728b)
Start importing Assets/Scripts/RAIKA.cs using Guid(dc60b72a7348f1c4caff9f6a48033a7f) Importer(815301076,1909f56bfc062723c751e8b465ee728b) [PhysX] Initialized MultithreadedTaskDispatcher with 8 workers.
 -> (artifact id: '00000000000000000000000000000000') in 0.000749 seconds
Import Error Code:(4)
Message: Build asset version error: assets/scripts/raika.cs in SourceAssetDB has modification time of '2025-03-15T01:21:53.0625694Z' while content on disk has modification time of '2025-03-15T01:22:01.5796611Z'
  ERROR: Build asset version error: assets/scripts/raika.cs in SourceAssetDB has modification time of '2025-03-15T01:21:53.0625694Z' while content on disk has modification time of '2025-03-15T01:22:01.5796611Z'
Number of updated asset objects reloaded before import = 0
Number of asset objects unloaded after import = 0
========================================================================
Received Import Request.
  Time since last request: 0.014119 seconds.
  path: Assets/Scripts/RAIKA.cs
  artifactKey: Guid(dc60b72a7348f1c4caff9f6a48033a7f) Importer(815301076,1909f56bfc062723c751e8b465ee728b)
Start importing Assets/Scripts/RAIKA.cs using Guid(dc60b72a7348f1c4caff9f6a48033a7f) Importer(815301076,1909f56bfc062723c751e8b465ee728b) [PhysX] Initialized MultithreadedTaskDispatcher with 8 workers.
 -> (artifact id: '00000000000000000000000000000000') in 0.000699 seconds
Import Error Code:(4)
Message: Build asset version error: assets/scripts/raika.cs in SourceAssetDB has modification time of '2025-03-15T01:21:53.0625694Z' while content on disk has modification time of '2025-03-15T01:22:01.5796611Z'
  ERROR: Build asset version error: assets/scripts/raika.cs in SourceAssetDB has modification time of '2025-03-15T01:21:53.0625694Z' while content on disk has modification time of '2025-03-15T01:22:01.5796611Z'
Number of updated asset objects reloaded before import = 0
Number of asset objects unloaded after import = 0
========================================================================
Received Import Request.
  Time since last request: 0.014234 seconds.
  path: Assets/Scripts/RAIKA.cs
  artifactKey: Guid(dc60b72a7348f1c4caff9f6a48033a7f) Importer(815301076,1909f56bfc062723c751e8b465ee728b)
Start importing Assets/Scripts/RAIKA.cs using Guid(dc60b72a7348f1c4caff9f6a48033a7f) Importer(815301076,1909f56bfc062723c751e8b465ee728b) [PhysX] Initialized MultithreadedTaskDispatcher with 8 workers.
 -> (artifact id: '00000000000000000000000000000000') in 0.000938 seconds
Import Error Code:(4)
Message: Build asset version error: assets/scripts/raika.cs in SourceAssetDB has modification time of '2025-03-15T01:21:53.0625694Z' while content on disk has modification time of '2025-03-15T01:22:01.5796611Z'
  ERROR: Build asset version error: assets/scripts/raika.cs in SourceAssetDB has modification time of '2025-03-15T01:21:53.0625694Z' while content on disk has modification time of '2025-03-15T01:22:01.5796611Z'
Number of updated asset objects reloaded before import = 0
Number of asset objects unloaded after import = 0
========================================================================
Received Import Request.
  Time since last request: 0.014911 seconds.
  path: Assets/Scripts/RAIKA.cs
  artifactKey: Guid(dc60b72a7348f1c4caff9f6a48033a7f) Importer(815301076,1909f56bfc062723c751e8b465ee728b)
Start importing Assets/Scripts/RAIKA.cs using Guid(dc60b72a7348f1c4caff9f6a48033a7f) Importer(815301076,1909f56bfc062723c751e8b465ee728b) [PhysX] Initialized MultithreadedTaskDispatcher with 8 workers.
 -> (artifact id: '00000000000000000000000000000000') in 0.000810 seconds
Import Error Code:(4)
Message: Build asset version error: assets/scripts/raika.cs in SourceAssetDB has modification time of '2025-03-15T01:21:53.0625694Z' while content on disk has modification time of '2025-03-15T01:22:01.5796611Z'
  ERROR: Build asset version error: assets/scripts/raika.cs in SourceAssetDB has modification time of '2025-03-15T01:21:53.0625694Z' while content on disk has modification time of '2025-03-15T01:22:01.5796611Z'
Number of updated asset objects reloaded before import = 0
Number of asset objects unloaded after import = 0
========================================================================
Received Import Request.
  Time since last request: 0.014790 seconds.
  path: Assets/Scripts/RAIKA.cs
  artifactKey: Guid(dc60b72a7348f1c4caff9f6a48033a7f) Importer(815301076,1909f56bfc062723c751e8b465ee728b)
Start importing Assets/Scripts/RAIKA.cs using Guid(dc60b72a7348f1c4caff9f6a48033a7f) Importer(815301076,1909f56bfc062723c751e8b465ee728b) [PhysX] Initialized MultithreadedTaskDispatcher with 8 workers.
 -> (artifact id: '00000000000000000000000000000000') in 0.000696 seconds
Import Error Code:(4)
Message: Build asset version error: assets/scripts/raika.cs in SourceAssetDB has modification time of '2025-03-15T01:21:53.0625694Z' while content on disk has modification time of '2025-03-15T01:22:01.5796611Z'
  ERROR: Build asset version error: assets/scripts/raika.cs in SourceAssetDB has modification time of '2025-03-15T01:21:53.0625694Z' while content on disk has modification time of '2025-03-15T01:22:01.5796611Z'
Number of updated asset objects reloaded before import = 0
Number of asset objects unloaded after import = 0
========================================================================
Received Import Request.
  Time since last request: 0.014387 seconds.
  path: Assets/Scripts/RAIKA.cs
  artifactKey: Guid(dc60b72a7348f1c4caff9f6a48033a7f) Importer(815301076,1909f56bfc062723c751e8b465ee728b)
Start importing Assets/Scripts/RAIKA.cs using Guid(dc60b72a7348f1c4caff9f6a48033a7f) Importer(815301076,1909f56bfc062723c751e8b465ee728b) [PhysX] Initialized MultithreadedTaskDispatcher with 8 workers.
 -> (artifact id: '00000000000000000000000000000000') in 0.000718 seconds
Import Error Code:(4)
Message: Build asset version error: assets/scripts/raika.cs in SourceAssetDB has modification time of '2025-03-15T01:21:53.0625694Z' while content on disk has modification time of '2025-03-15T01:22:01.5796611Z'
  ERROR: Build asset version error: assets/scripts/raika.cs in SourceAssetDB has modification time of '2025-03-15T01:21:53.0625694Z' while content on disk has modification time of '2025-03-15T01:22:01.5796611Z'
Number of updated asset objects reloaded before import = 0
Number of asset objects unloaded after import = 0
========================================================================
Received Import Request.
  Time since last request: 0.013752 seconds.
  path: Assets/Scripts/RAIKA.cs
  artifactKey: Guid(dc60b72a7348f1c4caff9f6a48033a7f) Importer(815301076,1909f56bfc062723c751e8b465ee728b)
Start importing Assets/Scripts/RAIKA.cs using Guid(dc60b72a7348f1c4caff9f6a48033a7f) Importer(815301076,1909f56bfc062723c751e8b465ee728b) [PhysX] Initialized MultithreadedTaskDispatcher with 8 workers.
 -> (artifact id: '00000000000000000000000000000000') in 0.000704 seconds
Import Error Code:(4)
Message: Build asset version error: assets/scripts/raika.cs in SourceAssetDB has modification time of '2025-03-15T01:21:53.0625694Z' while content on disk has modification time of '2025-03-15T01:22:01.5796611Z'
  ERROR: Build asset version error: assets/scripts/raika.cs in SourceAssetDB has modification time of '2025-03-15T01:21:53.0625694Z' while content on disk has modification time of '2025-03-15T01:22:01.5796611Z'
Number of updated asset objects reloaded before import = 0
Number of asset objects unloaded after import = 0
========================================================================
Received Import Request.
  Time since last request: 0.014091 seconds.
  path: Assets/Scripts/RAIKA.cs
  artifactKey: Guid(dc60b72a7348f1c4caff9f6a48033a7f) Importer(815301076,1909f56bfc062723c751e8b465ee728b)
Start importing Assets/Scripts/RAIKA.cs using Guid(dc60b72a7348f1c4caff9f6a48033a7f) Importer(815301076,1909f56bfc062723c751e8b465ee728b) [PhysX] Initialized MultithreadedTaskDispatcher with 8 workers.
 -> (artifact id: '00000000000000000000000000000000') in 0.000899 seconds
Import Error Code:(4)
Message: Build asset version error: assets/scripts/raika.cs in SourceAssetDB has modification time of '2025-03-15T01:21:53.0625694Z' while content on disk has modification time of '2025-03-15T01:22:01.5796611Z'
  ERROR: Build asset version error: assets/scripts/raika.cs in SourceAssetDB has modification time of '2025-03-15T01:21:53.0625694Z' while content on disk has modification time of '2025-03-15T01:22:01.5796611Z'
Number of updated asset objects reloaded before import = 0
Number of asset objects unloaded after import = 0
========================================================================
Received Import Request.
  Time since last request: 0.014286 seconds.
  path: Assets/Scripts/RAIKA.cs
  artifactKey: Guid(dc60b72a7348f1c4caff9f6a48033a7f) Importer(815301076,1909f56bfc062723c751e8b465ee728b)
Start importing Assets/Scripts/RAIKA.cs using Guid(dc60b72a7348f1c4caff9f6a48033a7f) Importer(815301076,1909f56bfc062723c751e8b465ee728b) [PhysX] Initialized MultithreadedTaskDispatcher with 8 workers.
 -> (artifact id: '00000000000000000000000000000000') in 0.000819 seconds
Import Error Code:(4)
Message: Build asset version error: assets/scripts/raika.cs in SourceAssetDB has modification time of '2025-03-15T01:21:53.0625694Z' while content on disk has modification time of '2025-03-15T01:22:01.5796611Z'
  ERROR: Build asset version error: assets/scripts/raika.cs in SourceAssetDB has modification time of '2025-03-15T01:21:53.0625694Z' while content on disk has modification time of '2025-03-15T01:22:01.5796611Z'
Number of updated asset objects reloaded before import = 0
Number of asset objects unloaded after import = 0
========================================================================
Received Import Request.
  Time since last request: 0.013889 seconds.
  path: Assets/Scripts/RAIKA.cs
  artifactKey: Guid(dc60b72a7348f1c4caff9f6a48033a7f) Importer(815301076,1909f56bfc062723c751e8b465ee728b)
Start importing Assets/Scripts/RAIKA.cs using Guid(dc60b72a7348f1c4caff9f6a48033a7f) Importer(815301076,1909f56bfc062723c751e8b465ee728b) [PhysX] Initialized MultithreadedTaskDispatcher with 8 workers.
 -> (artifact id: '00000000000000000000000000000000') in 0.000844 seconds
Import Error Code:(4)
Message: Build asset version error: assets/scripts/raika.cs in SourceAssetDB has modification time of '2025-03-15T01:21:53.0625694Z' while content on disk has modification time of '2025-03-15T01:22:01.5796611Z'
  ERROR: Build asset version error: assets/scripts/raika.cs in SourceAssetDB has modification time of '2025-03-15T01:21:53.0625694Z' while content on disk has modification time of '2025-03-15T01:22:01.5796611Z'
Number of updated asset objects reloaded before import = 0
Number of asset objects unloaded after import = 0
========================================================================
Received Import Request.
  Time since last request: 0.014083 seconds.
  path: Assets/Scripts/RAIKA.cs
  artifactKey: Guid(dc60b72a7348f1c4caff9f6a48033a7f) Importer(815301076,1909f56bfc062723c751e8b465ee728b)
Start importing Assets/Scripts/RAIKA.cs using Guid(dc60b72a7348f1c4caff9f6a48033a7f) Importer(815301076,1909f56bfc062723c751e8b465ee728b) [PhysX] Initialized MultithreadedTaskDispatcher with 8 workers.
 -> (artifact id: '00000000000000000000000000000000') in 0.000861 seconds
Import Error Code:(4)
Message: Build asset version error: assets/scripts/raika.cs in SourceAssetDB has modification time of '2025-03-15T01:21:53.0625694Z' while content on disk has modification time of '2025-03-15T01:22:01.5796611Z'
  ERROR: Build asset version error: assets/scripts/raika.cs in SourceAssetDB has modification time of '2025-03-15T01:21:53.0625694Z' while content on disk has modification time of '2025-03-15T01:22:01.5796611Z'
Number of updated asset objects reloaded before import = 0
Number of asset objects unloaded after import = 0
========================================================================
Received Import Request.
  Time since last request: 0.013974 seconds.
  path: Assets/Scripts/RAIKA.cs
  artifactKey: Guid(dc60b72a7348f1c4caff9f6a48033a7f) Importer(815301076,1909f56bfc062723c751e8b465ee728b)
Start importing Assets/Scripts/RAIKA.cs using Guid(dc60b72a7348f1c4caff9f6a48033a7f) Importer(815301076,1909f56bfc062723c751e8b465ee728b) [PhysX] Initialized MultithreadedTaskDispatcher with 8 workers.
 -> (artifact id: '00000000000000000000000000000000') in 0.000981 seconds
Import Error Code:(4)
Message: Build asset version error: assets/scripts/raika.cs in SourceAssetDB has modification time of '2025-03-15T01:21:53.0625694Z' while content on disk has modification time of '2025-03-15T01:22:01.5796611Z'
  ERROR: Build asset version error: assets/scripts/raika.cs in SourceAssetDB has modification time of '2025-03-15T01:21:53.0625694Z' while content on disk has modification time of '2025-03-15T01:22:01.5796611Z'
Number of updated asset objects reloaded before import = 0
Number of asset objects unloaded after import = 0
========================================================================
Received Import Request.
  Time since last request: 0.013698 seconds.
  path: Assets/Scripts/RAIKA.cs
  artifactKey: Guid(dc60b72a7348f1c4caff9f6a48033a7f) Importer(815301076,1909f56bfc062723c751e8b465ee728b)
Start importing Assets/Scripts/RAIKA.cs using Guid(dc60b72a7348f1c4caff9f6a48033a7f) Importer(815301076,1909f56bfc062723c751e8b465ee728b) [PhysX] Initialized MultithreadedTaskDispatcher with 8 workers.
 -> (artifact id: '00000000000000000000000000000000') in 0.000800 seconds
Import Error Code:(4)
Message: Build asset version error: assets/scripts/raika.cs in SourceAssetDB has modification time of '2025-03-15T01:21:53.0625694Z' while content on disk has modification time of '2025-03-15T01:22:01.5796611Z'
  ERROR: Build asset version error: assets/scripts/raika.cs in SourceAssetDB has modification time of '2025-03-15T01:21:53.0625694Z' while content on disk has modification time of '2025-03-15T01:22:01.5796611Z'
Number of updated asset objects reloaded before import = 0
Number of asset objects unloaded after import = 0
========================================================================
Received Import Request.
  Time since last request: 0.013608 seconds.
  path: Assets/Scripts/RAIKA.cs
  artifactKey: Guid(dc60b72a7348f1c4caff9f6a48033a7f) Importer(815301076,1909f56bfc062723c751e8b465ee728b)
Start importing Assets/Scripts/RAIKA.cs using Guid(dc60b72a7348f1c4caff9f6a48033a7f) Importer(815301076,1909f56bfc062723c751e8b465ee728b) [PhysX] Initialized MultithreadedTaskDispatcher with 8 workers.
 -> (artifact id: '00000000000000000000000000000000') in 0.000839 seconds
Import Error Code:(4)
Message: Build asset version error: assets/scripts/raika.cs in SourceAssetDB has modification time of '2025-03-15T01:21:53.0625694Z' while content on disk has modification time of '2025-03-15T01:22:01.5796611Z'
  ERROR: Build asset version error: assets/scripts/raika.cs in SourceAssetDB has modification time of '2025-03-15T01:21:53.0625694Z' while content on disk has modification time of '2025-03-15T01:22:01.5796611Z'
Number of updated asset objects reloaded before import = 0
Number of asset objects unloaded after import = 0
========================================================================
Received Import Request.
  Time since last request: 0.014158 seconds.
  path: Assets/Scripts/RAIKA.cs
  artifactKey: Guid(dc60b72a7348f1c4caff9f6a48033a7f) Importer(815301076,1909f56bfc062723c751e8b465ee728b)
Start importing Assets/Scripts/RAIKA.cs using Guid(dc60b72a7348f1c4caff9f6a48033a7f) Importer(815301076,1909f56bfc062723c751e8b465ee728b) [PhysX] Initialized MultithreadedTaskDispatcher with 8 workers.
 -> (artifact id: '00000000000000000000000000000000') in 0.001132 seconds
Import Error Code:(4)
Message: Build asset version error: assets/scripts/raika.cs in SourceAssetDB has modification time of '2025-03-15T01:21:53.0625694Z' while content on disk has modification time of '2025-03-15T01:22:01.5796611Z'
  ERROR: Build asset version error: assets/scripts/raika.cs in SourceAssetDB has modification time of '2025-03-15T01:21:53.0625694Z' while content on disk has modification time of '2025-03-15T01:22:01.5796611Z'
Number of updated asset objects reloaded before import = 0
Number of asset objects unloaded after import = 0
========================================================================
Received Import Request.
  Time since last request: 0.016048 seconds.
  path: Assets/Scripts/RAIKA.cs
  artifactKey: Guid(dc60b72a7348f1c4caff9f6a48033a7f) Importer(815301076,1909f56bfc062723c751e8b465ee728b)
Start importing Assets/Scripts/RAIKA.cs using Guid(dc60b72a7348f1c4caff9f6a48033a7f) Importer(815301076,1909f56bfc062723c751e8b465ee728b) [PhysX] Initialized MultithreadedTaskDispatcher with 8 workers.
 -> (artifact id: '00000000000000000000000000000000') in 0.000833 seconds
Import Error Code:(4)
Message: Build asset version error: assets/scripts/raika.cs in SourceAssetDB has modification time of '2025-03-15T01:21:53.0625694Z' while content on disk has modification time of '2025-03-15T01:22:01.5796611Z'
  ERROR: Build asset version error: assets/scripts/raika.cs in SourceAssetDB has modification time of '2025-03-15T01:21:53.0625694Z' while content on disk has modification time of '2025-03-15T01:22:01.5796611Z'
Number of updated asset objects reloaded before import = 0
Number of asset objects unloaded after import = 0
========================================================================
Received Import Request.
  Time since last request: 0.013945 seconds.
  path: Assets/Scripts/RAIKA.cs
  artifactKey: Guid(dc60b72a7348f1c4caff9f6a48033a7f) Importer(815301076,1909f56bfc062723c751e8b465ee728b)
Start importing Assets/Scripts/RAIKA.cs using Guid(dc60b72a7348f1c4caff9f6a48033a7f) Importer(815301076,1909f56bfc062723c751e8b465ee728b) [PhysX] Initialized MultithreadedTaskDispatcher with 8 workers.
 -> (artifact id: '00000000000000000000000000000000') in 0.000970 seconds
Import Error Code:(4)
Message: Build asset version error: assets/scripts/raika.cs in SourceAssetDB has modification time of '2025-03-15T01:21:53.0625694Z' while content on disk has modification time of '2025-03-15T01:22:01.5796611Z'
  ERROR: Build asset version error: assets/scripts/raika.cs in SourceAssetDB has modification time of '2025-03-15T01:21:53.0625694Z' while content on disk has modification time of '2025-03-15T01:22:01.5796611Z'
Number of updated asset objects reloaded before import = 0
Number of asset objects unloaded after import = 0
========================================================================
Received Import Request.
  Time since last request: 0.002886 seconds.
  path: Assets/Scripts/RAIKA.cs
  artifactKey: Guid(dc60b72a7348f1c4caff9f6a48033a7f) Importer(815301076,1909f56bfc062723c751e8b465ee728b)
Start importing Assets/Scripts/RAIKA.cs using Guid(dc60b72a7348f1c4caff9f6a48033a7f) Importer(815301076,1909f56bfc062723c751e8b465ee728b) [PhysX] Initialized MultithreadedTaskDispatcher with 8 workers.
 -> (artifact id: '00000000000000000000000000000000') in 0.000836 seconds
Import Error Code:(4)
Message: Build asset version error: assets/scripts/raika.cs in SourceAssetDB has modification time of '2025-03-15T01:21:53.0625694Z' while content on disk has modification time of '2025-03-15T01:22:01.5796611Z'
  ERROR: Build asset version error: assets/scripts/raika.cs in SourceAssetDB has modification time of '2025-03-15T01:21:53.0625694Z' while content on disk has modification time of '2025-03-15T01:22:01.5796611Z'
Number of updated asset objects reloaded before import = 0
Number of asset objects unloaded after import = 0
========================================================================
Received Import Request.
  Time since last request: 0.015510 seconds.
  path: Assets/Scripts/RAIKA.cs
  artifactKey: Guid(dc60b72a7348f1c4caff9f6a48033a7f) Importer(815301076,1909f56bfc062723c751e8b465ee728b)
Start importing Assets/Scripts/RAIKA.cs using Guid(dc60b72a7348f1c4caff9f6a48033a7f) Importer(815301076,1909f56bfc062723c751e8b465ee728b) [PhysX] Initialized MultithreadedTaskDispatcher with 8 workers.
 -> (artifact id: '00000000000000000000000000000000') in 0.001027 seconds
Import Error Code:(4)
Message: Build asset version error: assets/scripts/raika.cs in SourceAssetDB has modification time of '2025-03-15T01:21:53.0625694Z' while content on disk has modification time of '2025-03-15T01:22:01.5796611Z'
  ERROR: Build asset version error: assets/scripts/raika.cs in SourceAssetDB has modification time of '2025-03-15T01:21:53.0625694Z' while content on disk has modification time of '2025-03-15T01:22:01.5796611Z'
Number of updated asset objects reloaded before import = 0
Number of asset objects unloaded after import = 0
========================================================================
Received Import Request.
  Time since last request: 0.014183 seconds.
  path: Assets/Scripts/RAIKA.cs
  artifactKey: Guid(dc60b72a7348f1c4caff9f6a48033a7f) Importer(815301076,1909f56bfc062723c751e8b465ee728b)
Start importing Assets/Scripts/RAIKA.cs using Guid(dc60b72a7348f1c4caff9f6a48033a7f) Importer(815301076,1909f56bfc062723c751e8b465ee728b) [PhysX] Initialized MultithreadedTaskDispatcher with 8 workers.
 -> (artifact id: '00000000000000000000000000000000') in 0.000909 seconds
Import Error Code:(4)
Message: Build asset version error: assets/scripts/raika.cs in SourceAssetDB has modification time of '2025-03-15T01:21:53.0625694Z' while content on disk has modification time of '2025-03-15T01:22:01.5796611Z'
  ERROR: Build asset version error: assets/scripts/raika.cs in SourceAssetDB has modification time of '2025-03-15T01:21:53.0625694Z' while content on disk has modification time of '2025-03-15T01:22:01.5796611Z'
Number of updated asset objects reloaded before import = 0
Number of asset objects unloaded after import = 0
========================================================================
Received Import Request.
  Time since last request: 0.013969 seconds.
  path: Assets/Scripts/RAIKA.cs
  artifactKey: Guid(dc60b72a7348f1c4caff9f6a48033a7f) Importer(815301076,1909f56bfc062723c751e8b465ee728b)
Start importing Assets/Scripts/RAIKA.cs using Guid(dc60b72a7348f1c4caff9f6a48033a7f) Importer(815301076,1909f56bfc062723c751e8b465ee728b) [PhysX] Initialized MultithreadedTaskDispatcher with 8 workers.
 -> (artifact id: '00000000000000000000000000000000') in 0.000783 seconds
Import Error Code:(4)
Message: Build asset version error: assets/scripts/raika.cs in SourceAssetDB has modification time of '2025-03-15T01:21:53.0625694Z' while content on disk has modification time of '2025-03-15T01:22:01.5796611Z'
  ERROR: Build asset version error: assets/scripts/raika.cs in SourceAssetDB has modification time of '2025-03-15T01:21:53.0625694Z' while content on disk has modification time of '2025-03-15T01:22:01.5796611Z'
Number of updated asset objects reloaded before import = 0
Number of asset objects unloaded after import = 0
========================================================================
Received Import Request.
  Time since last request: 0.013730 seconds.
  path: Assets/Scripts/RAIKA.cs
  artifactKey: Guid(dc60b72a7348f1c4caff9f6a48033a7f) Importer(815301076,1909f56bfc062723c751e8b465ee728b)
Start importing Assets/Scripts/RAIKA.cs using Guid(dc60b72a7348f1c4caff9f6a48033a7f) Importer(815301076,1909f56bfc062723c751e8b465ee728b) [PhysX] Initialized MultithreadedTaskDispatcher with 8 workers.
 -> (artifact id: '00000000000000000000000000000000') in 0.000788 seconds
Import Error Code:(4)
Message: Build asset version error: assets/scripts/raika.cs in SourceAssetDB has modification time of '2025-03-15T01:21:53.0625694Z' while content on disk has modification time of '2025-03-15T01:22:01.5796611Z'
  ERROR: Build asset version error: assets/scripts/raika.cs in SourceAssetDB has modification time of '2025-03-15T01:21:53.0625694Z' while content on disk has modification time of '2025-03-15T01:22:01.5796611Z'
Number of updated asset objects reloaded before import = 0
Number of asset objects unloaded after import = 0
========================================================================
Received Import Request.
  Time since last request: 0.013928 seconds.
  path: Assets/Scripts/RAIKA.cs
  artifactKey: Guid(dc60b72a7348f1c4caff9f6a48033a7f) Importer(815301076,1909f56bfc062723c751e8b465ee728b)
Start importing Assets/Scripts/RAIKA.cs using Guid(dc60b72a7348f1c4caff9f6a48033a7f) Importer(815301076,1909f56bfc062723c751e8b465ee728b) [PhysX] Initialized MultithreadedTaskDispatcher with 8 workers.
 -> (artifact id: '00000000000000000000000000000000') in 0.000831 seconds
Import Error Code:(4)
Message: Build asset version error: assets/scripts/raika.cs in SourceAssetDB has modification time of '2025-03-15T01:21:53.0625694Z' while content on disk has modification time of '2025-03-15T01:22:01.5796611Z'
  ERROR: Build asset version error: assets/scripts/raika.cs in SourceAssetDB has modification time of '2025-03-15T01:21:53.0625694Z' while content on disk has modification time of '2025-03-15T01:22:01.5796611Z'
Number of updated asset objects reloaded before import = 0
Number of asset objects unloaded after import = 0
========================================================================
Received Import Request.
  Time since last request: 0.013791 seconds.
  path: Assets/Scripts/RAIKA.cs
  artifactKey: Guid(dc60b72a7348f1c4caff9f6a48033a7f) Importer(815301076,1909f56bfc062723c751e8b465ee728b)
Start importing Assets/Scripts/RAIKA.cs using Guid(dc60b72a7348f1c4caff9f6a48033a7f) Importer(815301076,1909f56bfc062723c751e8b465ee728b) [PhysX] Initialized MultithreadedTaskDispatcher with 8 workers.
 -> (artifact id: '00000000000000000000000000000000') in 0.000758 seconds
Import Error Code:(4)
Message: Build asset version error: assets/scripts/raika.cs in SourceAssetDB has modification time of '2025-03-15T01:21:53.0625694Z' while content on disk has modification time of '2025-03-15T01:22:01.5796611Z'
  ERROR: Build asset version error: assets/scripts/raika.cs in SourceAssetDB has modification time of '2025-03-15T01:21:53.0625694Z' while content on disk has modification time of '2025-03-15T01:22:01.5796611Z'
Number of updated asset objects reloaded before import = 0
Number of asset objects unloaded after import = 0
========================================================================
Received Import Request.
  Time since last request: 0.013844 seconds.
  path: Assets/Scripts/RAIKA.cs
  artifactKey: Guid(dc60b72a7348f1c4caff9f6a48033a7f) Importer(815301076,1909f56bfc062723c751e8b465ee728b)
Start importing Assets/Scripts/RAIKA.cs using Guid(dc60b72a7348f1c4caff9f6a48033a7f) Importer(815301076,1909f56bfc062723c751e8b465ee728b) [PhysX] Initialized MultithreadedTaskDispatcher with 8 workers.
 -> (artifact id: '00000000000000000000000000000000') in 0.000923 seconds
Import Error Code:(4)
Message: Build asset version error: assets/scripts/raika.cs in SourceAssetDB has modification time of '2025-03-15T01:21:53.0625694Z' while content on disk has modification time of '2025-03-15T01:22:01.5796611Z'
  ERROR: Build asset version error: assets/scripts/raika.cs in SourceAssetDB has modification time of '2025-03-15T01:21:53.0625694Z' while content on disk has modification time of '2025-03-15T01:22:01.5796611Z'
Number of updated asset objects reloaded before import = 0
Number of asset objects unloaded after import = 0
========================================================================
Received Import Request.
  Time since last request: 0.013954 seconds.
  path: Assets/Scripts/RAIKA.cs
  artifactKey: Guid(dc60b72a7348f1c4caff9f6a48033a7f) Importer(815301076,1909f56bfc062723c751e8b465ee728b)
Start importing Assets/Scripts/RAIKA.cs using Guid(dc60b72a7348f1c4caff9f6a48033a7f) Importer(815301076,1909f56bfc062723c751e8b465ee728b) [PhysX] Initialized MultithreadedTaskDispatcher with 8 workers.
 -> (artifact id: '00000000000000000000000000000000') in 0.000671 seconds
Import Error Code:(4)
Message: Build asset version error: assets/scripts/raika.cs in SourceAssetDB has modification time of '2025-03-15T01:21:53.0625694Z' while content on disk has modification time of '2025-03-15T01:22:01.5796611Z'
  ERROR: Build asset version error: assets/scripts/raika.cs in SourceAssetDB has modification time of '2025-03-15T01:21:53.0625694Z' while content on disk has modification time of '2025-03-15T01:22:01.5796611Z'
Number of updated asset objects reloaded before import = 0
Number of asset objects unloaded after import = 0
========================================================================
Received Import Request.
  Time since last request: 0.014728 seconds.
  path: Assets/Scripts/RAIKA.cs
  artifactKey: Guid(dc60b72a7348f1c4caff9f6a48033a7f) Importer(815301076,1909f56bfc062723c751e8b465ee728b)
Start importing Assets/Scripts/RAIKA.cs using Guid(dc60b72a7348f1c4caff9f6a48033a7f) Importer(815301076,1909f56bfc062723c751e8b465ee728b) [PhysX] Initialized MultithreadedTaskDispatcher with 8 workers.
 -> (artifact id: '00000000000000000000000000000000') in 0.000792 seconds
Import Error Code:(4)
Message: Build asset version error: assets/scripts/raika.cs in SourceAssetDB has modification time of '2025-03-15T01:21:53.0625694Z' while content on disk has modification time of '2025-03-15T01:22:01.5796611Z'
  ERROR: Build asset version error: assets/scripts/raika.cs in SourceAssetDB has modification time of '2025-03-15T01:21:53.0625694Z' while content on disk has modification time of '2025-03-15T01:22:01.5796611Z'
Number of updated asset objects reloaded before import = 0
Number of asset objects unloaded after import = 0
========================================================================
Received Import Request.
  Time since last request: 0.013638 seconds.
  path: Assets/Scripts/RAIKA.cs
  artifactKey: Guid(dc60b72a7348f1c4caff9f6a48033a7f) Importer(815301076,1909f56bfc062723c751e8b465ee728b)
Start importing Assets/Scripts/RAIKA.cs using Guid(dc60b72a7348f1c4caff9f6a48033a7f) Importer(815301076,1909f56bfc062723c751e8b465ee728b) [PhysX] Initialized MultithreadedTaskDispatcher with 8 workers.
 -> (artifact id: '00000000000000000000000000000000') in 0.000611 seconds
Import Error Code:(4)
Message: Build asset version error: assets/scripts/raika.cs in SourceAssetDB has modification time of '2025-03-15T01:21:53.0625694Z' while content on disk has modification time of '2025-03-15T01:22:01.5796611Z'
  ERROR: Build asset version error: assets/scripts/raika.cs in SourceAssetDB has modification time of '2025-03-15T01:21:53.0625694Z' while content on disk has modification time of '2025-03-15T01:22:01.5796611Z'
Number of updated asset objects reloaded before import = 0
Number of asset objects unloaded after import = 0
========================================================================
Received Import Request.
  Time since last request: 0.014450 seconds.
  path: Assets/Scripts/RAIKA.cs
  artifactKey: Guid(dc60b72a7348f1c4caff9f6a48033a7f) Importer(815301076,1909f56bfc062723c751e8b465ee728b)
Start importing Assets/Scripts/RAIKA.cs using Guid(dc60b72a7348f1c4caff9f6a48033a7f) Importer(815301076,1909f56bfc062723c751e8b465ee728b) [PhysX] Initialized MultithreadedTaskDispatcher with 8 workers.
 -> (artifact id: '00000000000000000000000000000000') in 0.000824 seconds
Import Error Code:(4)
Message: Build asset version error: assets/scripts/raika.cs in SourceAssetDB has modification time of '2025-03-15T01:21:53.0625694Z' while content on disk has modification time of '2025-03-15T01:22:01.5796611Z'
  ERROR: Build asset version error: assets/scripts/raika.cs in SourceAssetDB has modification time of '2025-03-15T01:21:53.0625694Z' while content on disk has modification time of '2025-03-15T01:22:01.5796611Z'
Number of updated asset objects reloaded before import = 0
Number of asset objects unloaded after import = 0
========================================================================
Received Import Request.
  Time since last request: 0.013787 seconds.
  path: Assets/Scripts/RAIKA.cs
  artifactKey: Guid(dc60b72a7348f1c4caff9f6a48033a7f) Importer(815301076,1909f56bfc062723c751e8b465ee728b)
Start importing Assets/Scripts/RAIKA.cs using Guid(dc60b72a7348f1c4caff9f6a48033a7f) Importer(815301076,1909f56bfc062723c751e8b465ee728b) [PhysX] Initialized MultithreadedTaskDispatcher with 8 workers.
 -> (artifact id: '00000000000000000000000000000000') in 0.000973 seconds
Import Error Code:(4)
Message: Build asset version error: assets/scripts/raika.cs in SourceAssetDB has modification time of '2025-03-15T01:21:53.0625694Z' while content on disk has modification time of '2025-03-15T01:22:01.5796611Z'
  ERROR: Build asset version error: assets/scripts/raika.cs in SourceAssetDB has modification time of '2025-03-15T01:21:53.0625694Z' while content on disk has modification time of '2025-03-15T01:22:01.5796611Z'
Number of updated asset objects reloaded before import = 0
Number of asset objects unloaded after import = 0
========================================================================
Received Import Request.
  Time since last request: 0.014172 seconds.
  path: Assets/Scripts/RAIKA.cs
  artifactKey: Guid(dc60b72a7348f1c4caff9f6a48033a7f) Importer(815301076,1909f56bfc062723c751e8b465ee728b)
Start importing Assets/Scripts/RAIKA.cs using Guid(dc60b72a7348f1c4caff9f6a48033a7f) Importer(815301076,1909f56bfc062723c751e8b465ee728b) [PhysX] Initialized MultithreadedTaskDispatcher with 8 workers.
 -> (artifact id: '00000000000000000000000000000000') in 0.000851 seconds
Import Error Code:(4)
Message: Build asset version error: assets/scripts/raika.cs in SourceAssetDB has modification time of '2025-03-15T01:21:53.0625694Z' while content on disk has modification time of '2025-03-15T01:22:01.5796611Z'
  ERROR: Build asset version error: assets/scripts/raika.cs in SourceAssetDB has modification time of '2025-03-15T01:21:53.0625694Z' while content on disk has modification time of '2025-03-15T01:22:01.5796611Z'
Number of updated asset objects reloaded before import = 0
Number of asset objects unloaded after import = 0
========================================================================
Received Import Request.
  Time since last request: 0.013950 seconds.
  path: Assets/Scripts/RAIKA.cs
  artifactKey: Guid(dc60b72a7348f1c4caff9f6a48033a7f) Importer(815301076,1909f56bfc062723c751e8b465ee728b)
Start importing Assets/Scripts/RAIKA.cs using Guid(dc60b72a7348f1c4caff9f6a48033a7f) Importer(815301076,1909f56bfc062723c751e8b465ee728b) [PhysX] Initialized MultithreadedTaskDispatcher with 8 workers.
 -> (artifact id: '00000000000000000000000000000000') in 0.000796 seconds
Import Error Code:(4)
Message: Build asset version error: assets/scripts/raika.cs in SourceAssetDB has modification time of '2025-03-15T01:21:53.0625694Z' while content on disk has modification time of '2025-03-15T01:22:01.5796611Z'
  ERROR: Build asset version error: assets/scripts/raika.cs in SourceAssetDB has modification time of '2025-03-15T01:21:53.0625694Z' while content on disk has modification time of '2025-03-15T01:22:01.5796611Z'
Number of updated asset objects reloaded before import = 0
Number of asset objects unloaded after import = 0
========================================================================
Received Import Request.
  Time since last request: 0.014041 seconds.
  path: Assets/Scripts/RAIKA.cs
  artifactKey: Guid(dc60b72a7348f1c4caff9f6a48033a7f) Importer(815301076,1909f56bfc062723c751e8b465ee728b)
Start importing Assets/Scripts/RAIKA.cs using Guid(dc60b72a7348f1c4caff9f6a48033a7f) Importer(815301076,1909f56bfc062723c751e8b465ee728b) [PhysX] Initialized MultithreadedTaskDispatcher with 8 workers.
 -> (artifact id: '00000000000000000000000000000000') in 0.000731 seconds
Import Error Code:(4)
Message: Build asset version error: assets/scripts/raika.cs in SourceAssetDB has modification time of '2025-03-15T01:21:53.0625694Z' while content on disk has modification time of '2025-03-15T01:22:01.5796611Z'
  ERROR: Build asset version error: assets/scripts/raika.cs in SourceAssetDB has modification time of '2025-03-15T01:21:53.0625694Z' while content on disk has modification time of '2025-03-15T01:22:01.5796611Z'
Number of updated asset objects reloaded before import = 0
Number of asset objects unloaded after import = 0
========================================================================
Received Import Request.
  Time since last request: 0.014650 seconds.
  path: Assets/Scripts/RAIKA.cs
  artifactKey: Guid(dc60b72a7348f1c4caff9f6a48033a7f) Importer(815301076,1909f56bfc062723c751e8b465ee728b)
Start importing Assets/Scripts/RAIKA.cs using Guid(dc60b72a7348f1c4caff9f6a48033a7f) Importer(815301076,1909f56bfc062723c751e8b465ee728b) [PhysX] Initialized MultithreadedTaskDispatcher with 8 workers.
 -> (artifact id: '00000000000000000000000000000000') in 0.000730 seconds
Import Error Code:(4)
Message: Build asset version error: assets/scripts/raika.cs in SourceAssetDB has modification time of '2025-03-15T01:21:53.0625694Z' while content on disk has modification time of '2025-03-15T01:22:01.5796611Z'
  ERROR: Build asset version error: assets/scripts/raika.cs in SourceAssetDB has modification time of '2025-03-15T01:21:53.0625694Z' while content on disk has modification time of '2025-03-15T01:22:01.5796611Z'
Number of updated asset objects reloaded before import = 0
Number of asset objects unloaded after import = 0
========================================================================
Received Import Request.
  Time since last request: 0.015056 seconds.
  path: Assets/Scripts/RAIKA.cs
  artifactKey: Guid(dc60b72a7348f1c4caff9f6a48033a7f) Importer(815301076,1909f56bfc062723c751e8b465ee728b)
Start importing Assets/Scripts/RAIKA.cs using Guid(dc60b72a7348f1c4caff9f6a48033a7f) Importer(815301076,1909f56bfc062723c751e8b465ee728b) [PhysX] Initialized MultithreadedTaskDispatcher with 8 workers.
 -> (artifact id: '00000000000000000000000000000000') in 0.000902 seconds
Import Error Code:(4)
Message: Build asset version error: assets/scripts/raika.cs in SourceAssetDB has modification time of '2025-03-15T01:21:53.0625694Z' while content on disk has modification time of '2025-03-15T01:22:01.5796611Z'
  ERROR: Build asset version error: assets/scripts/raika.cs in SourceAssetDB has modification time of '2025-03-15T01:21:53.0625694Z' while content on disk has modification time of '2025-03-15T01:22:01.5796611Z'
Number of updated asset objects reloaded before import = 0
Number of asset objects unloaded after import = 0
========================================================================
Received Import Request.
  Time since last request: 0.016451 seconds.
  path: Assets/Scripts/RAIKA.cs
  artifactKey: Guid(dc60b72a7348f1c4caff9f6a48033a7f) Importer(815301076,1909f56bfc062723c751e8b465ee728b)
Start importing Assets/Scripts/RAIKA.cs using Guid(dc60b72a7348f1c4caff9f6a48033a7f) Importer(815301076,1909f56bfc062723c751e8b465ee728b) [PhysX] Initialized MultithreadedTaskDispatcher with 8 workers.
 -> (artifact id: '00000000000000000000000000000000') in 0.000940 seconds
Import Error Code:(4)
Message: Build asset version error: assets/scripts/raika.cs in SourceAssetDB has modification time of '2025-03-15T01:21:53.0625694Z' while content on disk has modification time of '2025-03-15T01:22:01.5796611Z'
  ERROR: Build asset version error: assets/scripts/raika.cs in SourceAssetDB has modification time of '2025-03-15T01:21:53.0625694Z' while content on disk has modification time of '2025-03-15T01:22:01.5796611Z'
Number of updated asset objects reloaded before import = 0
Number of asset objects unloaded after import = 0
========================================================================
Received Import Request.
  Time since last request: 0.017938 seconds.
  path: Assets/Scripts/RAIKA.cs
  artifactKey: Guid(dc60b72a7348f1c4caff9f6a48033a7f) Importer(815301076,1909f56bfc062723c751e8b465ee728b)
Start importing Assets/Scripts/RAIKA.cs using Guid(dc60b72a7348f1c4caff9f6a48033a7f) Importer(815301076,1909f56bfc062723c751e8b465ee728b) [PhysX] Initialized MultithreadedTaskDispatcher with 8 workers.
 -> (artifact id: '00000000000000000000000000000000') in 0.000923 seconds
Import Error Code:(4)
Message: Build asset version error: assets/scripts/raika.cs in SourceAssetDB has modification time of '2025-03-15T01:21:53.0625694Z' while content on disk has modification time of '2025-03-15T01:22:01.5796611Z'
  ERROR: Build asset version error: assets/scripts/raika.cs in SourceAssetDB has modification time of '2025-03-15T01:21:53.0625694Z' while content on disk has modification time of '2025-03-15T01:22:01.5796611Z'
Number of updated asset objects reloaded before import = 0
Number of asset objects unloaded after import = 0
========================================================================
Received Import Request.
  Time since last request: 0.013760 seconds.
  path: Assets/Scripts/RAIKA.cs
  artifactKey: Guid(dc60b72a7348f1c4caff9f6a48033a7f) Importer(815301076,1909f56bfc062723c751e8b465ee728b)
Start importing Assets/Scripts/RAIKA.cs using Guid(dc60b72a7348f1c4caff9f6a48033a7f) Importer(815301076,1909f56bfc062723c751e8b465ee728b) [PhysX] Initialized MultithreadedTaskDispatcher with 8 workers.
 -> (artifact id: '00000000000000000000000000000000') in 0.001005 seconds
Import Error Code:(4)
Message: Build asset version error: assets/scripts/raika.cs in SourceAssetDB has modification time of '2025-03-15T01:21:53.0625694Z' while content on disk has modification time of '2025-03-15T01:22:01.5796611Z'
  ERROR: Build asset version error: assets/scripts/raika.cs in SourceAssetDB has modification time of '2025-03-15T01:21:53.0625694Z' while content on disk has modification time of '2025-03-15T01:22:01.5796611Z'
Number of updated asset objects reloaded before import = 0
Number of asset objects unloaded after import = 0
========================================================================
Received Import Request.
  Time since last request: 0.014246 seconds.
  path: Assets/Scripts/RAIKA.cs
  artifactKey: Guid(dc60b72a7348f1c4caff9f6a48033a7f) Importer(815301076,1909f56bfc062723c751e8b465ee728b)
Start importing Assets/Scripts/RAIKA.cs using Guid(dc60b72a7348f1c4caff9f6a48033a7f) Importer(815301076,1909f56bfc062723c751e8b465ee728b) [PhysX] Initialized MultithreadedTaskDispatcher with 8 workers.
 -> (artifact id: '00000000000000000000000000000000') in 0.000799 seconds
Import Error Code:(4)
Message: Build asset version error: assets/scripts/raika.cs in SourceAssetDB has modification time of '2025-03-15T01:21:53.0625694Z' while content on disk has modification time of '2025-03-15T01:22:01.5796611Z'
  ERROR: Build asset version error: assets/scripts/raika.cs in SourceAssetDB has modification time of '2025-03-15T01:21:53.0625694Z' while content on disk has modification time of '2025-03-15T01:22:01.5796611Z'
Number of updated asset objects reloaded before import = 0
Number of asset objects unloaded after import = 0
========================================================================
Received Import Request.
  Time since last request: 0.014326 seconds.
  path: Assets/Scripts/RAIKA.cs
  artifactKey: Guid(dc60b72a7348f1c4caff9f6a48033a7f) Importer(815301076,1909f56bfc062723c751e8b465ee728b)
Start importing Assets/Scripts/RAIKA.cs using Guid(dc60b72a7348f1c4caff9f6a48033a7f) Importer(815301076,1909f56bfc062723c751e8b465ee728b) [PhysX] Initialized MultithreadedTaskDispatcher with 8 workers.
 -> (artifact id: '00000000000000000000000000000000') in 0.000793 seconds
Import Error Code:(4)
Message: Build asset version error: assets/scripts/raika.cs in SourceAssetDB has modification time of '2025-03-15T01:21:53.0625694Z' while content on disk has modification time of '2025-03-15T01:22:01.5796611Z'
  ERROR: Build asset version error: assets/scripts/raika.cs in SourceAssetDB has modification time of '2025-03-15T01:21:53.0625694Z' while content on disk has modification time of '2025-03-15T01:22:01.5796611Z'
Number of updated asset objects reloaded before import = 0
Number of asset objects unloaded after import = 0
========================================================================
Received Import Request.
  Time since last request: 0.014320 seconds.
  path: Assets/Scripts/RAIKA.cs
  artifactKey: Guid(dc60b72a7348f1c4caff9f6a48033a7f) Importer(815301076,1909f56bfc062723c751e8b465ee728b)
Start importing Assets/Scripts/RAIKA.cs using Guid(dc60b72a7348f1c4caff9f6a48033a7f) Importer(815301076,1909f56bfc062723c751e8b465ee728b) [PhysX] Initialized MultithreadedTaskDispatcher with 8 workers.
 -> (artifact id: '00000000000000000000000000000000') in 0.000786 seconds
Import Error Code:(4)
Message: Build asset version error: assets/scripts/raika.cs in SourceAssetDB has modification time of '2025-03-15T01:21:53.0625694Z' while content on disk has modification time of '2025-03-15T01:22:01.5796611Z'
  ERROR: Build asset version error: assets/scripts/raika.cs in SourceAssetDB has modification time of '2025-03-15T01:21:53.0625694Z' while content on disk has modification time of '2025-03-15T01:22:01.5796611Z'
Number of updated asset objects reloaded before import = 0
Number of asset objects unloaded after import = 0
========================================================================
Received Import Request.
  Time since last request: 0.013491 seconds.
  path: Assets/Scripts/RAIKA.cs
  artifactKey: Guid(dc60b72a7348f1c4caff9f6a48033a7f) Importer(815301076,1909f56bfc062723c751e8b465ee728b)
Start importing Assets/Scripts/RAIKA.cs using Guid(dc60b72a7348f1c4caff9f6a48033a7f) Importer(815301076,1909f56bfc062723c751e8b465ee728b) [PhysX] Initialized MultithreadedTaskDispatcher with 8 workers.
 -> (artifact id: '00000000000000000000000000000000') in 0.000869 seconds
Import Error Code:(4)
Message: Build asset version error: assets/scripts/raika.cs in SourceAssetDB has modification time of '2025-03-15T01:21:53.0625694Z' while content on disk has modification time of '2025-03-15T01:22:01.5796611Z'
  ERROR: Build asset version error: assets/scripts/raika.cs in SourceAssetDB has modification time of '2025-03-15T01:21:53.0625694Z' while content on disk has modification time of '2025-03-15T01:22:01.5796611Z'
Number of updated asset objects reloaded before import = 0
Number of asset objects unloaded after import = 0
========================================================================
Received Import Request.
  Time since last request: 0.014299 seconds.
  path: Assets/Scripts/RAIKA.cs
  artifactKey: Guid(dc60b72a7348f1c4caff9f6a48033a7f) Importer(815301076,1909f56bfc062723c751e8b465ee728b)
Start importing Assets/Scripts/RAIKA.cs using Guid(dc60b72a7348f1c4caff9f6a48033a7f) Importer(815301076,1909f56bfc062723c751e8b465ee728b) [PhysX] Initialized MultithreadedTaskDispatcher with 8 workers.
 -> (artifact id: '00000000000000000000000000000000') in 0.000832 seconds
Import Error Code:(4)
Message: Build asset version error: assets/scripts/raika.cs in SourceAssetDB has modification time of '2025-03-15T01:21:53.0625694Z' while content on disk has modification time of '2025-03-15T01:22:01.5796611Z'
  ERROR: Build asset version error: assets/scripts/raika.cs in SourceAssetDB has modification time of '2025-03-15T01:21:53.0625694Z' while content on disk has modification time of '2025-03-15T01:22:01.5796611Z'
Number of updated asset objects reloaded before import = 0
Number of asset objects unloaded after import = 0
========================================================================
Received Import Request.
  Time since last request: 0.014311 seconds.
  path: Assets/Scripts/RAIKA.cs
  artifactKey: Guid(dc60b72a7348f1c4caff9f6a48033a7f) Importer(815301076,1909f56bfc062723c751e8b465ee728b)
Start importing Assets/Scripts/RAIKA.cs using Guid(dc60b72a7348f1c4caff9f6a48033a7f) Importer(815301076,1909f56bfc062723c751e8b465ee728b) [PhysX] Initialized MultithreadedTaskDispatcher with 8 workers.
 -> (artifact id: '00000000000000000000000000000000') in 0.000978 seconds
Import Error Code:(4)
Message: Build asset version error: assets/scripts/raika.cs in SourceAssetDB has modification time of '2025-03-15T01:21:53.0625694Z' while content on disk has modification time of '2025-03-15T01:22:01.5796611Z'
  ERROR: Build asset version error: assets/scripts/raika.cs in SourceAssetDB has modification time of '2025-03-15T01:21:53.0625694Z' while content on disk has modification time of '2025-03-15T01:22:01.5796611Z'
Number of updated asset objects reloaded before import = 0
Number of asset objects unloaded after import = 0
========================================================================
Received Import Request.
  Time since last request: 0.013696 seconds.
  path: Assets/Scripts/RAIKA.cs
  artifactKey: Guid(dc60b72a7348f1c4caff9f6a48033a7f) Importer(815301076,1909f56bfc062723c751e8b465ee728b)
Start importing Assets/Scripts/RAIKA.cs using Guid(dc60b72a7348f1c4caff9f6a48033a7f) Importer(815301076,1909f56bfc062723c751e8b465ee728b) [PhysX] Initialized MultithreadedTaskDispatcher with 8 workers.
 -> (artifact id: '00000000000000000000000000000000') in 0.000957 seconds
Import Error Code:(4)
Message: Build asset version error: assets/scripts/raika.cs in SourceAssetDB has modification time of '2025-03-15T01:21:53.0625694Z' while content on disk has modification time of '2025-03-15T01:22:01.5796611Z'
  ERROR: Build asset version error: assets/scripts/raika.cs in SourceAssetDB has modification time of '2025-03-15T01:21:53.0625694Z' while content on disk has modification time of '2025-03-15T01:22:01.5796611Z'
Number of updated asset objects reloaded before import = 0
Number of asset objects unloaded after import = 0
========================================================================
Received Import Request.
  Time since last request: 0.012586 seconds.
  path: Assets/Scripts/RAIKA.cs
  artifactKey: Guid(dc60b72a7348f1c4caff9f6a48033a7f) Importer(815301076,1909f56bfc062723c751e8b465ee728b)
Start importing Assets/Scripts/RAIKA.cs using Guid(dc60b72a7348f1c4caff9f6a48033a7f) Importer(815301076,1909f56bfc062723c751e8b465ee728b) [PhysX] Initialized MultithreadedTaskDispatcher with 8 workers.
 -> (artifact id: '00000000000000000000000000000000') in 0.000850 seconds
Import Error Code:(4)
Message: Build asset version error: assets/scripts/raika.cs in SourceAssetDB has modification time of '2025-03-15T01:21:53.0625694Z' while content on disk has modification time of '2025-03-15T01:22:01.5796611Z'
  ERROR: Build asset version error: assets/scripts/raika.cs in SourceAssetDB has modification time of '2025-03-15T01:21:53.0625694Z' while content on disk has modification time of '2025-03-15T01:22:01.5796611Z'
Number of updated asset objects reloaded before import = 0
Number of asset objects unloaded after import = 0
========================================================================
Received Import Request.
  Time since last request: 0.013149 seconds.
  path: Assets/Scripts/RAIKA.cs
  artifactKey: Guid(dc60b72a7348f1c4caff9f6a48033a7f) Importer(815301076,1909f56bfc062723c751e8b465ee728b)
Start importing Assets/Scripts/RAIKA.cs using Guid(dc60b72a7348f1c4caff9f6a48033a7f) Importer(815301076,1909f56bfc062723c751e8b465ee728b) [PhysX] Initialized MultithreadedTaskDispatcher with 8 workers.
 -> (artifact id: '00000000000000000000000000000000') in 0.000813 seconds
Import Error Code:(4)
Message: Build asset version error: assets/scripts/raika.cs in SourceAssetDB has modification time of '2025-03-15T01:21:53.0625694Z' while content on disk has modification time of '2025-03-15T01:22:01.5796611Z'
  ERROR: Build asset version error: assets/scripts/raika.cs in SourceAssetDB has modification time of '2025-03-15T01:21:53.0625694Z' while content on disk has modification time of '2025-03-15T01:22:01.5796611Z'
Number of updated asset objects reloaded before import = 0
Number of asset objects unloaded after import = 0
========================================================================
Received Import Request.
  Time since last request: 0.013250 seconds.
  path: Assets/Scripts/RAIKA.cs
  artifactKey: Guid(dc60b72a7348f1c4caff9f6a48033a7f) Importer(815301076,1909f56bfc062723c751e8b465ee728b)
Start importing Assets/Scripts/RAIKA.cs using Guid(dc60b72a7348f1c4caff9f6a48033a7f) Importer(815301076,1909f56bfc062723c751e8b465ee728b) [PhysX] Initialized MultithreadedTaskDispatcher with 8 workers.
 -> (artifact id: '00000000000000000000000000000000') in 0.000855 seconds
Import Error Code:(4)
Message: Build asset version error: assets/scripts/raika.cs in SourceAssetDB has modification time of '2025-03-15T01:21:53.0625694Z' while content on disk has modification time of '2025-03-15T01:22:01.5796611Z'
  ERROR: Build asset version error: assets/scripts/raika.cs in SourceAssetDB has modification time of '2025-03-15T01:21:53.0625694Z' while content on disk has modification time of '2025-03-15T01:22:01.5796611Z'
Number of updated asset objects reloaded before import = 0
Number of asset objects unloaded after import = 0
========================================================================
Received Import Request.
  Time since last request: 0.013815 seconds.
  path: Assets/Scripts/RAIKA.cs
  artifactKey: Guid(dc60b72a7348f1c4caff9f6a48033a7f) Importer(815301076,1909f56bfc062723c751e8b465ee728b)
Start importing Assets/Scripts/RAIKA.cs using Guid(dc60b72a7348f1c4caff9f6a48033a7f) Importer(815301076,1909f56bfc062723c751e8b465ee728b) [PhysX] Initialized MultithreadedTaskDispatcher with 8 workers.
 -> (artifact id: '00000000000000000000000000000000') in 0.000884 seconds
Import Error Code:(4)
Message: Build asset version error: assets/scripts/raika.cs in SourceAssetDB has modification time of '2025-03-15T01:21:53.0625694Z' while content on disk has modification time of '2025-03-15T01:22:01.5796611Z'
  ERROR: Build asset version error: assets/scripts/raika.cs in SourceAssetDB has modification time of '2025-03-15T01:21:53.0625694Z' while content on disk has modification time of '2025-03-15T01:22:01.5796611Z'
Number of updated asset objects reloaded before import = 0
Number of asset objects unloaded after import = 0
========================================================================
Received Import Request.
  Time since last request: 0.014207 seconds.
  path: Assets/Scripts/RAIKA.cs
  artifactKey: Guid(dc60b72a7348f1c4caff9f6a48033a7f) Importer(815301076,1909f56bfc062723c751e8b465ee728b)
Start importing Assets/Scripts/RAIKA.cs using Guid(dc60b72a7348f1c4caff9f6a48033a7f) Importer(815301076,1909f56bfc062723c751e8b465ee728b) [PhysX] Initialized MultithreadedTaskDispatcher with 8 workers.
 -> (artifact id: '00000000000000000000000000000000') in 0.000734 seconds
Import Error Code:(4)
Message: Build asset version error: assets/scripts/raika.cs in SourceAssetDB has modification time of '2025-03-15T01:21:53.0625694Z' while content on disk has modification time of '2025-03-15T01:22:01.5796611Z'
  ERROR: Build asset version error: assets/scripts/raika.cs in SourceAssetDB has modification time of '2025-03-15T01:21:53.0625694Z' while content on disk has modification time of '2025-03-15T01:22:01.5796611Z'
Number of updated asset objects reloaded before import = 0
Number of asset objects unloaded after import = 0
========================================================================
Received Import Request.
  Time since last request: 0.014707 seconds.
  path: Assets/Scripts/RAIKA.cs
  artifactKey: Guid(dc60b72a7348f1c4caff9f6a48033a7f) Importer(815301076,1909f56bfc062723c751e8b465ee728b)
Start importing Assets/Scripts/RAIKA.cs using Guid(dc60b72a7348f1c4caff9f6a48033a7f) Importer(815301076,1909f56bfc062723c751e8b465ee728b) [PhysX] Initialized MultithreadedTaskDispatcher with 8 workers.
 -> (artifact id: '00000000000000000000000000000000') in 0.000747 seconds
Import Error Code:(4)
Message: Build asset version error: assets/scripts/raika.cs in SourceAssetDB has modification time of '2025-03-15T01:21:53.0625694Z' while content on disk has modification time of '2025-03-15T01:22:01.5796611Z'
  ERROR: Build asset version error: assets/scripts/raika.cs in SourceAssetDB has modification time of '2025-03-15T01:21:53.0625694Z' while content on disk has modification time of '2025-03-15T01:22:01.5796611Z'
Number of updated asset objects reloaded before import = 0
Number of asset objects unloaded after import = 0
========================================================================
Received Import Request.
  Time since last request: 0.014411 seconds.
  path: Assets/Scripts/RAIKA.cs
  artifactKey: Guid(dc60b72a7348f1c4caff9f6a48033a7f) Importer(815301076,1909f56bfc062723c751e8b465ee728b)
Start importing Assets/Scripts/RAIKA.cs using Guid(dc60b72a7348f1c4caff9f6a48033a7f) Importer(815301076,1909f56bfc062723c751e8b465ee728b) [PhysX] Initialized MultithreadedTaskDispatcher with 8 workers.
 -> (artifact id: '00000000000000000000000000000000') in 0.000727 seconds
Import Error Code:(4)
Message: Build asset version error: assets/scripts/raika.cs in SourceAssetDB has modification time of '2025-03-15T01:21:53.0625694Z' while content on disk has modification time of '2025-03-15T01:22:01.5796611Z'
  ERROR: Build asset version error: assets/scripts/raika.cs in SourceAssetDB has modification time of '2025-03-15T01:21:53.0625694Z' while content on disk has modification time of '2025-03-15T01:22:01.5796611Z'
Number of updated asset objects reloaded before import = 0
Number of asset objects unloaded after import = 0
========================================================================
Received Import Request.
  Time since last request: 0.016157 seconds.
  path: Assets/Scripts/RAIKA.cs
  artifactKey: Guid(dc60b72a7348f1c4caff9f6a48033a7f) Importer(815301076,1909f56bfc062723c751e8b465ee728b)
Start importing Assets/Scripts/RAIKA.cs using Guid(dc60b72a7348f1c4caff9f6a48033a7f) Importer(815301076,1909f56bfc062723c751e8b465ee728b) [PhysX] Initialized MultithreadedTaskDispatcher with 8 workers.
 -> (artifact id: '00000000000000000000000000000000') in 0.000849 seconds
Import Error Code:(4)
Message: Build asset version error: assets/scripts/raika.cs in SourceAssetDB has modification time of '2025-03-15T01:21:53.0625694Z' while content on disk has modification time of '2025-03-15T01:22:01.5796611Z'
  ERROR: Build asset version error: assets/scripts/raika.cs in SourceAssetDB has modification time of '2025-03-15T01:21:53.0625694Z' while content on disk has modification time of '2025-03-15T01:22:01.5796611Z'
Number of updated asset objects reloaded before import = 0
Number of asset objects unloaded after import = 0
========================================================================
Received Import Request.
  Time since last request: 0.013943 seconds.
  path: Assets/Scripts/RAIKA.cs
  artifactKey: Guid(dc60b72a7348f1c4caff9f6a48033a7f) Importer(815301076,1909f56bfc062723c751e8b465ee728b)
Start importing Assets/Scripts/RAIKA.cs using Guid(dc60b72a7348f1c4caff9f6a48033a7f) Importer(815301076,1909f56bfc062723c751e8b465ee728b) [PhysX] Initialized MultithreadedTaskDispatcher with 8 workers.
 -> (artifact id: '00000000000000000000000000000000') in 0.000758 seconds
Import Error Code:(4)
Message: Build asset version error: assets/scripts/raika.cs in SourceAssetDB has modification time of '2025-03-15T01:21:53.0625694Z' while content on disk has modification time of '2025-03-15T01:22:01.5796611Z'
  ERROR: Build asset version error: assets/scripts/raika.cs in SourceAssetDB has modification time of '2025-03-15T01:21:53.0625694Z' while content on disk has modification time of '2025-03-15T01:22:01.5796611Z'
Number of updated asset objects reloaded before import = 0
Number of asset objects unloaded after import = 0
========================================================================
Received Import Request.
  Time since last request: 0.015286 seconds.
  path: Assets/Scripts/RAIKA.cs
  artifactKey: Guid(dc60b72a7348f1c4caff9f6a48033a7f) Importer(815301076,1909f56bfc062723c751e8b465ee728b)
Start importing Assets/Scripts/RAIKA.cs using Guid(dc60b72a7348f1c4caff9f6a48033a7f) Importer(815301076,1909f56bfc062723c751e8b465ee728b) [PhysX] Initialized MultithreadedTaskDispatcher with 8 workers.
 -> (artifact id: '00000000000000000000000000000000') in 0.000827 seconds
Import Error Code:(4)
Message: Build asset version error: assets/scripts/raika.cs in SourceAssetDB has modification time of '2025-03-15T01:21:53.0625694Z' while content on disk has modification time of '2025-03-15T01:22:01.5796611Z'
  ERROR: Build asset version error: assets/scripts/raika.cs in SourceAssetDB has modification time of '2025-03-15T01:21:53.0625694Z' while content on disk has modification time of '2025-03-15T01:22:01.5796611Z'
Number of updated asset objects reloaded before import = 0
Number of asset objects unloaded after import = 0
========================================================================
Received Import Request.
  Time since last request: 0.016092 seconds.
  path: Assets/Scripts/RAIKA.cs
  artifactKey: Guid(dc60b72a7348f1c4caff9f6a48033a7f) Importer(815301076,1909f56bfc062723c751e8b465ee728b)
Start importing Assets/Scripts/RAIKA.cs using Guid(dc60b72a7348f1c4caff9f6a48033a7f) Importer(815301076,1909f56bfc062723c751e8b465ee728b) [PhysX] Initialized MultithreadedTaskDispatcher with 8 workers.
 -> (artifact id: '00000000000000000000000000000000') in 0.000853 seconds
Import Error Code:(4)
Message: Build asset version error: assets/scripts/raika.cs in SourceAssetDB has modification time of '2025-03-15T01:21:53.0625694Z' while content on disk has modification time of '2025-03-15T01:22:01.5796611Z'
  ERROR: Build asset version error: assets/scripts/raika.cs in SourceAssetDB has modification time of '2025-03-15T01:21:53.0625694Z' while content on disk has modification time of '2025-03-15T01:22:01.5796611Z'
Number of updated asset objects reloaded before import = 0
Number of asset objects unloaded after import = 0
========================================================================
Received Import Request.
  Time since last request: 0.014609 seconds.
  path: Assets/Scripts/RAIKA.cs
  artifactKey: Guid(dc60b72a7348f1c4caff9f6a48033a7f) Importer(815301076,1909f56bfc062723c751e8b465ee728b)
Start importing Assets/Scripts/RAIKA.cs using Guid(dc60b72a7348f1c4caff9f6a48033a7f) Importer(815301076,1909f56bfc062723c751e8b465ee728b) [PhysX] Initialized MultithreadedTaskDispatcher with 8 workers.
 -> (artifact id: '00000000000000000000000000000000') in 0.000941 seconds
Import Error Code:(4)
Message: Build asset version error: assets/scripts/raika.cs in SourceAssetDB has modification time of '2025-03-15T01:21:53.0625694Z' while content on disk has modification time of '2025-03-15T01:22:01.5796611Z'
  ERROR: Build asset version error: assets/scripts/raika.cs in SourceAssetDB has modification time of '2025-03-15T01:21:53.0625694Z' while content on disk has modification time of '2025-03-15T01:22:01.5796611Z'
Number of updated asset objects reloaded before import = 0
Number of asset objects unloaded after import = 0
========================================================================
Received Import Request.
  Time since last request: 0.017808 seconds.
  path: Assets/Scripts/RAIKA.cs
  artifactKey: Guid(dc60b72a7348f1c4caff9f6a48033a7f) Importer(815301076,1909f56bfc062723c751e8b465ee728b)
Start importing Assets/Scripts/RAIKA.cs using Guid(dc60b72a7348f1c4caff9f6a48033a7f) Importer(815301076,1909f56bfc062723c751e8b465ee728b) [PhysX] Initialized MultithreadedTaskDispatcher with 8 workers.
 -> (artifact id: '00000000000000000000000000000000') in 0.000683 seconds
Import Error Code:(4)
Message: Build asset version error: assets/scripts/raika.cs in SourceAssetDB has modification time of '2025-03-15T01:21:53.0625694Z' while content on disk has modification time of '2025-03-15T01:22:01.5796611Z'
  ERROR: Build asset version error: assets/scripts/raika.cs in SourceAssetDB has modification time of '2025-03-15T01:21:53.0625694Z' while content on disk has modification time of '2025-03-15T01:22:01.5796611Z'
Number of updated asset objects reloaded before import = 0
Number of asset objects unloaded after import = 0
========================================================================
Received Import Request.
  Time since last request: 0.021578 seconds.
  path: Assets/Scripts/RAIKA.cs
  artifactKey: Guid(dc60b72a7348f1c4caff9f6a48033a7f) Importer(815301076,1909f56bfc062723c751e8b465ee728b)
Start importing Assets/Scripts/RAIKA.cs using Guid(dc60b72a7348f1c4caff9f6a48033a7f) Importer(815301076,1909f56bfc062723c751e8b465ee728b) [PhysX] Initialized MultithreadedTaskDispatcher with 8 workers.
 -> (artifact id: '00000000000000000000000000000000') in 0.000741 seconds
Import Error Code:(4)
Message: Build asset version error: assets/scripts/raika.cs in SourceAssetDB has modification time of '2025-03-15T01:21:53.0625694Z' while content on disk has modification time of '2025-03-15T01:22:01.5796611Z'
  ERROR: Build asset version error: assets/scripts/raika.cs in SourceAssetDB has modification time of '2025-03-15T01:21:53.0625694Z' while content on disk has modification time of '2025-03-15T01:22:01.5796611Z'
Number of updated asset objects reloaded before import = 0
Number of asset objects unloaded after import = 0
========================================================================
Received Import Request.
  Time since last request: 0.016906 seconds.
  path: Assets/Scripts/RAIKA.cs
  artifactKey: Guid(dc60b72a7348f1c4caff9f6a48033a7f) Importer(815301076,1909f56bfc062723c751e8b465ee728b)
Start importing Assets/Scripts/RAIKA.cs using Guid(dc60b72a7348f1c4caff9f6a48033a7f) Importer(815301076,1909f56bfc062723c751e8b465ee728b) [PhysX] Initialized MultithreadedTaskDispatcher with 8 workers.
 -> (artifact id: '00000000000000000000000000000000') in 0.000866 seconds
Import Error Code:(4)
Message: Build asset version error: assets/scripts/raika.cs in SourceAssetDB has modification time of '2025-03-15T01:21:53.0625694Z' while content on disk has modification time of '2025-03-15T01:22:01.5796611Z'
  ERROR: Build asset version error: assets/scripts/raika.cs in SourceAssetDB has modification time of '2025-03-15T01:21:53.0625694Z' while content on disk has modification time of '2025-03-15T01:22:01.5796611Z'
Number of updated asset objects reloaded before import = 0
Number of asset objects unloaded after import = 0
========================================================================
Received Import Request.
  Time since last request: 0.020557 seconds.
  path: Assets/Scripts/RAIKA.cs
  artifactKey: Guid(dc60b72a7348f1c4caff9f6a48033a7f) Importer(815301076,1909f56bfc062723c751e8b465ee728b)
Start importing Assets/Scripts/RAIKA.cs using Guid(dc60b72a7348f1c4caff9f6a48033a7f) Importer(815301076,1909f56bfc062723c751e8b465ee728b) [PhysX] Initialized MultithreadedTaskDispatcher with 8 workers.
 -> (artifact id: '00000000000000000000000000000000') in 0.000910 seconds
Import Error Code:(4)
Message: Build asset version error: assets/scripts/raika.cs in SourceAssetDB has modification time of '2025-03-15T01:21:53.0625694Z' while content on disk has modification time of '2025-03-15T01:22:01.5796611Z'
  ERROR: Build asset version error: assets/scripts/raika.cs in SourceAssetDB has modification time of '2025-03-15T01:21:53.0625694Z' while content on disk has modification time of '2025-03-15T01:22:01.5796611Z'
Number of updated asset objects reloaded before import = 0
Number of asset objects unloaded after import = 0
========================================================================
Received Import Request.
  Time since last request: 0.015079 seconds.
  path: Assets/Scripts/RAIKA.cs
  artifactKey: Guid(dc60b72a7348f1c4caff9f6a48033a7f) Importer(815301076,1909f56bfc062723c751e8b465ee728b)
Start importing Assets/Scripts/RAIKA.cs using Guid(dc60b72a7348f1c4caff9f6a48033a7f) Importer(815301076,1909f56bfc062723c751e8b465ee728b) [PhysX] Initialized MultithreadedTaskDispatcher with 8 workers.
 -> (artifact id: '00000000000000000000000000000000') in 0.000897 seconds
Import Error Code:(4)
Message: Build asset version error: assets/scripts/raika.cs in SourceAssetDB has modification time of '2025-03-15T01:21:53.0625694Z' while content on disk has modification time of '2025-03-15T01:22:01.5796611Z'
  ERROR: Build asset version error: assets/scripts/raika.cs in SourceAssetDB has modification time of '2025-03-15T01:21:53.0625694Z' while content on disk has modification time of '2025-03-15T01:22:01.5796611Z'
Number of updated asset objects reloaded before import = 0
Number of asset objects unloaded after import = 0
========================================================================
Received Import Request.
  Time since last request: 0.015310 seconds.
  path: Assets/Scripts/RAIKA.cs
  artifactKey: Guid(dc60b72a7348f1c4caff9f6a48033a7f) Importer(815301076,1909f56bfc062723c751e8b465ee728b)
Start importing Assets/Scripts/RAIKA.cs using Guid(dc60b72a7348f1c4caff9f6a48033a7f) Importer(815301076,1909f56bfc062723c751e8b465ee728b) [PhysX] Initialized MultithreadedTaskDispatcher with 8 workers.
 -> (artifact id: '00000000000000000000000000000000') in 0.000852 seconds
Import Error Code:(4)
Message: Build asset version error: assets/scripts/raika.cs in SourceAssetDB has modification time of '2025-03-15T01:21:53.0625694Z' while content on disk has modification time of '2025-03-15T01:22:01.5796611Z'
  ERROR: Build asset version error: assets/scripts/raika.cs in SourceAssetDB has modification time of '2025-03-15T01:21:53.0625694Z' while content on disk has modification time of '2025-03-15T01:22:01.5796611Z'
Number of updated asset objects reloaded before import = 0
Number of asset objects unloaded after import = 0
========================================================================
Received Import Request.
  Time since last request: 0.013926 seconds.
  path: Assets/Scripts/RAIKA.cs
  artifactKey: Guid(dc60b72a7348f1c4caff9f6a48033a7f) Importer(815301076,1909f56bfc062723c751e8b465ee728b)
Start importing Assets/Scripts/RAIKA.cs using Guid(dc60b72a7348f1c4caff9f6a48033a7f) Importer(815301076,1909f56bfc062723c751e8b465ee728b) [PhysX] Initialized MultithreadedTaskDispatcher with 8 workers.
 -> (artifact id: '00000000000000000000000000000000') in 0.000898 seconds
Import Error Code:(4)
Message: Build asset version error: assets/scripts/raika.cs in SourceAssetDB has modification time of '2025-03-15T01:21:53.0625694Z' while content on disk has modification time of '2025-03-15T01:22:01.5796611Z'
  ERROR: Build asset version error: assets/scripts/raika.cs in SourceAssetDB has modification time of '2025-03-15T01:21:53.0625694Z' while content on disk has modification time of '2025-03-15T01:22:01.5796611Z'
Number of updated asset objects reloaded before import = 0
Number of asset objects unloaded after import = 0
========================================================================
Received Import Request.
  Time since last request: 0.015986 seconds.
  path: Assets/Scripts/RAIKA.cs
  artifactKey: Guid(dc60b72a7348f1c4caff9f6a48033a7f) Importer(815301076,1909f56bfc062723c751e8b465ee728b)
Start importing Assets/Scripts/RAIKA.cs using Guid(dc60b72a7348f1c4caff9f6a48033a7f) Importer(815301076,1909f56bfc062723c751e8b465ee728b) [PhysX] Initialized MultithreadedTaskDispatcher with 8 workers.
 -> (artifact id: '00000000000000000000000000000000') in 0.000737 seconds
Import Error Code:(4)
Message: Build asset version error: assets/scripts/raika.cs in SourceAssetDB has modification time of '2025-03-15T01:21:53.0625694Z' while content on disk has modification time of '2025-03-15T01:22:01.5796611Z'
  ERROR: Build asset version error: assets/scripts/raika.cs in SourceAssetDB has modification time of '2025-03-15T01:21:53.0625694Z' while content on disk has modification time of '2025-03-15T01:22:01.5796611Z'
Number of updated asset objects reloaded before import = 0
Number of asset objects unloaded after import = 0
========================================================================
Received Import Request.
  Time since last request: 0.016572 seconds.
  path: Assets/Scripts/RAIKA.cs
  artifactKey: Guid(dc60b72a7348f1c4caff9f6a48033a7f) Importer(815301076,1909f56bfc062723c751e8b465ee728b)
Start importing Assets/Scripts/RAIKA.cs using Guid(dc60b72a7348f1c4caff9f6a48033a7f) Importer(815301076,1909f56bfc062723c751e8b465ee728b) [PhysX] Initialized MultithreadedTaskDispatcher with 8 workers.
 -> (artifact id: '00000000000000000000000000000000') in 0.000941 seconds
Import Error Code:(4)
Message: Build asset version error: assets/scripts/raika.cs in SourceAssetDB has modification time of '2025-03-15T01:21:53.0625694Z' while content on disk has modification time of '2025-03-15T01:22:01.5796611Z'
  ERROR: Build asset version error: assets/scripts/raika.cs in SourceAssetDB has modification time of '2025-03-15T01:21:53.0625694Z' while content on disk has modification time of '2025-03-15T01:22:01.5796611Z'
Number of updated asset objects reloaded before import = 0
Number of asset objects unloaded after import = 0
========================================================================
Received Import Request.
  Time since last request: 0.016276 seconds.
  path: Assets/Scripts/RAIKA.cs
  artifactKey: Guid(dc60b72a7348f1c4caff9f6a48033a7f) Importer(815301076,1909f56bfc062723c751e8b465ee728b)
Start importing Assets/Scripts/RAIKA.cs using Guid(dc60b72a7348f1c4caff9f6a48033a7f) Importer(815301076,1909f56bfc062723c751e8b465ee728b) [PhysX] Initialized MultithreadedTaskDispatcher with 8 workers.
 -> (artifact id: '00000000000000000000000000000000') in 0.000906 seconds
Import Error Code:(4)
Message: Build asset version error: assets/scripts/raika.cs in SourceAssetDB has modification time of '2025-03-15T01:21:53.0625694Z' while content on disk has modification time of '2025-03-15T01:22:01.5796611Z'
  ERROR: Build asset version error: assets/scripts/raika.cs in SourceAssetDB has modification time of '2025-03-15T01:21:53.0625694Z' while content on disk has modification time of '2025-03-15T01:22:01.5796611Z'
Number of updated asset objects reloaded before import = 0
Number of asset objects unloaded after import = 0
========================================================================
Received Import Request.
  Time since last request: 0.015644 seconds.
  path: Assets/Scripts/RAIKA.cs
  artifactKey: Guid(dc60b72a7348f1c4caff9f6a48033a7f) Importer(815301076,1909f56bfc062723c751e8b465ee728b)
Start importing Assets/Scripts/RAIKA.cs using Guid(dc60b72a7348f1c4caff9f6a48033a7f) Importer(815301076,1909f56bfc062723c751e8b465ee728b) [PhysX] Initialized MultithreadedTaskDispatcher with 8 workers.
 -> (artifact id: '00000000000000000000000000000000') in 0.000929 seconds
Import Error Code:(4)
Message: Build asset version error: assets/scripts/raika.cs in SourceAssetDB has modification time of '2025-03-15T01:21:53.0625694Z' while content on disk has modification time of '2025-03-15T01:22:01.5796611Z'
  ERROR: Build asset version error: assets/scripts/raika.cs in SourceAssetDB has modification time of '2025-03-15T01:21:53.0625694Z' while content on disk has modification time of '2025-03-15T01:22:01.5796611Z'
Number of updated asset objects reloaded before import = 0
Number of asset objects unloaded after import = 0
========================================================================
Received Import Request.
  Time since last request: 0.015232 seconds.
  path: Assets/Scripts/RAIKA.cs
  artifactKey: Guid(dc60b72a7348f1c4caff9f6a48033a7f) Importer(815301076,1909f56bfc062723c751e8b465ee728b)
Start importing Assets/Scripts/RAIKA.cs using Guid(dc60b72a7348f1c4caff9f6a48033a7f) Importer(815301076,1909f56bfc062723c751e8b465ee728b) [PhysX] Initialized MultithreadedTaskDispatcher with 8 workers.
 -> (artifact id: '00000000000000000000000000000000') in 0.000938 seconds
Import Error Code:(4)
Message: Build asset version error: assets/scripts/raika.cs in SourceAssetDB has modification time of '2025-03-15T01:21:53.0625694Z' while content on disk has modification time of '2025-03-15T01:22:01.5796611Z'
  ERROR: Build asset version error: assets/scripts/raika.cs in SourceAssetDB has modification time of '2025-03-15T01:21:53.0625694Z' while content on disk has modification time of '2025-03-15T01:22:01.5796611Z'
Number of updated asset objects reloaded before import = 0
Number of asset objects unloaded after import = 0
========================================================================
Received Import Request.
  Time since last request: 0.015727 seconds.
  path: Assets/Scripts/RAIKA.cs
  artifactKey: Guid(dc60b72a7348f1c4caff9f6a48033a7f) Importer(815301076,1909f56bfc062723c751e8b465ee728b)
Start importing Assets/Scripts/RAIKA.cs using Guid(dc60b72a7348f1c4caff9f6a48033a7f) Importer(815301076,1909f56bfc062723c751e8b465ee728b) [PhysX] Initialized MultithreadedTaskDispatcher with 8 workers.
 -> (artifact id: '00000000000000000000000000000000') in 0.000972 seconds
Import Error Code:(4)
Message: Build asset version error: assets/scripts/raika.cs in SourceAssetDB has modification time of '2025-03-15T01:21:53.0625694Z' while content on disk has modification time of '2025-03-15T01:22:01.5796611Z'
  ERROR: Build asset version error: assets/scripts/raika.cs in SourceAssetDB has modification time of '2025-03-15T01:21:53.0625694Z' while content on disk has modification time of '2025-03-15T01:22:01.5796611Z'
Number of updated asset objects reloaded before import = 0
Number of asset objects unloaded after import = 0
========================================================================
Received Import Request.
  Time since last request: 0.015630 seconds.
  path: Assets/Scripts/RAIKA.cs
  artifactKey: Guid(dc60b72a7348f1c4caff9f6a48033a7f) Importer(815301076,1909f56bfc062723c751e8b465ee728b)
Start importing Assets/Scripts/RAIKA.cs using Guid(dc60b72a7348f1c4caff9f6a48033a7f) Importer(815301076,1909f56bfc062723c751e8b465ee728b) [PhysX] Initialized MultithreadedTaskDispatcher with 8 workers.
 -> (artifact id: '00000000000000000000000000000000') in 0.001116 seconds
Import Error Code:(4)
Message: Build asset version error: assets/scripts/raika.cs in SourceAssetDB has modification time of '2025-03-15T01:21:53.0625694Z' while content on disk has modification time of '2025-03-15T01:22:01.5796611Z'
  ERROR: Build asset version error: assets/scripts/raika.cs in SourceAssetDB has modification time of '2025-03-15T01:21:53.0625694Z' while content on disk has modification time of '2025-03-15T01:22:01.5796611Z'
Number of updated asset objects reloaded before import = 0
Number of asset objects unloaded after import = 0
========================================================================
Received Import Request.
  Time since last request: 0.015168 seconds.
  path: Assets/Scripts/RAIKA.cs
  artifactKey: Guid(dc60b72a7348f1c4caff9f6a48033a7f) Importer(815301076,1909f56bfc062723c751e8b465ee728b)
Start importing Assets/Scripts/RAIKA.cs using Guid(dc60b72a7348f1c4caff9f6a48033a7f) Importer(815301076,1909f56bfc062723c751e8b465ee728b) [PhysX] Initialized MultithreadedTaskDispatcher with 8 workers.
 -> (artifact id: '00000000000000000000000000000000') in 0.000876 seconds
Import Error Code:(4)
Message: Build asset version error: assets/scripts/raika.cs in SourceAssetDB has modification time of '2025-03-15T01:21:53.0625694Z' while content on disk has modification time of '2025-03-15T01:22:01.5796611Z'
  ERROR: Build asset version error: assets/scripts/raika.cs in SourceAssetDB has modification time of '2025-03-15T01:21:53.0625694Z' while content on disk has modification time of '2025-03-15T01:22:01.5796611Z'
Number of updated asset objects reloaded before import = 0
Number of asset objects unloaded after import = 0
========================================================================
Received Import Request.
  Time since last request: 0.016515 seconds.
  path: Assets/Scripts/RAIKA.cs
  artifactKey: Guid(dc60b72a7348f1c4caff9f6a48033a7f) Importer(815301076,1909f56bfc062723c751e8b465ee728b)
Start importing Assets/Scripts/RAIKA.cs using Guid(dc60b72a7348f1c4caff9f6a48033a7f) Importer(815301076,1909f56bfc062723c751e8b465ee728b) [PhysX] Initialized MultithreadedTaskDispatcher with 8 workers.
 -> (artifact id: '00000000000000000000000000000000') in 0.000957 seconds
Import Error Code:(4)
Message: Build asset version error: assets/scripts/raika.cs in SourceAssetDB has modification time of '2025-03-15T01:21:53.0625694Z' while content on disk has modification time of '2025-03-15T01:22:01.5796611Z'
  ERROR: Build asset version error: assets/scripts/raika.cs in SourceAssetDB has modification time of '2025-03-15T01:21:53.0625694Z' while content on disk has modification time of '2025-03-15T01:22:01.5796611Z'
Number of updated asset objects reloaded before import = 0
Number of asset objects unloaded after import = 0
========================================================================
Received Import Request.
  Time since last request: 0.016727 seconds.
  path: Assets/Scripts/RAIKA.cs
  artifactKey: Guid(dc60b72a7348f1c4caff9f6a48033a7f) Importer(815301076,1909f56bfc062723c751e8b465ee728b)
Start importing Assets/Scripts/RAIKA.cs using Guid(dc60b72a7348f1c4caff9f6a48033a7f) Importer(815301076,1909f56bfc062723c751e8b465ee728b) [PhysX] Initialized MultithreadedTaskDispatcher with 8 workers.
 -> (artifact id: '00000000000000000000000000000000') in 0.000964 seconds
Import Error Code:(4)
Message: Build asset version error: assets/scripts/raika.cs in SourceAssetDB has modification time of '2025-03-15T01:21:53.0625694Z' while content on disk has modification time of '2025-03-15T01:22:01.5796611Z'
  ERROR: Build asset version error: assets/scripts/raika.cs in SourceAssetDB has modification time of '2025-03-15T01:21:53.0625694Z' while content on disk has modification time of '2025-03-15T01:22:01.5796611Z'
Number of updated asset objects reloaded before import = 0
Number of asset objects unloaded after import = 0
========================================================================
Received Import Request.
  Time since last request: 0.015977 seconds.
  path: Assets/Scripts/RAIKA.cs
  artifactKey: Guid(dc60b72a7348f1c4caff9f6a48033a7f) Importer(815301076,1909f56bfc062723c751e8b465ee728b)
Start importing Assets/Scripts/RAIKA.cs using Guid(dc60b72a7348f1c4caff9f6a48033a7f) Importer(815301076,1909f56bfc062723c751e8b465ee728b) [PhysX] Initialized MultithreadedTaskDispatcher with 8 workers.
 -> (artifact id: '00000000000000000000000000000000') in 0.000919 seconds
Import Error Code:(4)
Message: Build asset version error: assets/scripts/raika.cs in SourceAssetDB has modification time of '2025-03-15T01:21:53.0625694Z' while content on disk has modification time of '2025-03-15T01:22:01.5796611Z'
  ERROR: Build asset version error: assets/scripts/raika.cs in SourceAssetDB has modification time of '2025-03-15T01:21:53.0625694Z' while content on disk has modification time of '2025-03-15T01:22:01.5796611Z'
Number of updated asset objects reloaded before import = 0
Number of asset objects unloaded after import = 0
========================================================================
Received Import Request.
  Time since last request: 0.016206 seconds.
  path: Assets/Scripts/RAIKA.cs
  artifactKey: Guid(dc60b72a7348f1c4caff9f6a48033a7f) Importer(815301076,1909f56bfc062723c751e8b465ee728b)
Start importing Assets/Scripts/RAIKA.cs using Guid(dc60b72a7348f1c4caff9f6a48033a7f) Importer(815301076,1909f56bfc062723c751e8b465ee728b) [PhysX] Initialized MultithreadedTaskDispatcher with 8 workers.
 -> (artifact id: '00000000000000000000000000000000') in 0.000980 seconds
Import Error Code:(4)
Message: Build asset version error: assets/scripts/raika.cs in SourceAssetDB has modification time of '2025-03-15T01:21:53.0625694Z' while content on disk has modification time of '2025-03-15T01:22:01.5796611Z'
  ERROR: Build asset version error: assets/scripts/raika.cs in SourceAssetDB has modification time of '2025-03-15T01:21:53.0625694Z' while content on disk has modification time of '2025-03-15T01:22:01.5796611Z'
Number of updated asset objects reloaded before import = 0
Number of asset objects unloaded after import = 0
========================================================================
Received Import Request.
  Time since last request: 0.015676 seconds.
  path: Assets/Scripts/RAIKA.cs
  artifactKey: Guid(dc60b72a7348f1c4caff9f6a48033a7f) Importer(815301076,1909f56bfc062723c751e8b465ee728b)
Start importing Assets/Scripts/RAIKA.cs using Guid(dc60b72a7348f1c4caff9f6a48033a7f) Importer(815301076,1909f56bfc062723c751e8b465ee728b) [PhysX] Initialized MultithreadedTaskDispatcher with 8 workers.
 -> (artifact id: '00000000000000000000000000000000') in 0.001155 seconds
Import Error Code:(4)
Message: Build asset version error: assets/scripts/raika.cs in SourceAssetDB has modification time of '2025-03-15T01:21:53.0625694Z' while content on disk has modification time of '2025-03-15T01:22:01.5796611Z'
  ERROR: Build asset version error: assets/scripts/raika.cs in SourceAssetDB has modification time of '2025-03-15T01:21:53.0625694Z' while content on disk has modification time of '2025-03-15T01:22:01.5796611Z'
Number of updated asset objects reloaded before import = 0
Number of asset objects unloaded after import = 0
========================================================================
Received Import Request.
  Time since last request: 0.016670 seconds.
  path: Assets/Scripts/RAIKA.cs
  artifactKey: Guid(dc60b72a7348f1c4caff9f6a48033a7f) Importer(815301076,1909f56bfc062723c751e8b465ee728b)
Start importing Assets/Scripts/RAIKA.cs using Guid(dc60b72a7348f1c4caff9f6a48033a7f) Importer(815301076,1909f56bfc062723c751e8b465ee728b) [PhysX] Initialized MultithreadedTaskDispatcher with 8 workers.
 -> (artifact id: '00000000000000000000000000000000') in 0.001055 seconds
Import Error Code:(4)
Message: Build asset version error: assets/scripts/raika.cs in SourceAssetDB has modification time of '2025-03-15T01:21:53.0625694Z' while content on disk has modification time of '2025-03-15T01:22:01.5796611Z'
  ERROR: Build asset version error: assets/scripts/raika.cs in SourceAssetDB has modification time of '2025-03-15T01:21:53.0625694Z' while content on disk has modification time of '2025-03-15T01:22:01.5796611Z'
Number of updated asset objects reloaded before import = 0
Number of asset objects unloaded after import = 0
========================================================================
Received Import Request.
  Time since last request: 0.017194 seconds.
  path: Assets/Scripts/RAIKA.cs
  artifactKey: Guid(dc60b72a7348f1c4caff9f6a48033a7f) Importer(815301076,1909f56bfc062723c751e8b465ee728b)
Start importing Assets/Scripts/RAIKA.cs using Guid(dc60b72a7348f1c4caff9f6a48033a7f) Importer(815301076,1909f56bfc062723c751e8b465ee728b) [PhysX] Initialized MultithreadedTaskDispatcher with 8 workers.
 -> (artifact id: '00000000000000000000000000000000') in 0.001008 seconds
Import Error Code:(4)
Message: Build asset version error: assets/scripts/raika.cs in SourceAssetDB has modification time of '2025-03-15T01:21:53.0625694Z' while content on disk has modification time of '2025-03-15T01:22:01.5796611Z'
  ERROR: Build asset version error: assets/scripts/raika.cs in SourceAssetDB has modification time of '2025-03-15T01:21:53.0625694Z' while content on disk has modification time of '2025-03-15T01:22:01.5796611Z'
Number of updated asset objects reloaded before import = 0
Number of asset objects unloaded after import = 0
========================================================================
Received Import Request.
  Time since last request: 0.017747 seconds.
  path: Assets/Scripts/RAIKA.cs
  artifactKey: Guid(dc60b72a7348f1c4caff9f6a48033a7f) Importer(815301076,1909f56bfc062723c751e8b465ee728b)
Start importing Assets/Scripts/RAIKA.cs using Guid(dc60b72a7348f1c4caff9f6a48033a7f) Importer(815301076,1909f56bfc062723c751e8b465ee728b) [PhysX] Initialized MultithreadedTaskDispatcher with 8 workers.
 -> (artifact id: '00000000000000000000000000000000') in 0.000843 seconds
Import Error Code:(4)
Message: Build asset version error: assets/scripts/raika.cs in SourceAssetDB has modification time of '2025-03-15T01:21:53.0625694Z' while content on disk has modification time of '2025-03-15T01:22:01.5796611Z'
  ERROR: Build asset version error: assets/scripts/raika.cs in SourceAssetDB has modification time of '2025-03-15T01:21:53.0625694Z' while content on disk has modification time of '2025-03-15T01:22:01.5796611Z'
Number of updated asset objects reloaded before import = 0
Number of asset objects unloaded after import = 0
========================================================================
Received Import Request.
  Time since last request: 0.019082 seconds.
  path: Assets/Scripts/RAIKA.cs
  artifactKey: Guid(dc60b72a7348f1c4caff9f6a48033a7f) Importer(815301076,1909f56bfc062723c751e8b465ee728b)
Start importing Assets/Scripts/RAIKA.cs using Guid(dc60b72a7348f1c4caff9f6a48033a7f) Importer(815301076,1909f56bfc062723c751e8b465ee728b) [PhysX] Initialized MultithreadedTaskDispatcher with 8 workers.
 -> (artifact id: '00000000000000000000000000000000') in 0.001088 seconds
Import Error Code:(4)
Message: Build asset version error: assets/scripts/raika.cs in SourceAssetDB has modification time of '2025-03-15T01:21:53.0625694Z' while content on disk has modification time of '2025-03-15T01:22:01.5796611Z'
  ERROR: Build asset version error: assets/scripts/raika.cs in SourceAssetDB has modification time of '2025-03-15T01:21:53.0625694Z' while content on disk has modification time of '2025-03-15T01:22:01.5796611Z'
Number of updated asset objects reloaded before import = 0
Number of asset objects unloaded after import = 0
========================================================================
Received Import Request.
  Time since last request: 0.019031 seconds.
  path: Assets/Scripts/RAIKA.cs
  artifactKey: Guid(dc60b72a7348f1c4caff9f6a48033a7f) Importer(815301076,1909f56bfc062723c751e8b465ee728b)
Start importing Assets/Scripts/RAIKA.cs using Guid(dc60b72a7348f1c4caff9f6a48033a7f) Importer(815301076,1909f56bfc062723c751e8b465ee728b) [PhysX] Initialized MultithreadedTaskDispatcher with 8 workers.
 -> (artifact id: '00000000000000000000000000000000') in 0.000804 seconds
Import Error Code:(4)
Message: Build asset version error: assets/scripts/raika.cs in SourceAssetDB has modification time of '2025-03-15T01:21:53.0625694Z' while content on disk has modification time of '2025-03-15T01:22:01.5796611Z'
  ERROR: Build asset version error: assets/scripts/raika.cs in SourceAssetDB has modification time of '2025-03-15T01:21:53.0625694Z' while content on disk has modification time of '2025-03-15T01:22:01.5796611Z'
Number of updated asset objects reloaded before import = 0
Number of asset objects unloaded after import = 0
========================================================================
Received Import Request.
  Time since last request: 0.018703 seconds.
  path: Assets/Scripts/RAIKA.cs
  artifactKey: Guid(dc60b72a7348f1c4caff9f6a48033a7f) Importer(815301076,1909f56bfc062723c751e8b465ee728b)
Start importing Assets/Scripts/RAIKA.cs using Guid(dc60b72a7348f1c4caff9f6a48033a7f) Importer(815301076,1909f56bfc062723c751e8b465ee728b) [PhysX] Initialized MultithreadedTaskDispatcher with 8 workers.
 -> (artifact id: '00000000000000000000000000000000') in 0.000959 seconds
Import Error Code:(4)
Message: Build asset version error: assets/scripts/raika.cs in SourceAssetDB has modification time of '2025-03-15T01:21:53.0625694Z' while content on disk has modification time of '2025-03-15T01:22:01.5796611Z'
  ERROR: Build asset version error: assets/scripts/raika.cs in SourceAssetDB has modification time of '2025-03-15T01:21:53.0625694Z' while content on disk has modification time of '2025-03-15T01:22:01.5796611Z'
Number of updated asset objects reloaded before import = 0
Number of asset objects unloaded after import = 0
========================================================================
Received Import Request.
  Time since last request: 0.017871 seconds.
  path: Assets/Scripts/RAIKA.cs
  artifactKey: Guid(dc60b72a7348f1c4caff9f6a48033a7f) Importer(815301076,1909f56bfc062723c751e8b465ee728b)
Start importing Assets/Scripts/RAIKA.cs using Guid(dc60b72a7348f1c4caff9f6a48033a7f) Importer(815301076,1909f56bfc062723c751e8b465ee728b) [PhysX] Initialized MultithreadedTaskDispatcher with 8 workers.
 -> (artifact id: '00000000000000000000000000000000') in 0.001014 seconds
Import Error Code:(4)
Message: Build asset version error: assets/scripts/raika.cs in SourceAssetDB has modification time of '2025-03-15T01:21:53.0625694Z' while content on disk has modification time of '2025-03-15T01:22:01.5796611Z'
  ERROR: Build asset version error: assets/scripts/raika.cs in SourceAssetDB has modification time of '2025-03-15T01:21:53.0625694Z' while content on disk has modification time of '2025-03-15T01:22:01.5796611Z'
Number of updated asset objects reloaded before import = 0
Number of asset objects unloaded after import = 0
========================================================================
Received Import Request.
  Time since last request: 0.003552 seconds.
  path: Assets/Scripts/RAIKA.cs
  artifactKey: Guid(dc60b72a7348f1c4caff9f6a48033a7f) Importer(815301076,1909f56bfc062723c751e8b465ee728b)
Start importing Assets/Scripts/RAIKA.cs using Guid(dc60b72a7348f1c4caff9f6a48033a7f) Importer(815301076,1909f56bfc062723c751e8b465ee728b) [PhysX] Initialized MultithreadedTaskDispatcher with 8 workers.
 -> (artifact id: '00000000000000000000000000000000') in 0.001052 seconds
Import Error Code:(4)
Message: Build asset version error: assets/scripts/raika.cs in SourceAssetDB has modification time of '2025-03-15T01:21:53.0625694Z' while content on disk has modification time of '2025-03-15T01:22:01.5796611Z'
  ERROR: Build asset version error: assets/scripts/raika.cs in SourceAssetDB has modification time of '2025-03-15T01:21:53.0625694Z' while content on disk has modification time of '2025-03-15T01:22:01.5796611Z'
Number of updated asset objects reloaded before import = 0
Number of asset objects unloaded after import = 0
========================================================================
Received Import Request.
  Time since last request: 0.018155 seconds.
  path: Assets/Scripts/RAIKA.cs
  artifactKey: Guid(dc60b72a7348f1c4caff9f6a48033a7f) Importer(815301076,1909f56bfc062723c751e8b465ee728b)
Start importing Assets/Scripts/RAIKA.cs using Guid(dc60b72a7348f1c4caff9f6a48033a7f) Importer(815301076,1909f56bfc062723c751e8b465ee728b) [PhysX] Initialized MultithreadedTaskDispatcher with 8 workers.
 -> (artifact id: '00000000000000000000000000000000') in 0.000856 seconds
Import Error Code:(4)
Message: Build asset version error: assets/scripts/raika.cs in SourceAssetDB has modification time of '2025-03-15T01:21:53.0625694Z' while content on disk has modification time of '2025-03-15T01:22:01.5796611Z'
  ERROR: Build asset version error: assets/scripts/raika.cs in SourceAssetDB has modification time of '2025-03-15T01:21:53.0625694Z' while content on disk has modification time of '2025-03-15T01:22:01.5796611Z'
Number of updated asset objects reloaded before import = 0
Number of asset objects unloaded after import = 0
========================================================================
Received Import Request.
  Time since last request: 0.017569 seconds.
  path: Assets/Scripts/RAIKA.cs
  artifactKey: Guid(dc60b72a7348f1c4caff9f6a48033a7f) Importer(815301076,1909f56bfc062723c751e8b465ee728b)
Start importing Assets/Scripts/RAIKA.cs using Guid(dc60b72a7348f1c4caff9f6a48033a7f) Importer(815301076,1909f56bfc062723c751e8b465ee728b) [PhysX] Initialized MultithreadedTaskDispatcher with 8 workers.
 -> (artifact id: '00000000000000000000000000000000') in 0.001085 seconds
Import Error Code:(4)
Message: Build asset version error: assets/scripts/raika.cs in SourceAssetDB has modification time of '2025-03-15T01:21:53.0625694Z' while content on disk has modification time of '2025-03-15T01:22:01.5796611Z'
  ERROR: Build asset version error: assets/scripts/raika.cs in SourceAssetDB has modification time of '2025-03-15T01:21:53.0625694Z' while content on disk has modification time of '2025-03-15T01:22:01.5796611Z'
Number of updated asset objects reloaded before import = 0
Number of asset objects unloaded after import = 0
========================================================================
Received Import Request.
  Time since last request: 0.017349 seconds.
  path: Assets/Scripts/RAIKA.cs
  artifactKey: Guid(dc60b72a7348f1c4caff9f6a48033a7f) Importer(815301076,1909f56bfc062723c751e8b465ee728b)
Start importing Assets/Scripts/RAIKA.cs using Guid(dc60b72a7348f1c4caff9f6a48033a7f) Importer(815301076,1909f56bfc062723c751e8b465ee728b) [PhysX] Initialized MultithreadedTaskDispatcher with 8 workers.
 -> (artifact id: '00000000000000000000000000000000') in 0.000828 seconds
Import Error Code:(4)
Message: Build asset version error: assets/scripts/raika.cs in SourceAssetDB has modification time of '2025-03-15T01:21:53.0625694Z' while content on disk has modification time of '2025-03-15T01:22:01.5796611Z'
  ERROR: Build asset version error: assets/scripts/raika.cs in SourceAssetDB has modification time of '2025-03-15T01:21:53.0625694Z' while content on disk has modification time of '2025-03-15T01:22:01.5796611Z'
Number of updated asset objects reloaded before import = 0
Number of asset objects unloaded after import = 0
========================================================================
Received Import Request.
  Time since last request: 0.017785 seconds.
  path: Assets/Scripts/RAIKA.cs
  artifactKey: Guid(dc60b72a7348f1c4caff9f6a48033a7f) Importer(815301076,1909f56bfc062723c751e8b465ee728b)
Start importing Assets/Scripts/RAIKA.cs using Guid(dc60b72a7348f1c4caff9f6a48033a7f) Importer(815301076,1909f56bfc062723c751e8b465ee728b) [PhysX] Initialized MultithreadedTaskDispatcher with 8 workers.
 -> (artifact id: '00000000000000000000000000000000') in 0.001167 seconds
Import Error Code:(4)
Message: Build asset version error: assets/scripts/raika.cs in SourceAssetDB has modification time of '2025-03-15T01:21:53.0625694Z' while content on disk has modification time of '2025-03-15T01:22:01.5796611Z'
  ERROR: Build asset version error: assets/scripts/raika.cs in SourceAssetDB has modification time of '2025-03-15T01:21:53.0625694Z' while content on disk has modification time of '2025-03-15T01:22:01.5796611Z'
Number of updated asset objects reloaded before import = 0
Number of asset objects unloaded after import = 0
========================================================================
Received Import Request.
  Time since last request: 0.018893 seconds.
  path: Assets/Scripts/RAIKA.cs
  artifactKey: Guid(dc60b72a7348f1c4caff9f6a48033a7f) Importer(815301076,1909f56bfc062723c751e8b465ee728b)
Start importing Assets/Scripts/RAIKA.cs using Guid(dc60b72a7348f1c4caff9f6a48033a7f) Importer(815301076,1909f56bfc062723c751e8b465ee728b) [PhysX] Initialized MultithreadedTaskDispatcher with 8 workers.
 -> (artifact id: '00000000000000000000000000000000') in 0.001116 seconds
Import Error Code:(4)
Message: Build asset version error: assets/scripts/raika.cs in SourceAssetDB has modification time of '2025-03-15T01:21:53.0625694Z' while content on disk has modification time of '2025-03-15T01:22:01.5796611Z'
  ERROR: Build asset version error: assets/scripts/raika.cs in SourceAssetDB has modification time of '2025-03-15T01:21:53.0625694Z' while content on disk has modification time of '2025-03-15T01:22:01.5796611Z'
Number of updated asset objects reloaded before import = 0
Number of asset objects unloaded after import = 0
========================================================================
Received Import Request.
  Time since last request: 0.018486 seconds.
  path: Assets/Scripts/RAIKA.cs
  artifactKey: Guid(dc60b72a7348f1c4caff9f6a48033a7f) Importer(815301076,1909f56bfc062723c751e8b465ee728b)
Start importing Assets/Scripts/RAIKA.cs using Guid(dc60b72a7348f1c4caff9f6a48033a7f) Importer(815301076,1909f56bfc062723c751e8b465ee728b) [PhysX] Initialized MultithreadedTaskDispatcher with 8 workers.
 -> (artifact id: '00000000000000000000000000000000') in 0.001134 seconds
Import Error Code:(4)
Message: Build asset version error: assets/scripts/raika.cs in SourceAssetDB has modification time of '2025-03-15T01:21:53.0625694Z' while content on disk has modification time of '2025-03-15T01:22:01.5796611Z'
  ERROR: Build asset version error: assets/scripts/raika.cs in SourceAssetDB has modification time of '2025-03-15T01:21:53.0625694Z' while content on disk has modification time of '2025-03-15T01:22:01.5796611Z'
Number of updated asset objects reloaded before import = 0
Number of asset objects unloaded after import = 0
========================================================================
Received Import Request.
  Time since last request: 0.019353 seconds.
  path: Assets/Scripts/RAIKA.cs
  artifactKey: Guid(dc60b72a7348f1c4caff9f6a48033a7f) Importer(815301076,1909f56bfc062723c751e8b465ee728b)
Start importing Assets/Scripts/RAIKA.cs using Guid(dc60b72a7348f1c4caff9f6a48033a7f) Importer(815301076,1909f56bfc062723c751e8b465ee728b) [PhysX] Initialized MultithreadedTaskDispatcher with 8 workers.
 -> (artifact id: '00000000000000000000000000000000') in 0.001222 seconds
Import Error Code:(4)
Message: Build asset version error: assets/scripts/raika.cs in SourceAssetDB has modification time of '2025-03-15T01:21:53.0625694Z' while content on disk has modification time of '2025-03-15T01:22:01.5796611Z'
  ERROR: Build asset version error: assets/scripts/raika.cs in SourceAssetDB has modification time of '2025-03-15T01:21:53.0625694Z' while content on disk has modification time of '2025-03-15T01:22:01.5796611Z'
Number of updated asset objects reloaded before import = 0
Number of asset objects unloaded after import = 0
========================================================================
Received Import Request.
  Time since last request: 0.020677 seconds.
  path: Assets/Scripts/RAIKA.cs
  artifactKey: Guid(dc60b72a7348f1c4caff9f6a48033a7f) Importer(815301076,1909f56bfc062723c751e8b465ee728b)
Start importing Assets/Scripts/RAIKA.cs using Guid(dc60b72a7348f1c4caff9f6a48033a7f) Importer(815301076,1909f56bfc062723c751e8b465ee728b) [PhysX] Initialized MultithreadedTaskDispatcher with 8 workers.
 -> (artifact id: '00000000000000000000000000000000') in 0.000995 seconds
Import Error Code:(4)
Message: Build asset version error: assets/scripts/raika.cs in SourceAssetDB has modification time of '2025-03-15T01:21:53.0625694Z' while content on disk has modification time of '2025-03-15T01:22:01.5796611Z'
  ERROR: Build asset version error: assets/scripts/raika.cs in SourceAssetDB has modification time of '2025-03-15T01:21:53.0625694Z' while content on disk has modification time of '2025-03-15T01:22:01.5796611Z'
Number of updated asset objects reloaded before import = 0
Number of asset objects unloaded after import = 0
========================================================================
Received Import Request.
  Time since last request: 0.019827 seconds.
  path: Assets/Scripts/RAIKA.cs
  artifactKey: Guid(dc60b72a7348f1c4caff9f6a48033a7f) Importer(815301076,1909f56bfc062723c751e8b465ee728b)
Start importing Assets/Scripts/RAIKA.cs using Guid(dc60b72a7348f1c4caff9f6a48033a7f) Importer(815301076,1909f56bfc062723c751e8b465ee728b) [PhysX] Initialized MultithreadedTaskDispatcher with 8 workers.
 -> (artifact id: '00000000000000000000000000000000') in 0.001192 seconds
Import Error Code:(4)
Message: Build asset version error: assets/scripts/raika.cs in SourceAssetDB has modification time of '2025-03-15T01:21:53.0625694Z' while content on disk has modification time of '2025-03-15T01:22:01.5796611Z'
  ERROR: Build asset version error: assets/scripts/raika.cs in SourceAssetDB has modification time of '2025-03-15T01:21:53.0625694Z' while content on disk has modification time of '2025-03-15T01:22:01.5796611Z'
Number of updated asset objects reloaded before import = 0
Number of asset objects unloaded after import = 0
========================================================================
Received Import Request.
  Time since last request: 0.018343 seconds.
  path: Assets/Scripts/RAIKA.cs
  artifactKey: Guid(dc60b72a7348f1c4caff9f6a48033a7f) Importer(815301076,1909f56bfc062723c751e8b465ee728b)
Start importing Assets/Scripts/RAIKA.cs using Guid(dc60b72a7348f1c4caff9f6a48033a7f) Importer(815301076,1909f56bfc062723c751e8b465ee728b) [PhysX] Initialized MultithreadedTaskDispatcher with 8 workers.
 -> (artifact id: '00000000000000000000000000000000') in 0.001135 seconds
Import Error Code:(4)
Message: Build asset version error: assets/scripts/raika.cs in SourceAssetDB has modification time of '2025-03-15T01:21:53.0625694Z' while content on disk has modification time of '2025-03-15T01:22:01.5796611Z'
  ERROR: Build asset version error: assets/scripts/raika.cs in SourceAssetDB has modification time of '2025-03-15T01:21:53.0625694Z' while content on disk has modification time of '2025-03-15T01:22:01.5796611Z'
Number of updated asset objects reloaded before import = 0
Number of asset objects unloaded after import = 0
========================================================================
Received Import Request.
  Time since last request: 0.020395 seconds.
  path: Assets/Scripts/RAIKA.cs
  artifactKey: Guid(dc60b72a7348f1c4caff9f6a48033a7f) Importer(815301076,1909f56bfc062723c751e8b465ee728b)
Start importing Assets/Scripts/RAIKA.cs using Guid(dc60b72a7348f1c4caff9f6a48033a7f) Importer(815301076,1909f56bfc062723c751e8b465ee728b) [PhysX] Initialized MultithreadedTaskDispatcher with 8 workers.
 -> (artifact id: '00000000000000000000000000000000') in 0.001270 seconds
Import Error Code:(4)
Message: Build asset version error: assets/scripts/raika.cs in SourceAssetDB has modification time of '2025-03-15T01:21:53.0625694Z' while content on disk has modification time of '2025-03-15T01:22:01.5796611Z'
  ERROR: Build asset version error: assets/scripts/raika.cs in SourceAssetDB has modification time of '2025-03-15T01:21:53.0625694Z' while content on disk has modification time of '2025-03-15T01:22:01.5796611Z'
Number of updated asset objects reloaded before import = 0
Number of asset objects unloaded after import = 0
========================================================================
Received Import Request.
  Time since last request: 0.027749 seconds.
  path: Assets/Scripts/RAIKA.cs
  artifactKey: Guid(dc60b72a7348f1c4caff9f6a48033a7f) Importer(815301076,1909f56bfc062723c751e8b465ee728b)
Start importing Assets/Scripts/RAIKA.cs using Guid(dc60b72a7348f1c4caff9f6a48033a7f) Importer(815301076,1909f56bfc062723c751e8b465ee728b) [PhysX] Initialized MultithreadedTaskDispatcher with 8 workers.
 -> (artifact id: '00000000000000000000000000000000') in 0.007676 seconds
Import Error Code:(4)
Message: Build asset version error: assets/scripts/raika.cs in SourceAssetDB has modification time of '2025-03-15T01:21:53.0625694Z' while content on disk has modification time of '2025-03-15T01:22:01.5796611Z'
  ERROR: Build asset version error: assets/scripts/raika.cs in SourceAssetDB has modification time of '2025-03-15T01:21:53.0625694Z' while content on disk has modification time of '2025-03-15T01:22:01.5796611Z'
Number of updated asset objects reloaded before import = 0
Number of asset objects unloaded after import = 0
========================================================================
Received Import Request.
  Time since last request: 0.002076 seconds.
  path: Assets/Scripts/RAIKA.cs
  artifactKey: Guid(dc60b72a7348f1c4caff9f6a48033a7f) Importer(815301076,1909f56bfc062723c751e8b465ee728b)
Start importing Assets/Scripts/RAIKA.cs using Guid(dc60b72a7348f1c4caff9f6a48033a7f) Importer(815301076,1909f56bfc062723c751e8b465ee728b) [PhysX] Initialized MultithreadedTaskDispatcher with 8 workers.
 -> (artifact id: '00000000000000000000000000000000') in 0.001205 seconds
Import Error Code:(4)
Message: Build asset version error: assets/scripts/raika.cs in SourceAssetDB has modification time of '2025-03-15T01:21:53.0625694Z' while content on disk has modification time of '2025-03-15T01:22:01.5796611Z'
  ERROR: Build asset version error: assets/scripts/raika.cs in SourceAssetDB has modification time of '2025-03-15T01:21:53.0625694Z' while content on disk has modification time of '2025-03-15T01:22:01.5796611Z'
Number of updated asset objects reloaded before import = 0
Number of asset objects unloaded after import = 0
========================================================================
Received Import Request.
  Time since last request: 0.024650 seconds.
  path: Assets/Scripts/RAIKA.cs
  artifactKey: Guid(dc60b72a7348f1c4caff9f6a48033a7f) Importer(815301076,1909f56bfc062723c751e8b465ee728b)
Start importing Assets/Scripts/RAIKA.cs using Guid(dc60b72a7348f1c4caff9f6a48033a7f) Importer(815301076,1909f56bfc062723c751e8b465ee728b) [PhysX] Initialized MultithreadedTaskDispatcher with 8 workers.
 -> (artifact id: '00000000000000000000000000000000') in 0.001270 seconds
Import Error Code:(4)
Message: Build asset version error: assets/scripts/raika.cs in SourceAssetDB has modification time of '2025-03-15T01:21:53.0625694Z' while content on disk has modification time of '2025-03-15T01:22:01.5796611Z'
  ERROR: Build asset version error: assets/scripts/raika.cs in SourceAssetDB has modification time of '2025-03-15T01:21:53.0625694Z' while content on disk has modification time of '2025-03-15T01:22:01.5796611Z'
Number of updated asset objects reloaded before import = 0
Number of asset objects unloaded after import = 0
========================================================================
Received Import Request.
  Time since last request: 0.024179 seconds.
  path: Assets/Scripts/RAIKA.cs
  artifactKey: Guid(dc60b72a7348f1c4caff9f6a48033a7f) Importer(815301076,1909f56bfc062723c751e8b465ee728b)
Start importing Assets/Scripts/RAIKA.cs using Guid(dc60b72a7348f1c4caff9f6a48033a7f) Importer(815301076,1909f56bfc062723c751e8b465ee728b) [PhysX] Initialized MultithreadedTaskDispatcher with 8 workers.
 -> (artifact id: '00000000000000000000000000000000') in 0.001283 seconds
Import Error Code:(4)
Message: Build asset version error: assets/scripts/raika.cs in SourceAssetDB has modification time of '2025-03-15T01:21:53.0625694Z' while content on disk has modification time of '2025-03-15T01:22:01.5796611Z'
  ERROR: Build asset version error: assets/scripts/raika.cs in SourceAssetDB has modification time of '2025-03-15T01:21:53.0625694Z' while content on disk has modification time of '2025-03-15T01:22:01.5796611Z'
Number of updated asset objects reloaded before import = 0
Number of asset objects unloaded after import = 0
========================================================================
Received Import Request.
  Time since last request: 0.022167 seconds.
  path: Assets/Scripts/RAIKA.cs
  artifactKey: Guid(dc60b72a7348f1c4caff9f6a48033a7f) Importer(815301076,1909f56bfc062723c751e8b465ee728b)
Start importing Assets/Scripts/RAIKA.cs using Guid(dc60b72a7348f1c4caff9f6a48033a7f) Importer(815301076,1909f56bfc062723c751e8b465ee728b) [PhysX] Initialized MultithreadedTaskDispatcher with 8 workers.
 -> (artifact id: '00000000000000000000000000000000') in 0.001104 seconds
Import Error Code:(4)
Message: Build asset version error: assets/scripts/raika.cs in SourceAssetDB has modification time of '2025-03-15T01:21:53.0625694Z' while content on disk has modification time of '2025-03-15T01:22:01.5796611Z'
  ERROR: Build asset version error: assets/scripts/raika.cs in SourceAssetDB has modification time of '2025-03-15T01:21:53.0625694Z' while content on disk has modification time of '2025-03-15T01:22:01.5796611Z'
Number of updated asset objects reloaded before import = 0
Number of asset objects unloaded after import = 0
========================================================================
Received Import Request.
  Time since last request: 0.022736 seconds.
  path: Assets/Scripts/RAIKA.cs
  artifactKey: Guid(dc60b72a7348f1c4caff9f6a48033a7f) Importer(815301076,1909f56bfc062723c751e8b465ee728b)
Start importing Assets/Scripts/RAIKA.cs using Guid(dc60b72a7348f1c4caff9f6a48033a7f) Importer(815301076,1909f56bfc062723c751e8b465ee728b) [PhysX] Initialized MultithreadedTaskDispatcher with 8 workers.
 -> (artifact id: '00000000000000000000000000000000') in 0.001397 seconds
Import Error Code:(4)
Message: Build asset version error: assets/scripts/raika.cs in SourceAssetDB has modification time of '2025-03-15T01:21:53.0625694Z' while content on disk has modification time of '2025-03-15T01:22:01.5796611Z'
  ERROR: Build asset version error: assets/scripts/raika.cs in SourceAssetDB has modification time of '2025-03-15T01:21:53.0625694Z' while content on disk has modification time of '2025-03-15T01:22:01.5796611Z'
Number of updated asset objects reloaded before import = 0
Number of asset objects unloaded after import = 0
========================================================================
Received Import Request.
  Time since last request: 0.024816 seconds.
  path: Assets/Scripts/RAIKA.cs
  artifactKey: Guid(dc60b72a7348f1c4caff9f6a48033a7f) Importer(815301076,1909f56bfc062723c751e8b465ee728b)
Start importing Assets/Scripts/RAIKA.cs using Guid(dc60b72a7348f1c4caff9f6a48033a7f) Importer(815301076,1909f56bfc062723c751e8b465ee728b) [PhysX] Initialized MultithreadedTaskDispatcher with 8 workers.
 -> (artifact id: '00000000000000000000000000000000') in 0.001415 seconds
Import Error Code:(4)
Message: Build asset version error: assets/scripts/raika.cs in SourceAssetDB has modification time of '2025-03-15T01:21:53.0625694Z' while content on disk has modification time of '2025-03-15T01:22:01.5796611Z'
  ERROR: Build asset version error: assets/scripts/raika.cs in SourceAssetDB has modification time of '2025-03-15T01:21:53.0625694Z' while content on disk has modification time of '2025-03-15T01:22:01.5796611Z'
Number of updated asset objects reloaded before import = 0
Number of asset objects unloaded after import = 0
========================================================================
Received Import Request.
  Time since last request: 0.022105 seconds.
  path: Assets/Scripts/RAIKA.cs
  artifactKey: Guid(dc60b72a7348f1c4caff9f6a48033a7f) Importer(815301076,1909f56bfc062723c751e8b465ee728b)
Start importing Assets/Scripts/RAIKA.cs using Guid(dc60b72a7348f1c4caff9f6a48033a7f) Importer(815301076,1909f56bfc062723c751e8b465ee728b) [PhysX] Initialized MultithreadedTaskDispatcher with 8 workers.
 -> (artifact id: '00000000000000000000000000000000') in 0.001401 seconds
Import Error Code:(4)
Message: Build asset version error: assets/scripts/raika.cs in SourceAssetDB has modification time of '2025-03-15T01:21:53.0625694Z' while content on disk has modification time of '2025-03-15T01:22:01.5796611Z'
  ERROR: Build asset version error: assets/scripts/raika.cs in SourceAssetDB has modification time of '2025-03-15T01:21:53.0625694Z' while content on disk has modification time of '2025-03-15T01:22:01.5796611Z'
Number of updated asset objects reloaded before import = 0
Number of asset objects unloaded after import = 0
========================================================================
Received Import Request.
  Time since last request: 0.022872 seconds.
  path: Assets/Scripts/RAIKA.cs
  artifactKey: Guid(dc60b72a7348f1c4caff9f6a48033a7f) Importer(815301076,1909f56bfc062723c751e8b465ee728b)
Start importing Assets/Scripts/RAIKA.cs using Guid(dc60b72a7348f1c4caff9f6a48033a7f) Importer(815301076,1909f56bfc062723c751e8b465ee728b) [PhysX] Initialized MultithreadedTaskDispatcher with 8 workers.
 -> (artifact id: '00000000000000000000000000000000') in 0.001195 seconds
Import Error Code:(4)
Message: Build asset version error: assets/scripts/raika.cs in SourceAssetDB has modification time of '2025-03-15T01:21:53.0625694Z' while content on disk has modification time of '2025-03-15T01:22:01.5796611Z'
  ERROR: Build asset version error: assets/scripts/raika.cs in SourceAssetDB has modification time of '2025-03-15T01:21:53.0625694Z' while content on disk has modification time of '2025-03-15T01:22:01.5796611Z'
Number of updated asset objects reloaded before import = 0
Number of asset objects unloaded after import = 0
========================================================================
Received Import Request.
  Time since last request: 0.025079 seconds.
  path: Assets/Scripts/RAIKA.cs
  artifactKey: Guid(dc60b72a7348f1c4caff9f6a48033a7f) Importer(815301076,1909f56bfc062723c751e8b465ee728b)
Start importing Assets/Scripts/RAIKA.cs using Guid(dc60b72a7348f1c4caff9f6a48033a7f) Importer(815301076,1909f56bfc062723c751e8b465ee728b) [PhysX] Initialized MultithreadedTaskDispatcher with 8 workers.
 -> (artifact id: '00000000000000000000000000000000') in 0.001444 seconds
Import Error Code:(4)
Message: Build asset version error: assets/scripts/raika.cs in SourceAssetDB has modification time of '2025-03-15T01:21:53.0625694Z' while content on disk has modification time of '2025-03-15T01:22:01.5796611Z'
  ERROR: Build asset version error: assets/scripts/raika.cs in SourceAssetDB has modification time of '2025-03-15T01:21:53.0625694Z' while content on disk has modification time of '2025-03-15T01:22:01.5796611Z'
Number of updated asset objects reloaded before import = 0
Number of asset objects unloaded after import = 0
========================================================================
Received Import Request.
  Time since last request: 0.023463 seconds.
  path: Assets/Scripts/RAIKA.cs
  artifactKey: Guid(dc60b72a7348f1c4caff9f6a48033a7f) Importer(815301076,1909f56bfc062723c751e8b465ee728b)
Start importing Assets/Scripts/RAIKA.cs using Guid(dc60b72a7348f1c4caff9f6a48033a7f) Importer(815301076,1909f56bfc062723c751e8b465ee728b) [PhysX] Initialized MultithreadedTaskDispatcher with 8 workers.
 -> (artifact id: '00000000000000000000000000000000') in 0.001377 seconds
Import Error Code:(4)
Message: Build asset version error: assets/scripts/raika.cs in SourceAssetDB has modification time of '2025-03-15T01:21:53.0625694Z' while content on disk has modification time of '2025-03-15T01:22:01.5796611Z'
  ERROR: Build asset version error: assets/scripts/raika.cs in SourceAssetDB has modification time of '2025-03-15T01:21:53.0625694Z' while content on disk has modification time of '2025-03-15T01:22:01.5796611Z'
Number of updated asset objects reloaded before import = 0
Number of asset objects unloaded after import = 0
========================================================================
Received Import Request.
  Time since last request: 0.023615 seconds.
  path: Assets/Scripts/RAIKA.cs
  artifactKey: Guid(dc60b72a7348f1c4caff9f6a48033a7f) Importer(815301076,1909f56bfc062723c751e8b465ee728b)
Start importing Assets/Scripts/RAIKA.cs using Guid(dc60b72a7348f1c4caff9f6a48033a7f) Importer(815301076,1909f56bfc062723c751e8b465ee728b) [PhysX] Initialized MultithreadedTaskDispatcher with 8 workers.
 -> (artifact id: '00000000000000000000000000000000') in 0.001419 seconds
Import Error Code:(4)
Message: Build asset version error: assets/scripts/raika.cs in SourceAssetDB has modification time of '2025-03-15T01:21:53.0625694Z' while content on disk has modification time of '2025-03-15T01:22:01.5796611Z'
  ERROR: Build asset version error: assets/scripts/raika.cs in SourceAssetDB has modification time of '2025-03-15T01:21:53.0625694Z' while content on disk has modification time of '2025-03-15T01:22:01.5796611Z'
Number of updated asset objects reloaded before import = 0
Number of asset objects unloaded after import = 0
========================================================================
Received Import Request.
  Time since last request: 0.020955 seconds.
  path: Assets/Scripts/RAIKA.cs
  artifactKey: Guid(dc60b72a7348f1c4caff9f6a48033a7f) Importer(815301076,1909f56bfc062723c751e8b465ee728b)
Start importing Assets/Scripts/RAIKA.cs using Guid(dc60b72a7348f1c4caff9f6a48033a7f) Importer(815301076,1909f56bfc062723c751e8b465ee728b) [PhysX] Initialized MultithreadedTaskDispatcher with 8 workers.
 -> (artifact id: '00000000000000000000000000000000') in 0.001220 seconds
Import Error Code:(4)
Message: Build asset version error: assets/scripts/raika.cs in SourceAssetDB has modification time of '2025-03-15T01:21:53.0625694Z' while content on disk has modification time of '2025-03-15T01:22:01.5796611Z'
  ERROR: Build asset version error: assets/scripts/raika.cs in SourceAssetDB has modification time of '2025-03-15T01:21:53.0625694Z' while content on disk has modification time of '2025-03-15T01:22:01.5796611Z'
Number of updated asset objects reloaded before import = 0
Number of asset objects unloaded after import = 0
========================================================================
Received Import Request.
  Time since last request: 0.021668 seconds.
  path: Assets/Scripts/RAIKA.cs
  artifactKey: Guid(dc60b72a7348f1c4caff9f6a48033a7f) Importer(815301076,1909f56bfc062723c751e8b465ee728b)
Start importing Assets/Scripts/RAIKA.cs using Guid(dc60b72a7348f1c4caff9f6a48033a7f) Importer(815301076,1909f56bfc062723c751e8b465ee728b) [PhysX] Initialized MultithreadedTaskDispatcher with 8 workers.
 -> (artifact id: '00000000000000000000000000000000') in 0.001829 seconds
Import Error Code:(4)
Message: Build asset version error: assets/scripts/raika.cs in SourceAssetDB has modification time of '2025-03-15T01:21:53.0625694Z' while content on disk has modification time of '2025-03-15T01:22:01.5796611Z'
  ERROR: Build asset version error: assets/scripts/raika.cs in SourceAssetDB has modification time of '2025-03-15T01:21:53.0625694Z' while content on disk has modification time of '2025-03-15T01:22:01.5796611Z'
Number of updated asset objects reloaded before import = 0
Number of asset objects unloaded after import = 0
========================================================================
Received Import Request.
  Time since last request: 0.022108 seconds.
  path: Assets/Scripts/RAIKA.cs
  artifactKey: Guid(dc60b72a7348f1c4caff9f6a48033a7f) Importer(815301076,1909f56bfc062723c751e8b465ee728b)
Start importing Assets/Scripts/RAIKA.cs using Guid(dc60b72a7348f1c4caff9f6a48033a7f) Importer(815301076,1909f56bfc062723c751e8b465ee728b) [PhysX] Initialized MultithreadedTaskDispatcher with 8 workers.
 -> (artifact id: '00000000000000000000000000000000') in 0.001325 seconds
Import Error Code:(4)
Message: Build asset version error: assets/scripts/raika.cs in SourceAssetDB has modification time of '2025-03-15T01:21:53.0625694Z' while content on disk has modification time of '2025-03-15T01:22:01.5796611Z'
  ERROR: Build asset version error: assets/scripts/raika.cs in SourceAssetDB has modification time of '2025-03-15T01:21:53.0625694Z' while content on disk has modification time of '2025-03-15T01:22:01.5796611Z'
Number of updated asset objects reloaded before import = 0
Number of asset objects unloaded after import = 0
========================================================================
Received Import Request.
  Time since last request: 0.023735 seconds.
  path: Assets/Scripts/RAIKA.cs
  artifactKey: Guid(dc60b72a7348f1c4caff9f6a48033a7f) Importer(815301076,1909f56bfc062723c751e8b465ee728b)
Start importing Assets/Scripts/RAIKA.cs using Guid(dc60b72a7348f1c4caff9f6a48033a7f) Importer(815301076,1909f56bfc062723c751e8b465ee728b) [PhysX] Initialized MultithreadedTaskDispatcher with 8 workers.
 -> (artifact id: '00000000000000000000000000000000') in 0.001396 seconds
Import Error Code:(4)
Message: Build asset version error: assets/scripts/raika.cs in SourceAssetDB has modification time of '2025-03-15T01:21:53.0625694Z' while content on disk has modification time of '2025-03-15T01:22:01.5796611Z'
  ERROR: Build asset version error: assets/scripts/raika.cs in SourceAssetDB has modification time of '2025-03-15T01:21:53.0625694Z' while content on disk has modification time of '2025-03-15T01:22:01.5796611Z'
Number of updated asset objects reloaded before import = 0
Number of asset objects unloaded after import = 0
========================================================================
Received Import Request.
  Time since last request: 0.022433 seconds.
  path: Assets/Scripts/RAIKA.cs
  artifactKey: Guid(dc60b72a7348f1c4caff9f6a48033a7f) Importer(815301076,1909f56bfc062723c751e8b465ee728b)
Start importing Assets/Scripts/RAIKA.cs using Guid(dc60b72a7348f1c4caff9f6a48033a7f) Importer(815301076,1909f56bfc062723c751e8b465ee728b) [PhysX] Initialized MultithreadedTaskDispatcher with 8 workers.
 -> (artifact id: '00000000000000000000000000000000') in 0.001495 seconds
Import Error Code:(4)
Message: Build asset version error: assets/scripts/raika.cs in SourceAssetDB has modification time of '2025-03-15T01:21:53.0625694Z' while content on disk has modification time of '2025-03-15T01:22:01.5796611Z'
  ERROR: Build asset version error: assets/scripts/raika.cs in SourceAssetDB has modification time of '2025-03-15T01:21:53.0625694Z' while content on disk has modification time of '2025-03-15T01:22:01.5796611Z'
Number of updated asset objects reloaded before import = 0
Number of asset objects unloaded after import = 0
========================================================================
Received Import Request.
  Time since last request: 0.023387 seconds.
  path: Assets/Scripts/RAIKA.cs
  artifactKey: Guid(dc60b72a7348f1c4caff9f6a48033a7f) Importer(815301076,1909f56bfc062723c751e8b465ee728b)
Start importing Assets/Scripts/RAIKA.cs using Guid(dc60b72a7348f1c4caff9f6a48033a7f) Importer(815301076,1909f56bfc062723c751e8b465ee728b) [PhysX] Initialized MultithreadedTaskDispatcher with 8 workers.
 -> (artifact id: '00000000000000000000000000000000') in 0.001281 seconds
Import Error Code:(4)
Message: Build asset version error: assets/scripts/raika.cs in SourceAssetDB has modification time of '2025-03-15T01:21:53.0625694Z' while content on disk has modification time of '2025-03-15T01:22:01.5796611Z'
  ERROR: Build asset version error: assets/scripts/raika.cs in SourceAssetDB has modification time of '2025-03-15T01:21:53.0625694Z' while content on disk has modification time of '2025-03-15T01:22:01.5796611Z'
Number of updated asset objects reloaded before import = 0
Number of asset objects unloaded after import = 0
========================================================================
Received Import Request.
  Time since last request: 0.020879 seconds.
  path: Assets/Scripts/RAIKA.cs
  artifactKey: Guid(dc60b72a7348f1c4caff9f6a48033a7f) Importer(815301076,1909f56bfc062723c751e8b465ee728b)
Start importing Assets/Scripts/RAIKA.cs using Guid(dc60b72a7348f1c4caff9f6a48033a7f) Importer(815301076,1909f56bfc062723c751e8b465ee728b) [PhysX] Initialized MultithreadedTaskDispatcher with 8 workers.
 -> (artifact id: '00000000000000000000000000000000') in 0.001010 seconds
Import Error Code:(4)
Message: Build asset version error: assets/scripts/raika.cs in SourceAssetDB has modification time of '2025-03-15T01:21:53.0625694Z' while content on disk has modification time of '2025-03-15T01:22:01.5796611Z'
  ERROR: Build asset version error: assets/scripts/raika.cs in SourceAssetDB has modification time of '2025-03-15T01:21:53.0625694Z' while content on disk has modification time of '2025-03-15T01:22:01.5796611Z'
Number of updated asset objects reloaded before import = 0
Number of asset objects unloaded after import = 0
========================================================================
Received Import Request.
  Time since last request: 0.020752 seconds.
  path: Assets/Scripts/RAIKA.cs
  artifactKey: Guid(dc60b72a7348f1c4caff9f6a48033a7f) Importer(815301076,1909f56bfc062723c751e8b465ee728b)
Start importing Assets/Scripts/RAIKA.cs using Guid(dc60b72a7348f1c4caff9f6a48033a7f) Importer(815301076,1909f56bfc062723c751e8b465ee728b) [PhysX] Initialized MultithreadedTaskDispatcher with 8 workers.
 -> (artifact id: '00000000000000000000000000000000') in 0.001161 seconds
Import Error Code:(4)
Message: Build asset version error: assets/scripts/raika.cs in SourceAssetDB has modification time of '2025-03-15T01:21:53.0625694Z' while content on disk has modification time of '2025-03-15T01:22:01.5796611Z'
  ERROR: Build asset version error: assets/scripts/raika.cs in SourceAssetDB has modification time of '2025-03-15T01:21:53.0625694Z' while content on disk has modification time of '2025-03-15T01:22:01.5796611Z'
Number of updated asset objects reloaded before import = 0
Number of asset objects unloaded after import = 0
========================================================================
Received Import Request.
  Time since last request: 0.020993 seconds.
  path: Assets/Scripts/RAIKA.cs
  artifactKey: Guid(dc60b72a7348f1c4caff9f6a48033a7f) Importer(815301076,1909f56bfc062723c751e8b465ee728b)
Start importing Assets/Scripts/RAIKA.cs using Guid(dc60b72a7348f1c4caff9f6a48033a7f) Importer(815301076,1909f56bfc062723c751e8b465ee728b) [PhysX] Initialized MultithreadedTaskDispatcher with 8 workers.
 -> (artifact id: '00000000000000000000000000000000') in 0.001088 seconds
Import Error Code:(4)
Message: Build asset version error: assets/scripts/raika.cs in SourceAssetDB has modification time of '2025-03-15T01:21:53.0625694Z' while content on disk has modification time of '2025-03-15T01:22:01.5796611Z'
  ERROR: Build asset version error: assets/scripts/raika.cs in SourceAssetDB has modification time of '2025-03-15T01:21:53.0625694Z' while content on disk has modification time of '2025-03-15T01:22:01.5796611Z'
Number of updated asset objects reloaded before import = 0
Number of asset objects unloaded after import = 0
========================================================================
Received Import Request.
  Time since last request: 0.023723 seconds.
  path: Assets/Scripts/RAIKA.cs
  artifactKey: Guid(dc60b72a7348f1c4caff9f6a48033a7f) Importer(815301076,1909f56bfc062723c751e8b465ee728b)
Start importing Assets/Scripts/RAIKA.cs using Guid(dc60b72a7348f1c4caff9f6a48033a7f) Importer(815301076,1909f56bfc062723c751e8b465ee728b) [PhysX] Initialized MultithreadedTaskDispatcher with 8 workers.
 -> (artifact id: '00000000000000000000000000000000') in 0.001204 seconds
Import Error Code:(4)
Message: Build asset version error: assets/scripts/raika.cs in SourceAssetDB has modification time of '2025-03-15T01:21:53.0625694Z' while content on disk has modification time of '2025-03-15T01:22:01.5796611Z'
  ERROR: Build asset version error: assets/scripts/raika.cs in SourceAssetDB has modification time of '2025-03-15T01:21:53.0625694Z' while content on disk has modification time of '2025-03-15T01:22:01.5796611Z'
Number of updated asset objects reloaded before import = 0
Number of asset objects unloaded after import = 0
========================================================================
Received Import Request.
  Time since last request: 0.025122 seconds.
  path: Assets/Scripts/RAIKA.cs
  artifactKey: Guid(dc60b72a7348f1c4caff9f6a48033a7f) Importer(815301076,1909f56bfc062723c751e8b465ee728b)
Start importing Assets/Scripts/RAIKA.cs using Guid(dc60b72a7348f1c4caff9f6a48033a7f) Importer(815301076,1909f56bfc062723c751e8b465ee728b) [PhysX] Initialized MultithreadedTaskDispatcher with 8 workers.
 -> (artifact id: '00000000000000000000000000000000') in 0.001276 seconds
Import Error Code:(4)
Message: Build asset version error: assets/scripts/raika.cs in SourceAssetDB has modification time of '2025-03-15T01:21:53.0625694Z' while content on disk has modification time of '2025-03-15T01:22:01.5796611Z'
  ERROR: Build asset version error: assets/scripts/raika.cs in SourceAssetDB has modification time of '2025-03-15T01:21:53.0625694Z' while content on disk has modification time of '2025-03-15T01:22:01.5796611Z'
Number of updated asset objects reloaded before import = 0
Number of asset objects unloaded after import = 0
========================================================================
Received Import Request.
  Time since last request: 0.019048 seconds.
  path: Assets/Scripts/RAIKA.cs
  artifactKey: Guid(dc60b72a7348f1c4caff9f6a48033a7f) Importer(815301076,1909f56bfc062723c751e8b465ee728b)
Start importing Assets/Scripts/RAIKA.cs using Guid(dc60b72a7348f1c4caff9f6a48033a7f) Importer(815301076,1909f56bfc062723c751e8b465ee728b) [PhysX] Initialized MultithreadedTaskDispatcher with 8 workers.
 -> (artifact id: '00000000000000000000000000000000') in 0.001635 seconds
Import Error Code:(4)
Message: Build asset version error: assets/scripts/raika.cs in SourceAssetDB has modification time of '2025-03-15T01:21:53.0625694Z' while content on disk has modification time of '2025-03-15T01:22:01.5796611Z'
  ERROR: Build asset version error: assets/scripts/raika.cs in SourceAssetDB has modification time of '2025-03-15T01:21:53.0625694Z' while content on disk has modification time of '2025-03-15T01:22:01.5796611Z'
Number of updated asset objects reloaded before import = 0
Number of asset objects unloaded after import = 0
========================================================================
Received Import Request.
  Time since last request: 0.020747 seconds.
  path: Assets/Scripts/RAIKA.cs
  artifactKey: Guid(dc60b72a7348f1c4caff9f6a48033a7f) Importer(815301076,1909f56bfc062723c751e8b465ee728b)
Start importing Assets/Scripts/RAIKA.cs using Guid(dc60b72a7348f1c4caff9f6a48033a7f) Importer(815301076,1909f56bfc062723c751e8b465ee728b) [PhysX] Initialized MultithreadedTaskDispatcher with 8 workers.
 -> (artifact id: '00000000000000000000000000000000') in 0.001010 seconds
Import Error Code:(4)
Message: Build asset version error: assets/scripts/raika.cs in SourceAssetDB has modification time of '2025-03-15T01:21:53.0625694Z' while content on disk has modification time of '2025-03-15T01:22:01.5796611Z'
  ERROR: Build asset version error: assets/scripts/raika.cs in SourceAssetDB has modification time of '2025-03-15T01:21:53.0625694Z' while content on disk has modification time of '2025-03-15T01:22:01.5796611Z'
Number of updated asset objects reloaded before import = 0
Number of asset objects unloaded after import = 0
========================================================================
Received Import Request.
  Time since last request: 0.019981 seconds.
  path: Assets/Scripts/RAIKA.cs
  artifactKey: Guid(dc60b72a7348f1c4caff9f6a48033a7f) Importer(815301076,1909f56bfc062723c751e8b465ee728b)
Start importing Assets/Scripts/RAIKA.cs using Guid(dc60b72a7348f1c4caff9f6a48033a7f) Importer(815301076,1909f56bfc062723c751e8b465ee728b) [PhysX] Initialized MultithreadedTaskDispatcher with 8 workers.
 -> (artifact id: '00000000000000000000000000000000') in 0.001657 seconds
Import Error Code:(4)
Message: Build asset version error: assets/scripts/raika.cs in SourceAssetDB has modification time of '2025-03-15T01:21:53.0625694Z' while content on disk has modification time of '2025-03-15T01:22:01.5796611Z'
  ERROR: Build asset version error: assets/scripts/raika.cs in SourceAssetDB has modification time of '2025-03-15T01:21:53.0625694Z' while content on disk has modification time of '2025-03-15T01:22:01.5796611Z'
Number of updated asset objects reloaded before import = 0
Number of asset objects unloaded after import = 0
========================================================================
Received Import Request.
  Time since last request: 0.021553 seconds.
  path: Assets/Scripts/RAIKA.cs
  artifactKey: Guid(dc60b72a7348f1c4caff9f6a48033a7f) Importer(815301076,1909f56bfc062723c751e8b465ee728b)
Start importing Assets/Scripts/RAIKA.cs using Guid(dc60b72a7348f1c4caff9f6a48033a7f) Importer(815301076,1909f56bfc062723c751e8b465ee728b) [PhysX] Initialized MultithreadedTaskDispatcher with 8 workers.
 -> (artifact id: '00000000000000000000000000000000') in 0.000879 seconds
Import Error Code:(4)
Message: Build asset version error: assets/scripts/raika.cs in SourceAssetDB has modification time of '2025-03-15T01:21:53.0625694Z' while content on disk has modification time of '2025-03-15T01:22:01.5796611Z'
  ERROR: Build asset version error: assets/scripts/raika.cs in SourceAssetDB has modification time of '2025-03-15T01:21:53.0625694Z' while content on disk has modification time of '2025-03-15T01:22:01.5796611Z'
Number of updated asset objects reloaded before import = 0
Number of asset objects unloaded after import = 0
========================================================================
Received Import Request.
  Time since last request: 0.020465 seconds.
  path: Assets/Scripts/RAIKA.cs
  artifactKey: Guid(dc60b72a7348f1c4caff9f6a48033a7f) Importer(815301076,1909f56bfc062723c751e8b465ee728b)
Start importing Assets/Scripts/RAIKA.cs using Guid(dc60b72a7348f1c4caff9f6a48033a7f) Importer(815301076,1909f56bfc062723c751e8b465ee728b) [PhysX] Initialized MultithreadedTaskDispatcher with 8 workers.
 -> (artifact id: '00000000000000000000000000000000') in 0.001042 seconds
Import Error Code:(4)
Message: Build asset version error: assets/scripts/raika.cs in SourceAssetDB has modification time of '2025-03-15T01:21:53.0625694Z' while content on disk has modification time of '2025-03-15T01:22:01.5796611Z'
  ERROR: Build asset version error: assets/scripts/raika.cs in SourceAssetDB has modification time of '2025-03-15T01:21:53.0625694Z' while content on disk has modification time of '2025-03-15T01:22:01.5796611Z'
Number of updated asset objects reloaded before import = 0
Number of asset objects unloaded after import = 0
========================================================================
Received Import Request.
  Time since last request: 0.022264 seconds.
  path: Assets/Scripts/RAIKA.cs
  artifactKey: Guid(dc60b72a7348f1c4caff9f6a48033a7f) Importer(815301076,1909f56bfc062723c751e8b465ee728b)
Start importing Assets/Scripts/RAIKA.cs using Guid(dc60b72a7348f1c4caff9f6a48033a7f) Importer(815301076,1909f56bfc062723c751e8b465ee728b) [PhysX] Initialized MultithreadedTaskDispatcher with 8 workers.
 -> (artifact id: '00000000000000000000000000000000') in 0.001132 seconds
Import Error Code:(4)
Message: Build asset version error: assets/scripts/raika.cs in SourceAssetDB has modification time of '2025-03-15T01:21:53.0625694Z' while content on disk has modification time of '2025-03-15T01:22:01.5796611Z'
  ERROR: Build asset version error: assets/scripts/raika.cs in SourceAssetDB has modification time of '2025-03-15T01:21:53.0625694Z' while content on disk has modification time of '2025-03-15T01:22:01.5796611Z'
Number of updated asset objects reloaded before import = 0
Number of asset objects unloaded after import = 0
========================================================================
Received Import Request.
  Time since last request: 0.020314 seconds.
  path: Assets/Scripts/RAIKA.cs
  artifactKey: Guid(dc60b72a7348f1c4caff9f6a48033a7f) Importer(815301076,1909f56bfc062723c751e8b465ee728b)
Start importing Assets/Scripts/RAIKA.cs using Guid(dc60b72a7348f1c4caff9f6a48033a7f) Importer(815301076,1909f56bfc062723c751e8b465ee728b) [PhysX] Initialized MultithreadedTaskDispatcher with 8 workers.
 -> (artifact id: '00000000000000000000000000000000') in 0.001220 seconds
Import Error Code:(4)
Message: Build asset version error: assets/scripts/raika.cs in SourceAssetDB has modification time of '2025-03-15T01:21:53.0625694Z' while content on disk has modification time of '2025-03-15T01:22:01.5796611Z'
  ERROR: Build asset version error: assets/scripts/raika.cs in SourceAssetDB has modification time of '2025-03-15T01:21:53.0625694Z' while content on disk has modification time of '2025-03-15T01:22:01.5796611Z'
Number of updated asset objects reloaded before import = 0
Number of asset objects unloaded after import = 0
========================================================================
Received Import Request.
  Time since last request: 0.020247 seconds.
  path: Assets/Scripts/RAIKA.cs
  artifactKey: Guid(dc60b72a7348f1c4caff9f6a48033a7f) Importer(815301076,1909f56bfc062723c751e8b465ee728b)
Start importing Assets/Scripts/RAIKA.cs using Guid(dc60b72a7348f1c4caff9f6a48033a7f) Importer(815301076,1909f56bfc062723c751e8b465ee728b) [PhysX] Initialized MultithreadedTaskDispatcher with 8 workers.
 -> (artifact id: '00000000000000000000000000000000') in 0.001251 seconds
Import Error Code:(4)
Message: Build asset version error: assets/scripts/raika.cs in SourceAssetDB has modification time of '2025-03-15T01:21:53.0625694Z' while content on disk has modification time of '2025-03-15T01:22:01.5796611Z'
  ERROR: Build asset version error: assets/scripts/raika.cs in SourceAssetDB has modification time of '2025-03-15T01:21:53.0625694Z' while content on disk has modification time of '2025-03-15T01:22:01.5796611Z'
Number of updated asset objects reloaded before import = 0
Number of asset objects unloaded after import = 0
========================================================================
Received Import Request.
  Time since last request: 0.019363 seconds.
  path: Assets/Scripts/RAIKA.cs
  artifactKey: Guid(dc60b72a7348f1c4caff9f6a48033a7f) Importer(815301076,1909f56bfc062723c751e8b465ee728b)
Start importing Assets/Scripts/RAIKA.cs using Guid(dc60b72a7348f1c4caff9f6a48033a7f) Importer(815301076,1909f56bfc062723c751e8b465ee728b) [PhysX] Initialized MultithreadedTaskDispatcher with 8 workers.
 -> (artifact id: '00000000000000000000000000000000') in 0.000950 seconds
Import Error Code:(4)
Message: Build asset version error: assets/scripts/raika.cs in SourceAssetDB has modification time of '2025-03-15T01:21:53.0625694Z' while content on disk has modification time of '2025-03-15T01:22:01.5796611Z'
  ERROR: Build asset version error: assets/scripts/raika.cs in SourceAssetDB has modification time of '2025-03-15T01:21:53.0625694Z' while content on disk has modification time of '2025-03-15T01:22:01.5796611Z'
Number of updated asset objects reloaded before import = 0
Number of asset objects unloaded after import = 0
========================================================================
Received Import Request.
  Time since last request: 0.020740 seconds.
  path: Assets/Scripts/RAIKA.cs
  artifactKey: Guid(dc60b72a7348f1c4caff9f6a48033a7f) Importer(815301076,1909f56bfc062723c751e8b465ee728b)
Start importing Assets/Scripts/RAIKA.cs using Guid(dc60b72a7348f1c4caff9f6a48033a7f) Importer(815301076,1909f56bfc062723c751e8b465ee728b) [PhysX] Initialized MultithreadedTaskDispatcher with 8 workers.
 -> (artifact id: '00000000000000000000000000000000') in 0.001172 seconds
Import Error Code:(4)
Message: Build asset version error: assets/scripts/raika.cs in SourceAssetDB has modification time of '2025-03-15T01:21:53.0625694Z' while content on disk has modification time of '2025-03-15T01:22:01.5796611Z'
  ERROR: Build asset version error: assets/scripts/raika.cs in SourceAssetDB has modification time of '2025-03-15T01:21:53.0625694Z' while content on disk has modification time of '2025-03-15T01:22:01.5796611Z'
Number of updated asset objects reloaded before import = 0
Number of asset objects unloaded after import = 0
========================================================================
Received Import Request.
  Time since last request: 0.019249 seconds.
  path: Assets/Scripts/RAIKA.cs
  artifactKey: Guid(dc60b72a7348f1c4caff9f6a48033a7f) Importer(815301076,1909f56bfc062723c751e8b465ee728b)
Start importing Assets/Scripts/RAIKA.cs using Guid(dc60b72a7348f1c4caff9f6a48033a7f) Importer(815301076,1909f56bfc062723c751e8b465ee728b) [PhysX] Initialized MultithreadedTaskDispatcher with 8 workers.
 -> (artifact id: '00000000000000000000000000000000') in 0.000880 seconds
Import Error Code:(4)
Message: Build asset version error: assets/scripts/raika.cs in SourceAssetDB has modification time of '2025-03-15T01:21:53.0625694Z' while content on disk has modification time of '2025-03-15T01:22:01.5796611Z'
  ERROR: Build asset version error: assets/scripts/raika.cs in SourceAssetDB has modification time of '2025-03-15T01:21:53.0625694Z' while content on disk has modification time of '2025-03-15T01:22:01.5796611Z'
Number of updated asset objects reloaded before import = 0
Number of asset objects unloaded after import = 0
========================================================================
Received Import Request.
  Time since last request: 0.020446 seconds.
  path: Assets/Scripts/RAIKA.cs
  artifactKey: Guid(dc60b72a7348f1c4caff9f6a48033a7f) Importer(815301076,1909f56bfc062723c751e8b465ee728b)
Start importing Assets/Scripts/RAIKA.cs using Guid(dc60b72a7348f1c4caff9f6a48033a7f) Importer(815301076,1909f56bfc062723c751e8b465ee728b) [PhysX] Initialized MultithreadedTaskDispatcher with 8 workers.
 -> (artifact id: '00000000000000000000000000000000') in 0.001168 seconds
Import Error Code:(4)
Message: Build asset version error: assets/scripts/raika.cs in SourceAssetDB has modification time of '2025-03-15T01:21:53.0625694Z' while content on disk has modification time of '2025-03-15T01:22:01.5796611Z'
  ERROR: Build asset version error: assets/scripts/raika.cs in SourceAssetDB has modification time of '2025-03-15T01:21:53.0625694Z' while content on disk has modification time of '2025-03-15T01:22:01.5796611Z'
Number of updated asset objects reloaded before import = 0
Number of asset objects unloaded after import = 0
========================================================================
Received Import Request.
  Time since last request: 0.019203 seconds.
  path: Assets/Scripts/RAIKA.cs
  artifactKey: Guid(dc60b72a7348f1c4caff9f6a48033a7f) Importer(815301076,1909f56bfc062723c751e8b465ee728b)
Start importing Assets/Scripts/RAIKA.cs using Guid(dc60b72a7348f1c4caff9f6a48033a7f) Importer(815301076,1909f56bfc062723c751e8b465ee728b) [PhysX] Initialized MultithreadedTaskDispatcher with 8 workers.
 -> (artifact id: '00000000000000000000000000000000') in 0.001174 seconds
Import Error Code:(4)
Message: Build asset version error: assets/scripts/raika.cs in SourceAssetDB has modification time of '2025-03-15T01:21:53.0625694Z' while content on disk has modification time of '2025-03-15T01:22:01.5796611Z'
  ERROR: Build asset version error: assets/scripts/raika.cs in SourceAssetDB has modification time of '2025-03-15T01:21:53.0625694Z' while content on disk has modification time of '2025-03-15T01:22:01.5796611Z'
Number of updated asset objects reloaded before import = 0
Number of asset objects unloaded after import = 0
========================================================================
Received Import Request.
  Time since last request: 0.018596 seconds.
  path: Assets/Scripts/RAIKA.cs
  artifactKey: Guid(dc60b72a7348f1c4caff9f6a48033a7f) Importer(815301076,1909f56bfc062723c751e8b465ee728b)
Start importing Assets/Scripts/RAIKA.cs using Guid(dc60b72a7348f1c4caff9f6a48033a7f) Importer(815301076,1909f56bfc062723c751e8b465ee728b) [PhysX] Initialized MultithreadedTaskDispatcher with 8 workers.
 -> (artifact id: '00000000000000000000000000000000') in 0.001319 seconds
Import Error Code:(4)
Message: Build asset version error: assets/scripts/raika.cs in SourceAssetDB has modification time of '2025-03-15T01:21:53.0625694Z' while content on disk has modification time of '2025-03-15T01:22:01.5796611Z'
  ERROR: Build asset version error: assets/scripts/raika.cs in SourceAssetDB has modification time of '2025-03-15T01:21:53.0625694Z' while content on disk has modification time of '2025-03-15T01:22:01.5796611Z'
Number of updated asset objects reloaded before import = 0
Number of asset objects unloaded after import = 0
========================================================================
Received Import Request.
  Time since last request: 0.018187 seconds.
  path: Assets/Scripts/RAIKA.cs
  artifactKey: Guid(dc60b72a7348f1c4caff9f6a48033a7f) Importer(815301076,1909f56bfc062723c751e8b465ee728b)
Start importing Assets/Scripts/RAIKA.cs using Guid(dc60b72a7348f1c4caff9f6a48033a7f) Importer(815301076,1909f56bfc062723c751e8b465ee728b) [PhysX] Initialized MultithreadedTaskDispatcher with 8 workers.
 -> (artifact id: '00000000000000000000000000000000') in 0.000999 seconds
Import Error Code:(4)
Message: Build asset version error: assets/scripts/raika.cs in SourceAssetDB has modification time of '2025-03-15T01:21:53.0625694Z' while content on disk has modification time of '2025-03-15T01:22:01.5796611Z'
  ERROR: Build asset version error: assets/scripts/raika.cs in SourceAssetDB has modification time of '2025-03-15T01:21:53.0625694Z' while content on disk has modification time of '2025-03-15T01:22:01.5796611Z'
Number of updated asset objects reloaded before import = 0
Number of asset objects unloaded after import = 0
========================================================================
Received Import Request.
  Time since last request: 0.019130 seconds.
  path: Assets/Scripts/RAIKA.cs
  artifactKey: Guid(dc60b72a7348f1c4caff9f6a48033a7f) Importer(815301076,1909f56bfc062723c751e8b465ee728b)
Start importing Assets/Scripts/RAIKA.cs using Guid(dc60b72a7348f1c4caff9f6a48033a7f) Importer(815301076,1909f56bfc062723c751e8b465ee728b) [PhysX] Initialized MultithreadedTaskDispatcher with 8 workers.
 -> (artifact id: '00000000000000000000000000000000') in 0.001147 seconds
Import Error Code:(4)
Message: Build asset version error: assets/scripts/raika.cs in SourceAssetDB has modification time of '2025-03-15T01:21:53.0625694Z' while content on disk has modification time of '2025-03-15T01:22:01.5796611Z'
  ERROR: Build asset version error: assets/scripts/raika.cs in SourceAssetDB has modification time of '2025-03-15T01:21:53.0625694Z' while content on disk has modification time of '2025-03-15T01:22:01.5796611Z'
Number of updated asset objects reloaded before import = 0
Number of asset objects unloaded after import = 0
========================================================================
Received Import Request.
  Time since last request: 0.019169 seconds.
  path: Assets/Scripts/RAIKA.cs
  artifactKey: Guid(dc60b72a7348f1c4caff9f6a48033a7f) Importer(815301076,1909f56bfc062723c751e8b465ee728b)
Start importing Assets/Scripts/RAIKA.cs using Guid(dc60b72a7348f1c4caff9f6a48033a7f) Importer(815301076,1909f56bfc062723c751e8b465ee728b) [PhysX] Initialized MultithreadedTaskDispatcher with 8 workers.
 -> (artifact id: '00000000000000000000000000000000') in 0.000935 seconds
Import Error Code:(4)
Message: Build asset version error: assets/scripts/raika.cs in SourceAssetDB has modification time of '2025-03-15T01:21:53.0625694Z' while content on disk has modification time of '2025-03-15T01:22:01.5796611Z'
  ERROR: Build asset version error: assets/scripts/raika.cs in SourceAssetDB has modification time of '2025-03-15T01:21:53.0625694Z' while content on disk has modification time of '2025-03-15T01:22:01.5796611Z'
Number of updated asset objects reloaded before import = 0
Number of asset objects unloaded after import = 0
========================================================================
Received Import Request.
  Time since last request: 0.019144 seconds.
  path: Assets/Scripts/RAIKA.cs
  artifactKey: Guid(dc60b72a7348f1c4caff9f6a48033a7f) Importer(815301076,1909f56bfc062723c751e8b465ee728b)
Start importing Assets/Scripts/RAIKA.cs using Guid(dc60b72a7348f1c4caff9f6a48033a7f) Importer(815301076,1909f56bfc062723c751e8b465ee728b) [PhysX] Initialized MultithreadedTaskDispatcher with 8 workers.
 -> (artifact id: '00000000000000000000000000000000') in 0.001017 seconds
Import Error Code:(4)
Message: Build asset version error: assets/scripts/raika.cs in SourceAssetDB has modification time of '2025-03-15T01:21:53.0625694Z' while content on disk has modification time of '2025-03-15T01:22:01.5796611Z'
  ERROR: Build asset version error: assets/scripts/raika.cs in SourceAssetDB has modification time of '2025-03-15T01:21:53.0625694Z' while content on disk has modification time of '2025-03-15T01:22:01.5796611Z'
Number of updated asset objects reloaded before import = 0
Number of asset objects unloaded after import = 0
========================================================================
Received Import Request.
  Time since last request: 0.017917 seconds.
  path: Assets/Scripts/RAIKA.cs
  artifactKey: Guid(dc60b72a7348f1c4caff9f6a48033a7f) Importer(815301076,1909f56bfc062723c751e8b465ee728b)
Start importing Assets/Scripts/RAIKA.cs using Guid(dc60b72a7348f1c4caff9f6a48033a7f) Importer(815301076,1909f56bfc062723c751e8b465ee728b) [PhysX] Initialized MultithreadedTaskDispatcher with 8 workers.
 -> (artifact id: '00000000000000000000000000000000') in 0.001104 seconds
Import Error Code:(4)
Message: Build asset version error: assets/scripts/raika.cs in SourceAssetDB has modification time of '2025-03-15T01:21:53.0625694Z' while content on disk has modification time of '2025-03-15T01:22:01.5796611Z'
  ERROR: Build asset version error: assets/scripts/raika.cs in SourceAssetDB has modification time of '2025-03-15T01:21:53.0625694Z' while content on disk has modification time of '2025-03-15T01:22:01.5796611Z'
Number of updated asset objects reloaded before import = 0
Number of asset objects unloaded after import = 0
========================================================================
Received Import Request.
  Time since last request: 0.018131 seconds.
  path: Assets/Scripts/RAIKA.cs
  artifactKey: Guid(dc60b72a7348f1c4caff9f6a48033a7f) Importer(815301076,1909f56bfc062723c751e8b465ee728b)
Start importing Assets/Scripts/RAIKA.cs using Guid(dc60b72a7348f1c4caff9f6a48033a7f) Importer(815301076,1909f56bfc062723c751e8b465ee728b) [PhysX] Initialized MultithreadedTaskDispatcher with 8 workers.
 -> (artifact id: '00000000000000000000000000000000') in 0.001352 seconds
Import Error Code:(4)
Message: Build asset version error: assets/scripts/raika.cs in SourceAssetDB has modification time of '2025-03-15T01:21:53.0625694Z' while content on disk has modification time of '2025-03-15T01:22:01.5796611Z'
  ERROR: Build asset version error: assets/scripts/raika.cs in SourceAssetDB has modification time of '2025-03-15T01:21:53.0625694Z' while content on disk has modification time of '2025-03-15T01:22:01.5796611Z'
Number of updated asset objects reloaded before import = 0
Number of asset objects unloaded after import = 0
========================================================================
Received Import Request.
  Time since last request: 0.018865 seconds.
  path: Assets/Scripts/RAIKA.cs
  artifactKey: Guid(dc60b72a7348f1c4caff9f6a48033a7f) Importer(815301076,1909f56bfc062723c751e8b465ee728b)
Start importing Assets/Scripts/RAIKA.cs using Guid(dc60b72a7348f1c4caff9f6a48033a7f) Importer(815301076,1909f56bfc062723c751e8b465ee728b) [PhysX] Initialized MultithreadedTaskDispatcher with 8 workers.
 -> (artifact id: '00000000000000000000000000000000') in 0.000973 seconds
Import Error Code:(4)
Message: Build asset version error: assets/scripts/raika.cs in SourceAssetDB has modification time of '2025-03-15T01:21:53.0625694Z' while content on disk has modification time of '2025-03-15T01:22:01.5796611Z'
  ERROR: Build asset version error: assets/scripts/raika.cs in SourceAssetDB has modification time of '2025-03-15T01:21:53.0625694Z' while content on disk has modification time of '2025-03-15T01:22:01.5796611Z'
Number of updated asset objects reloaded before import = 0
Number of asset objects unloaded after import = 0
========================================================================
Received Import Request.
  Time since last request: 0.017794 seconds.
  path: Assets/Scripts/RAIKA.cs
  artifactKey: Guid(dc60b72a7348f1c4caff9f6a48033a7f) Importer(815301076,1909f56bfc062723c751e8b465ee728b)
Start importing Assets/Scripts/RAIKA.cs using Guid(dc60b72a7348f1c4caff9f6a48033a7f) Importer(815301076,1909f56bfc062723c751e8b465ee728b) [PhysX] Initialized MultithreadedTaskDispatcher with 8 workers.
 -> (artifact id: '00000000000000000000000000000000') in 0.000991 seconds
Import Error Code:(4)
Message: Build asset version error: assets/scripts/raika.cs in SourceAssetDB has modification time of '2025-03-15T01:21:53.0625694Z' while content on disk has modification time of '2025-03-15T01:22:01.5796611Z'
  ERROR: Build asset version error: assets/scripts/raika.cs in SourceAssetDB has modification time of '2025-03-15T01:21:53.0625694Z' while content on disk has modification time of '2025-03-15T01:22:01.5796611Z'
Number of updated asset objects reloaded before import = 0
Number of asset objects unloaded after import = 0
========================================================================
Received Import Request.
  Time since last request: 0.018992 seconds.
  path: Assets/Scripts/RAIKA.cs
  artifactKey: Guid(dc60b72a7348f1c4caff9f6a48033a7f) Importer(815301076,1909f56bfc062723c751e8b465ee728b)
Start importing Assets/Scripts/RAIKA.cs using Guid(dc60b72a7348f1c4caff9f6a48033a7f) Importer(815301076,1909f56bfc062723c751e8b465ee728b) [PhysX] Initialized MultithreadedTaskDispatcher with 8 workers.
 -> (artifact id: '00000000000000000000000000000000') in 0.000908 seconds
Import Error Code:(4)
Message: Build asset version error: assets/scripts/raika.cs in SourceAssetDB has modification time of '2025-03-15T01:21:53.0625694Z' while content on disk has modification time of '2025-03-15T01:22:01.5796611Z'
  ERROR: Build asset version error: assets/scripts/raika.cs in SourceAssetDB has modification time of '2025-03-15T01:21:53.0625694Z' while content on disk has modification time of '2025-03-15T01:22:01.5796611Z'
Number of updated asset objects reloaded before import = 0
Number of asset objects unloaded after import = 0
========================================================================
Received Import Request.
  Time since last request: 0.018477 seconds.
  path: Assets/Scripts/RAIKA.cs
  artifactKey: Guid(dc60b72a7348f1c4caff9f6a48033a7f) Importer(815301076,1909f56bfc062723c751e8b465ee728b)
Start importing Assets/Scripts/RAIKA.cs using Guid(dc60b72a7348f1c4caff9f6a48033a7f) Importer(815301076,1909f56bfc062723c751e8b465ee728b) [PhysX] Initialized MultithreadedTaskDispatcher with 8 workers.
 -> (artifact id: '00000000000000000000000000000000') in 0.000986 seconds
Import Error Code:(4)
Message: Build asset version error: assets/scripts/raika.cs in SourceAssetDB has modification time of '2025-03-15T01:21:53.0625694Z' while content on disk has modification time of '2025-03-15T01:22:01.5796611Z'
  ERROR: Build asset version error: assets/scripts/raika.cs in SourceAssetDB has modification time of '2025-03-15T01:21:53.0625694Z' while content on disk has modification time of '2025-03-15T01:22:01.5796611Z'
Number of updated asset objects reloaded before import = 0
Number of asset objects unloaded after import = 0
========================================================================
Received Import Request.
  Time since last request: 0.018819 seconds.
  path: Assets/Scripts/RAIKA.cs
  artifactKey: Guid(dc60b72a7348f1c4caff9f6a48033a7f) Importer(815301076,1909f56bfc062723c751e8b465ee728b)
Start importing Assets/Scripts/RAIKA.cs using Guid(dc60b72a7348f1c4caff9f6a48033a7f) Importer(815301076,1909f56bfc062723c751e8b465ee728b) [PhysX] Initialized MultithreadedTaskDispatcher with 8 workers.
 -> (artifact id: '00000000000000000000000000000000') in 0.001081 seconds
Import Error Code:(4)
Message: Build asset version error: assets/scripts/raika.cs in SourceAssetDB has modification time of '2025-03-15T01:21:53.0625694Z' while content on disk has modification time of '2025-03-15T01:22:01.5796611Z'
  ERROR: Build asset version error: assets/scripts/raika.cs in SourceAssetDB has modification time of '2025-03-15T01:21:53.0625694Z' while content on disk has modification time of '2025-03-15T01:22:01.5796611Z'
Number of updated asset objects reloaded before import = 0
Number of asset objects unloaded after import = 0
========================================================================
Received Import Request.
  Time since last request: 0.018161 seconds.
  path: Assets/Scripts/RAIKA.cs
  artifactKey: Guid(dc60b72a7348f1c4caff9f6a48033a7f) Importer(815301076,1909f56bfc062723c751e8b465ee728b)
Start importing Assets/Scripts/RAIKA.cs using Guid(dc60b72a7348f1c4caff9f6a48033a7f) Importer(815301076,1909f56bfc062723c751e8b465ee728b) [PhysX] Initialized MultithreadedTaskDispatcher with 8 workers.
 -> (artifact id: '00000000000000000000000000000000') in 0.001134 seconds
Import Error Code:(4)
Message: Build asset version error: assets/scripts/raika.cs in SourceAssetDB has modification time of '2025-03-15T01:21:53.0625694Z' while content on disk has modification time of '2025-03-15T01:22:01.5796611Z'
  ERROR: Build asset version error: assets/scripts/raika.cs in SourceAssetDB has modification time of '2025-03-15T01:21:53.0625694Z' while content on disk has modification time of '2025-03-15T01:22:01.5796611Z'
Number of updated asset objects reloaded before import = 0
Number of asset objects unloaded after import = 0
========================================================================
Received Import Request.
  Time since last request: 0.018395 seconds.
  path: Assets/Scripts/RAIKA.cs
  artifactKey: Guid(dc60b72a7348f1c4caff9f6a48033a7f) Importer(815301076,1909f56bfc062723c751e8b465ee728b)
Start importing Assets/Scripts/RAIKA.cs using Guid(dc60b72a7348f1c4caff9f6a48033a7f) Importer(815301076,1909f56bfc062723c751e8b465ee728b) [PhysX] Initialized MultithreadedTaskDispatcher with 8 workers.
 -> (artifact id: '00000000000000000000000000000000') in 0.001108 seconds
Import Error Code:(4)
Message: Build asset version error: assets/scripts/raika.cs in SourceAssetDB has modification time of '2025-03-15T01:21:53.0625694Z' while content on disk has modification time of '2025-03-15T01:22:01.5796611Z'
  ERROR: Build asset version error: assets/scripts/raika.cs in SourceAssetDB has modification time of '2025-03-15T01:21:53.0625694Z' while content on disk has modification time of '2025-03-15T01:22:01.5796611Z'
Number of updated asset objects reloaded before import = 0
Number of asset objects unloaded after import = 0
========================================================================
Received Import Request.
  Time since last request: 0.023064 seconds.
  path: Assets/Scripts/RAIKA.cs
  artifactKey: Guid(dc60b72a7348f1c4caff9f6a48033a7f) Importer(815301076,1909f56bfc062723c751e8b465ee728b)
Start importing Assets/Scripts/RAIKA.cs using Guid(dc60b72a7348f1c4caff9f6a48033a7f) Importer(815301076,1909f56bfc062723c751e8b465ee728b) [PhysX] Initialized MultithreadedTaskDispatcher with 8 workers.
 -> (artifact id: '00000000000000000000000000000000') in 0.001225 seconds
Import Error Code:(4)
Message: Build asset version error: assets/scripts/raika.cs in SourceAssetDB has modification time of '2025-03-15T01:21:53.0625694Z' while content on disk has modification time of '2025-03-15T01:22:01.5796611Z'
  ERROR: Build asset version error: assets/scripts/raika.cs in SourceAssetDB has modification time of '2025-03-15T01:21:53.0625694Z' while content on disk has modification time of '2025-03-15T01:22:01.5796611Z'
Number of updated asset objects reloaded before import = 0
Number of asset objects unloaded after import = 0
========================================================================
Received Import Request.
  Time since last request: 0.024049 seconds.
  path: Assets/Scripts/RAIKA.cs
  artifactKey: Guid(dc60b72a7348f1c4caff9f6a48033a7f) Importer(815301076,1909f56bfc062723c751e8b465ee728b)
Start importing Assets/Scripts/RAIKA.cs using Guid(dc60b72a7348f1c4caff9f6a48033a7f) Importer(815301076,1909f56bfc062723c751e8b465ee728b) [PhysX] Initialized MultithreadedTaskDispatcher with 8 workers.
 -> (artifact id: '00000000000000000000000000000000') in 0.001218 seconds
Import Error Code:(4)
Message: Build asset version error: assets/scripts/raika.cs in SourceAssetDB has modification time of '2025-03-15T01:21:53.0625694Z' while content on disk has modification time of '2025-03-15T01:22:01.5796611Z'
  ERROR: Build asset version error: assets/scripts/raika.cs in SourceAssetDB has modification time of '2025-03-15T01:21:53.0625694Z' while content on disk has modification time of '2025-03-15T01:22:01.5796611Z'
Number of updated asset objects reloaded before import = 0
Number of asset objects unloaded after import = 0
========================================================================
Received Import Request.
  Time since last request: 0.025411 seconds.
  path: Assets/Scripts/RAIKA.cs
  artifactKey: Guid(dc60b72a7348f1c4caff9f6a48033a7f) Importer(815301076,1909f56bfc062723c751e8b465ee728b)
Start importing Assets/Scripts/RAIKA.cs using Guid(dc60b72a7348f1c4caff9f6a48033a7f) Importer(815301076,1909f56bfc062723c751e8b465ee728b) [PhysX] Initialized MultithreadedTaskDispatcher with 8 workers.
 -> (artifact id: '00000000000000000000000000000000') in 0.001104 seconds
Import Error Code:(4)
Message: Build asset version error: assets/scripts/raika.cs in SourceAssetDB has modification time of '2025-03-15T01:21:53.0625694Z' while content on disk has modification time of '2025-03-15T01:22:01.5796611Z'
  ERROR: Build asset version error: assets/scripts/raika.cs in SourceAssetDB has modification time of '2025-03-15T01:21:53.0625694Z' while content on disk has modification time of '2025-03-15T01:22:01.5796611Z'
Number of updated asset objects reloaded before import = 0
Number of asset objects unloaded after import = 0
========================================================================
Received Import Request.
  Time since last request: 0.022297 seconds.
  path: Assets/Scripts/RAIKA.cs
  artifactKey: Guid(dc60b72a7348f1c4caff9f6a48033a7f) Importer(815301076,1909f56bfc062723c751e8b465ee728b)
Start importing Assets/Scripts/RAIKA.cs using Guid(dc60b72a7348f1c4caff9f6a48033a7f) Importer(815301076,1909f56bfc062723c751e8b465ee728b) [PhysX] Initialized MultithreadedTaskDispatcher with 8 workers.
 -> (artifact id: '00000000000000000000000000000000') in 0.001038 seconds
Import Error Code:(4)
Message: Build asset version error: assets/scripts/raika.cs in SourceAssetDB has modification time of '2025-03-15T01:21:53.0625694Z' while content on disk has modification time of '2025-03-15T01:22:01.5796611Z'
  ERROR: Build asset version error: assets/scripts/raika.cs in SourceAssetDB has modification time of '2025-03-15T01:21:53.0625694Z' while content on disk has modification time of '2025-03-15T01:22:01.5796611Z'
Number of updated asset objects reloaded before import = 0
Number of asset objects unloaded after import = 0
========================================================================
Received Import Request.
  Time since last request: 0.022064 seconds.
  path: Assets/Scripts/RAIKA.cs
  artifactKey: Guid(dc60b72a7348f1c4caff9f6a48033a7f) Importer(815301076,1909f56bfc062723c751e8b465ee728b)
Start importing Assets/Scripts/RAIKA.cs using Guid(dc60b72a7348f1c4caff9f6a48033a7f) Importer(815301076,1909f56bfc062723c751e8b465ee728b) [PhysX] Initialized MultithreadedTaskDispatcher with 8 workers.
 -> (artifact id: '00000000000000000000000000000000') in 0.001127 seconds
Import Error Code:(4)
Message: Build asset version error: assets/scripts/raika.cs in SourceAssetDB has modification time of '2025-03-15T01:21:53.0625694Z' while content on disk has modification time of '2025-03-15T01:22:01.5796611Z'
  ERROR: Build asset version error: assets/scripts/raika.cs in SourceAssetDB has modification time of '2025-03-15T01:21:53.0625694Z' while content on disk has modification time of '2025-03-15T01:22:01.5796611Z'
Number of updated asset objects reloaded before import = 0
Number of asset objects unloaded after import = 0
========================================================================
Received Import Request.
  Time since last request: 0.019409 seconds.
  path: Assets/Scripts/RAIKA.cs
  artifactKey: Guid(dc60b72a7348f1c4caff9f6a48033a7f) Importer(815301076,1909f56bfc062723c751e8b465ee728b)
Start importing Assets/Scripts/RAIKA.cs using Guid(dc60b72a7348f1c4caff9f6a48033a7f) Importer(815301076,1909f56bfc062723c751e8b465ee728b) [PhysX] Initialized MultithreadedTaskDispatcher with 8 workers.
 -> (artifact id: '00000000000000000000000000000000') in 0.000981 seconds
Import Error Code:(4)
Message: Build asset version error: assets/scripts/raika.cs in SourceAssetDB has modification time of '2025-03-15T01:21:53.0625694Z' while content on disk has modification time of '2025-03-15T01:22:01.5796611Z'
  ERROR: Build asset version error: assets/scripts/raika.cs in SourceAssetDB has modification time of '2025-03-15T01:21:53.0625694Z' while content on disk has modification time of '2025-03-15T01:22:01.5796611Z'
Number of updated asset objects reloaded before import = 0
Number of asset objects unloaded after import = 0
========================================================================
Received Import Request.
  Time since last request: 0.019514 seconds.
  path: Assets/Scripts/RAIKA.cs
  artifactKey: Guid(dc60b72a7348f1c4caff9f6a48033a7f) Importer(815301076,1909f56bfc062723c751e8b465ee728b)
Start importing Assets/Scripts/RAIKA.cs using Guid(dc60b72a7348f1c4caff9f6a48033a7f) Importer(815301076,1909f56bfc062723c751e8b465ee728b) [PhysX] Initialized MultithreadedTaskDispatcher with 8 workers.
 -> (artifact id: '00000000000000000000000000000000') in 0.001260 seconds
Import Error Code:(4)
Message: Build asset version error: assets/scripts/raika.cs in SourceAssetDB has modification time of '2025-03-15T01:21:53.0625694Z' while content on disk has modification time of '2025-03-15T01:22:01.5796611Z'
  ERROR: Build asset version error: assets/scripts/raika.cs in SourceAssetDB has modification time of '2025-03-15T01:21:53.0625694Z' while content on disk has modification time of '2025-03-15T01:22:01.5796611Z'
Number of updated asset objects reloaded before import = 0
Number of asset objects unloaded after import = 0
========================================================================
Received Import Request.
  Time since last request: 0.018444 seconds.
  path: Assets/Scripts/RAIKA.cs
  artifactKey: Guid(dc60b72a7348f1c4caff9f6a48033a7f) Importer(815301076,1909f56bfc062723c751e8b465ee728b)
Start importing Assets/Scripts/RAIKA.cs using Guid(dc60b72a7348f1c4caff9f6a48033a7f) Importer(815301076,1909f56bfc062723c751e8b465ee728b) [PhysX] Initialized MultithreadedTaskDispatcher with 8 workers.
 -> (artifact id: '00000000000000000000000000000000') in 0.000926 seconds
Import Error Code:(4)
Message: Build asset version error: assets/scripts/raika.cs in SourceAssetDB has modification time of '2025-03-15T01:21:53.0625694Z' while content on disk has modification time of '2025-03-15T01:22:01.5796611Z'
  ERROR: Build asset version error: assets/scripts/raika.cs in SourceAssetDB has modification time of '2025-03-15T01:21:53.0625694Z' while content on disk has modification time of '2025-03-15T01:22:01.5796611Z'
Number of updated asset objects reloaded before import = 0
Number of asset objects unloaded after import = 0
========================================================================
Received Import Request.
  Time since last request: 0.018891 seconds.
  path: Assets/Scripts/RAIKA.cs
  artifactKey: Guid(dc60b72a7348f1c4caff9f6a48033a7f) Importer(815301076,1909f56bfc062723c751e8b465ee728b)
Start importing Assets/Scripts/RAIKA.cs using Guid(dc60b72a7348f1c4caff9f6a48033a7f) Importer(815301076,1909f56bfc062723c751e8b465ee728b) [PhysX] Initialized MultithreadedTaskDispatcher with 8 workers.
 -> (artifact id: '00000000000000000000000000000000') in 0.000945 seconds
Import Error Code:(4)
Message: Build asset version error: assets/scripts/raika.cs in SourceAssetDB has modification time of '2025-03-15T01:21:53.0625694Z' while content on disk has modification time of '2025-03-15T01:22:01.5796611Z'
  ERROR: Build asset version error: assets/scripts/raika.cs in SourceAssetDB has modification time of '2025-03-15T01:21:53.0625694Z' while content on disk has modification time of '2025-03-15T01:22:01.5796611Z'
Number of updated asset objects reloaded before import = 0
Number of asset objects unloaded after import = 0
========================================================================
Received Import Request.
  Time since last request: 0.018857 seconds.
  path: Assets/Scripts/RAIKA.cs
  artifactKey: Guid(dc60b72a7348f1c4caff9f6a48033a7f) Importer(815301076,1909f56bfc062723c751e8b465ee728b)
Start importing Assets/Scripts/RAIKA.cs using Guid(dc60b72a7348f1c4caff9f6a48033a7f) Importer(815301076,1909f56bfc062723c751e8b465ee728b) [PhysX] Initialized MultithreadedTaskDispatcher with 8 workers.
 -> (artifact id: '00000000000000000000000000000000') in 0.001061 seconds
Import Error Code:(4)
Message: Build asset version error: assets/scripts/raika.cs in SourceAssetDB has modification time of '2025-03-15T01:21:53.0625694Z' while content on disk has modification time of '2025-03-15T01:22:01.5796611Z'
  ERROR: Build asset version error: assets/scripts/raika.cs in SourceAssetDB has modification time of '2025-03-15T01:21:53.0625694Z' while content on disk has modification time of '2025-03-15T01:22:01.5796611Z'
Number of updated asset objects reloaded before import = 0
Number of asset objects unloaded after import = 0
========================================================================
Received Import Request.
  Time since last request: 0.018776 seconds.
  path: Assets/Scripts/RAIKA.cs
  artifactKey: Guid(dc60b72a7348f1c4caff9f6a48033a7f) Importer(815301076,1909f56bfc062723c751e8b465ee728b)
Start importing Assets/Scripts/RAIKA.cs using Guid(dc60b72a7348f1c4caff9f6a48033a7f) Importer(815301076,1909f56bfc062723c751e8b465ee728b) [PhysX] Initialized MultithreadedTaskDispatcher with 8 workers.
 -> (artifact id: '00000000000000000000000000000000') in 0.001443 seconds
Import Error Code:(4)
Message: Build asset version error: assets/scripts/raika.cs in SourceAssetDB has modification time of '2025-03-15T01:21:53.0625694Z' while content on disk has modification time of '2025-03-15T01:22:01.5796611Z'
  ERROR: Build asset version error: assets/scripts/raika.cs in SourceAssetDB has modification time of '2025-03-15T01:21:53.0625694Z' while content on disk has modification time of '2025-03-15T01:22:01.5796611Z'
Number of updated asset objects reloaded before import = 0
Number of asset objects unloaded after import = 0
========================================================================
Received Import Request.
  Time since last request: 0.022238 seconds.
  path: Assets/Scripts/RAIKA.cs
  artifactKey: Guid(dc60b72a7348f1c4caff9f6a48033a7f) Importer(815301076,1909f56bfc062723c751e8b465ee728b)
Start importing Assets/Scripts/RAIKA.cs using Guid(dc60b72a7348f1c4caff9f6a48033a7f) Importer(815301076,1909f56bfc062723c751e8b465ee728b) [PhysX] Initialized MultithreadedTaskDispatcher with 8 workers.
 -> (artifact id: '00000000000000000000000000000000') in 0.000917 seconds
Import Error Code:(4)
Message: Build asset version error: assets/scripts/raika.cs in SourceAssetDB has modification time of '2025-03-15T01:21:53.0625694Z' while content on disk has modification time of '2025-03-15T01:22:01.5796611Z'
  ERROR: Build asset version error: assets/scripts/raika.cs in SourceAssetDB has modification time of '2025-03-15T01:21:53.0625694Z' while content on disk has modification time of '2025-03-15T01:22:01.5796611Z'
Number of updated asset objects reloaded before import = 0
Number of asset objects unloaded after import = 0
========================================================================
Received Import Request.
  Time since last request: 0.018438 seconds.
  path: Assets/Scripts/RAIKA.cs
  artifactKey: Guid(dc60b72a7348f1c4caff9f6a48033a7f) Importer(815301076,1909f56bfc062723c751e8b465ee728b)
Start importing Assets/Scripts/RAIKA.cs using Guid(dc60b72a7348f1c4caff9f6a48033a7f) Importer(815301076,1909f56bfc062723c751e8b465ee728b) [PhysX] Initialized MultithreadedTaskDispatcher with 8 workers.
 -> (artifact id: '00000000000000000000000000000000') in 0.000954 seconds
Import Error Code:(4)
Message: Build asset version error: assets/scripts/raika.cs in SourceAssetDB has modification time of '2025-03-15T01:21:53.0625694Z' while content on disk has modification time of '2025-03-15T01:22:01.5796611Z'
  ERROR: Build asset version error: assets/scripts/raika.cs in SourceAssetDB has modification time of '2025-03-15T01:21:53.0625694Z' while content on disk has modification time of '2025-03-15T01:22:01.5796611Z'
Number of updated asset objects reloaded before import = 0
Number of asset objects unloaded after import = 0
========================================================================
Received Import Request.
  Time since last request: 0.019312 seconds.
  path: Assets/Scripts/RAIKA.cs
  artifactKey: Guid(dc60b72a7348f1c4caff9f6a48033a7f) Importer(815301076,1909f56bfc062723c751e8b465ee728b)
Start importing Assets/Scripts/RAIKA.cs using Guid(dc60b72a7348f1c4caff9f6a48033a7f) Importer(815301076,1909f56bfc062723c751e8b465ee728b) [PhysX] Initialized MultithreadedTaskDispatcher with 8 workers.
 -> (artifact id: '00000000000000000000000000000000') in 0.001015 seconds
Import Error Code:(4)
Message: Build asset version error: assets/scripts/raika.cs in SourceAssetDB has modification time of '2025-03-15T01:21:53.0625694Z' while content on disk has modification time of '2025-03-15T01:22:01.5796611Z'
  ERROR: Build asset version error: assets/scripts/raika.cs in SourceAssetDB has modification time of '2025-03-15T01:21:53.0625694Z' while content on disk has modification time of '2025-03-15T01:22:01.5796611Z'
Number of updated asset objects reloaded before import = 0
Number of asset objects unloaded after import = 0
========================================================================
Received Import Request.
  Time since last request: 0.019355 seconds.
  path: Assets/Scripts/RAIKA.cs
  artifactKey: Guid(dc60b72a7348f1c4caff9f6a48033a7f) Importer(815301076,1909f56bfc062723c751e8b465ee728b)
Start importing Assets/Scripts/RAIKA.cs using Guid(dc60b72a7348f1c4caff9f6a48033a7f) Importer(815301076,1909f56bfc062723c751e8b465ee728b) [PhysX] Initialized MultithreadedTaskDispatcher with 8 workers.
 -> (artifact id: '00000000000000000000000000000000') in 0.000985 seconds
Import Error Code:(4)
Message: Build asset version error: assets/scripts/raika.cs in SourceAssetDB has modification time of '2025-03-15T01:21:53.0625694Z' while content on disk has modification time of '2025-03-15T01:22:01.5796611Z'
  ERROR: Build asset version error: assets/scripts/raika.cs in SourceAssetDB has modification time of '2025-03-15T01:21:53.0625694Z' while content on disk has modification time of '2025-03-15T01:22:01.5796611Z'
Number of updated asset objects reloaded before import = 0
Number of asset objects unloaded after import = 0
========================================================================
Received Import Request.
  Time since last request: 0.020345 seconds.
  path: Assets/Scripts/RAIKA.cs
  artifactKey: Guid(dc60b72a7348f1c4caff9f6a48033a7f) Importer(815301076,1909f56bfc062723c751e8b465ee728b)
Start importing Assets/Scripts/RAIKA.cs using Guid(dc60b72a7348f1c4caff9f6a48033a7f) Importer(815301076,1909f56bfc062723c751e8b465ee728b) [PhysX] Initialized MultithreadedTaskDispatcher with 8 workers.
 -> (artifact id: '00000000000000000000000000000000') in 0.001227 seconds
Import Error Code:(4)
Message: Build asset version error: assets/scripts/raika.cs in SourceAssetDB has modification time of '2025-03-15T01:21:53.0625694Z' while content on disk has modification time of '2025-03-15T01:22:01.5796611Z'
  ERROR: Build asset version error: assets/scripts/raika.cs in SourceAssetDB has modification time of '2025-03-15T01:21:53.0625694Z' while content on disk has modification time of '2025-03-15T01:22:01.5796611Z'
Number of updated asset objects reloaded before import = 0
Number of asset objects unloaded after import = 0
========================================================================
Received Import Request.
  Time since last request: 0.023580 seconds.
  path: Assets/Scripts/RAIKA.cs
  artifactKey: Guid(dc60b72a7348f1c4caff9f6a48033a7f) Importer(815301076,1909f56bfc062723c751e8b465ee728b)
Start importing Assets/Scripts/RAIKA.cs using Guid(dc60b72a7348f1c4caff9f6a48033a7f) Importer(815301076,1909f56bfc062723c751e8b465ee728b) [PhysX] Initialized MultithreadedTaskDispatcher with 8 workers.
 -> (artifact id: '00000000000000000000000000000000') in 0.001074 seconds
Import Error Code:(4)
Message: Build asset version error: assets/scripts/raika.cs in SourceAssetDB has modification time of '2025-03-15T01:21:53.0625694Z' while content on disk has modification time of '2025-03-15T01:22:01.5796611Z'
  ERROR: Build asset version error: assets/scripts/raika.cs in SourceAssetDB has modification time of '2025-03-15T01:21:53.0625694Z' while content on disk has modification time of '2025-03-15T01:22:01.5796611Z'
Number of updated asset objects reloaded before import = 0
Number of asset objects unloaded after import = 0
========================================================================
Received Import Request.
  Time since last request: 0.021354 seconds.
  path: Assets/Scripts/RAIKA.cs
  artifactKey: Guid(dc60b72a7348f1c4caff9f6a48033a7f) Importer(815301076,1909f56bfc062723c751e8b465ee728b)
Start importing Assets/Scripts/RAIKA.cs using Guid(dc60b72a7348f1c4caff9f6a48033a7f) Importer(815301076,1909f56bfc062723c751e8b465ee728b) [PhysX] Initialized MultithreadedTaskDispatcher with 8 workers.
 -> (artifact id: '00000000000000000000000000000000') in 0.000938 seconds
Import Error Code:(4)
Message: Build asset version error: assets/scripts/raika.cs in SourceAssetDB has modification time of '2025-03-15T01:21:53.0625694Z' while content on disk has modification time of '2025-03-15T01:22:01.5796611Z'
  ERROR: Build asset version error: assets/scripts/raika.cs in SourceAssetDB has modification time of '2025-03-15T01:21:53.0625694Z' while content on disk has modification time of '2025-03-15T01:22:01.5796611Z'
Number of updated asset objects reloaded before import = 0
Number of asset objects unloaded after import = 0
========================================================================
Received Import Request.
  Time since last request: 0.021687 seconds.
  path: Assets/Scripts/RAIKA.cs
  artifactKey: Guid(dc60b72a7348f1c4caff9f6a48033a7f) Importer(815301076,1909f56bfc062723c751e8b465ee728b)
Start importing Assets/Scripts/RAIKA.cs using Guid(dc60b72a7348f1c4caff9f6a48033a7f) Importer(815301076,1909f56bfc062723c751e8b465ee728b) [PhysX] Initialized MultithreadedTaskDispatcher with 8 workers.
 -> (artifact id: '00000000000000000000000000000000') in 0.006854 seconds
Import Error Code:(4)
Message: Build asset version error: assets/scripts/raika.cs in SourceAssetDB has modification time of '2025-03-15T01:21:53.0625694Z' while content on disk has modification time of '2025-03-15T01:22:09.4304837Z'
  ERROR: Build asset version error: assets/scripts/raika.cs in SourceAssetDB has modification time of '2025-03-15T01:21:53.0625694Z' while content on disk has modification time of '2025-03-15T01:22:09.4304837Z'
Number of updated asset objects reloaded before import = 0
Number of asset objects unloaded after import = 0
========================================================================
Received Import Request.
  Time since last request: 0.003202 seconds.
  path: Assets/Scripts/RAIKA.cs
  artifactKey: Guid(dc60b72a7348f1c4caff9f6a48033a7f) Importer(815301076,1909f56bfc062723c751e8b465ee728b)
Start importing Assets/Scripts/RAIKA.cs using Guid(dc60b72a7348f1c4caff9f6a48033a7f) Importer(815301076,1909f56bfc062723c751e8b465ee728b) [PhysX] Initialized MultithreadedTaskDispatcher with 8 workers.
 -> (artifact id: '00000000000000000000000000000000') in 0.001226 seconds
Import Error Code:(4)
Message: Build asset version error: assets/scripts/raika.cs in SourceAssetDB has modification time of '2025-03-15T01:21:53.0625694Z' while content on disk has modification time of '2025-03-15T01:22:09.4304837Z'
  ERROR: Build asset version error: assets/scripts/raika.cs in SourceAssetDB has modification time of '2025-03-15T01:21:53.0625694Z' while content on disk has modification time of '2025-03-15T01:22:09.4304837Z'
Number of updated asset objects reloaded before import = 0
Number of asset objects unloaded after import = 0
========================================================================
Received Import Request.
  Time since last request: 0.144072 seconds.
  path: Assets/Scripts/RAIKA.cs
  artifactKey: Guid(dc60b72a7348f1c4caff9f6a48033a7f) Importer(815301076,1909f56bfc062723c751e8b465ee728b)
Start importing Assets/Scripts/RAIKA.cs using Guid(dc60b72a7348f1c4caff9f6a48033a7f) Importer(815301076,1909f56bfc062723c751e8b465ee728b) [PhysX] Initialized MultithreadedTaskDispatcher with 8 workers.
 -> (artifact id: 'd91b4e8fc09b7056133b55873b53b1e9') in 0.001056 seconds
Number of updated asset objects reloaded before import = 0
Number of asset objects unloaded after import = 0
========================================================================
Received Prepare
Caller must complete domain reload
Begin MonoManager ReloadAssembly
- Loaded All Assemblies, in  1.186 seconds
Native extension for WindowsStandalone target not found
Native extension for WebGL target not found
Mono: successfully reloaded assembly
- Finished resetting the current domain, in  1.996 seconds
Domain Reload Profiling: 3171ms
	BeginReloadAssembly (308ms)
		ExecutionOrderSort (0ms)
		DisableScriptedObjects (9ms)
		BackupInstance (0ms)
		ReleaseScriptingObjects (0ms)
		CreateAndSetChildDomain (64ms)
	RebuildCommonClasses (92ms)
	RebuildNativeTypeToScriptingClass (32ms)
	initialDomainReloadingComplete (91ms)
	LoadAllAssembliesAndSetupDomain (652ms)
		LoadAssemblies (768ms)
		RebuildTransferFunctionScriptingTraits (0ms)
		AnalyzeDomain (60ms)
			TypeCache.Refresh (19ms)
				TypeCache.ScanAssembly (2ms)
			ScanForSourceGeneratedMonoScriptInfo (27ms)
			ResolveRequiredComponents (12ms)
	FinalizeReload (1996ms)
		ReleaseScriptCaches (0ms)
		RebuildScriptCaches (0ms)
		SetupLoadedEditorAssemblies (725ms)
			LogAssemblyErrors (0ms)
			InitializePlatformSupportModulesInManaged (21ms)
			SetLoadedEditorAssemblies (5ms)
			RefreshPlugins (0ms)
			BeforeProcessingInitializeOnLoad (139ms)
			ProcessInitializeOnLoadAttributes (496ms)
			ProcessInitializeOnLoadMethodAttributes (52ms)
			AfterProcessingInitializeOnLoad (13ms)
			EditorAssembliesLoaded (0ms)
		ExecutionOrderSort2 (0ms)
		AwakeInstancesAfterBackupRestoration (7ms)
Refreshing native plugins compatible for Editor in 8.43 ms, found 3 plugins.
Preloading 0 native plugins for Editor in 0.00 ms.
Unloading 3653 Unused Serialized files (Serialized files now loaded: 0)
Unloading 19 unused Assets / (31.2 KB). Loaded Objects now: 4331.
Memory consumption went from 138.8 MB to 138.8 MB.
Total: 3.823200 ms (FindLiveObjects: 0.347200 ms CreateObjectMapping: 0.295900 ms MarkObjects: 2.995500 ms  DeleteObjects: 0.183400 ms)

Prepare: number of updated asset objects reloaded= 0
AssetImportParameters requested are different than current active one (requested -> active):
  custom:container-demuxer-ogg: 62fdf1f143b41e24485cea50d1cbac27 -> 
  custom:video-codec-MediaFoundation-h265: 746d11721c4dcdbdad8f713fa42b33f4 -> 
  custom:video-decoder-ogg-theora: a1e56fd34408186e4bbccfd4996cb3dc -> 
  custom:framework-win-MediaFoundation: 216162199b28c13a410421893ffa2e32 -> 
  custom:CustomObjectIndexerAttribute: 9a22284fe3817be447336de3de66b15e -> 
  custom:container-demuxer-webm: 4f35f7cbe854078d1ac9338744f61a02 -> 
  custom:container-muxer-webm: aa71ff27fc2769a1b78a27578f13a17b -> 
  custom:video-decoder-webm-vp8: 9c59270c3fd7afecdb556c50c9e8de78 -> 
  custom:SearchIndexIgnoredProperties: e643bd26f0fe6173181afceb89e7c659 -> 
  custom:AudioImporter_EditorPlatform: d09bf68614088b80899f8185d706f6e7 -> 
  custom:video-encoder-webm-vp8: eb34c28f22e8b96e1ab97ce403110664 -> 
  custom:audio-decoder-ogg-vorbis: bf7c407c2cedff20999df2af8eb42d56 -> 
  custom:audio-encoder-webm-vorbis: bf7c407c2cedff20999df2af8eb42d56 -> 
  custom:scripting/monoscript/fileName/RAIKA.cs: 95fc2a643a49722f77f9c792c0cc5c1b -> 
  custom:scripting/precompiled-assembly-types:Assembly-CSharp: e6e36ef8f701c80fae0a3a3a1c122197 -> 8e4451fd7b8041e811e8b85aaf8b7e55
========================================================================
Received Import Request.
  Time since last request: 21.336242 seconds.
  path: Assets/Scripts/RAIKA.cs
  artifactKey: Guid(dc60b72a7348f1c4caff9f6a48033a7f) Importer(815301076,1909f56bfc062723c751e8b465ee728b)
Start importing Assets/Scripts/RAIKA.cs using Guid(dc60b72a7348f1c4caff9f6a48033a7f) Importer(815301076,1909f56bfc062723c751e8b465ee728b) [PhysX] Initialized MultithreadedTaskDispatcher with 8 workers.
 -> (artifact id: '23d2021413a242068a0542d629eb306a') in 0.002921 seconds
Number of updated asset objects reloaded before import = 0
Number of asset objects unloaded after import = 0
========================================================================
Received Prepare
Caller must complete domain reload
Begin MonoManager ReloadAssembly
- Loaded All Assemblies, in  0.825 seconds
Native extension for WindowsStandalone target not found
Native extension for WebGL target not found
Mono: successfully reloaded assembly
- Finished resetting the current domain, in  1.740 seconds
Domain Reload Profiling: 2558ms
	BeginReloadAssembly (260ms)
		ExecutionOrderSort (0ms)
		DisableScriptedObjects (8ms)
		BackupInstance (0ms)
		ReleaseScriptingObjects (0ms)
		CreateAndSetChildDomain (48ms)
	RebuildCommonClasses (63ms)
	RebuildNativeTypeToScriptingClass (22ms)
	initialDomainReloadingComplete (48ms)
	LoadAllAssembliesAndSetupDomain (425ms)
		LoadAssemblies (538ms)
		RebuildTransferFunctionScriptingTraits (0ms)
		AnalyzeDomain (46ms)
			TypeCache.Refresh (18ms)
				TypeCache.ScanAssembly (2ms)
			ScanForSourceGeneratedMonoScriptInfo (15ms)
			ResolveRequiredComponents (10ms)
	FinalizeReload (1740ms)
		ReleaseScriptCaches (0ms)
		RebuildScriptCaches (0ms)
		SetupLoadedEditorAssemblies (674ms)
			LogAssemblyErrors (0ms)
			InitializePlatformSupportModulesInManaged (12ms)
			SetLoadedEditorAssemblies (5ms)
			RefreshPlugins (0ms)
			BeforeProcessingInitializeOnLoad (130ms)
			ProcessInitializeOnLoadAttributes (476ms)
			ProcessInitializeOnLoadMethodAttributes (32ms)
			AfterProcessingInitializeOnLoad (18ms)
			EditorAssembliesLoaded (0ms)
		ExecutionOrderSort2 (0ms)
		AwakeInstancesAfterBackupRestoration (12ms)
Script is not up to date after domain reload: guid(dc60b72a7348f1c4caff9f6a48033a7f) path("Assets/Scripts/RAIKA.cs") state(2)
Refreshing native plugins compatible for Editor in 8.72 ms, found 3 plugins.
Preloading 0 native plugins for Editor in 0.00 ms.
Unloading 3652 Unused Serialized files (Serialized files now loaded: 0)
Unloading 19 unused Assets / (31.0 KB). Loaded Objects now: 4333.
Memory consumption went from 138.8 MB to 138.8 MB.
Total: 3.209400 ms (FindLiveObjects: 0.326100 ms CreateObjectMapping: 0.274200 ms MarkObjects: 2.563500 ms  DeleteObjects: 0.044400 ms)

Prepare: number of updated asset objects reloaded= 0
AssetImportParameters requested are different than current active one (requested -> active):
  custom:container-demuxer-ogg: 62fdf1f143b41e24485cea50d1cbac27 -> 
  custom:video-codec-MediaFoundation-h265: 746d11721c4dcdbdad8f713fa42b33f4 -> 
  custom:video-decoder-ogg-theora: a1e56fd34408186e4bbccfd4996cb3dc -> 
  custom:framework-win-MediaFoundation: 216162199b28c13a410421893ffa2e32 -> 
  custom:CustomObjectIndexerAttribute: 9a22284fe3817be447336de3de66b15e -> 
  custom:container-demuxer-webm: 4f35f7cbe854078d1ac9338744f61a02 -> 
  custom:container-muxer-webm: aa71ff27fc2769a1b78a27578f13a17b -> 
  custom:video-decoder-webm-vp8: 9c59270c3fd7afecdb556c50c9e8de78 -> 
  custom:SearchIndexIgnoredProperties: e643bd26f0fe6173181afceb89e7c659 -> 
  custom:AudioImporter_EditorPlatform: d09bf68614088b80899f8185d706f6e7 -> 
  custom:video-encoder-webm-vp8: eb34c28f22e8b96e1ab97ce403110664 -> 
  custom:audio-decoder-ogg-vorbis: bf7c407c2cedff20999df2af8eb42d56 -> 
  custom:audio-encoder-webm-vorbis: bf7c407c2cedff20999df2af8eb42d56 -> 
  custom:scripting/monoscript/fileName/RAIKA.cs: 95fc2a643a49722f77f9c792c0cc5c1b -> 
  custom:scripting/precompiled-assembly-types:Assembly-CSharp: e6e36ef8f701c80fae0a3a3a1c122197 -> 8e4451fd7b8041e811e8b85aaf8b7e55
========================================================================
Received Prepare
Caller must complete domain reload
Begin MonoManager ReloadAssembly
- Loaded All Assemblies, in  0.773 seconds
Native extension for WindowsStandalone target not found
Native extension for WebGL target not found
Mono: successfully reloaded assembly
- Finished resetting the current domain, in  1.499 seconds
Domain Reload Profiling: 2266ms
	BeginReloadAssembly (234ms)
		ExecutionOrderSort (0ms)
		DisableScriptedObjects (6ms)
		BackupInstance (0ms)
		ReleaseScriptingObjects (0ms)
		CreateAndSetChildDomain (36ms)
	RebuildCommonClasses (79ms)
	RebuildNativeTypeToScriptingClass (22ms)
	initialDomainReloadingComplete (58ms)
	LoadAllAssembliesAndSetupDomain (373ms)
		LoadAssemblies (483ms)
		RebuildTransferFunctionScriptingTraits (0ms)
		AnalyzeDomain (36ms)
			TypeCache.Refresh (11ms)
				TypeCache.ScanAssembly (1ms)
			ScanForSourceGeneratedMonoScriptInfo (11ms)
			ResolveRequiredComponents (11ms)
	FinalizeReload (1500ms)
		ReleaseScriptCaches (0ms)
		RebuildScriptCaches (0ms)
		SetupLoadedEditorAssemblies (674ms)
			LogAssemblyErrors (0ms)
			InitializePlatformSupportModulesInManaged (22ms)
			SetLoadedEditorAssemblies (8ms)
			RefreshPlugins (0ms)
			BeforeProcessingInitializeOnLoad (128ms)
			ProcessInitializeOnLoadAttributes (459ms)
			ProcessInitializeOnLoadMethodAttributes (40ms)
			AfterProcessingInitializeOnLoad (18ms)
			EditorAssembliesLoaded (0ms)
		ExecutionOrderSort2 (0ms)
		AwakeInstancesAfterBackupRestoration (12ms)
Refreshing native plugins compatible for Editor in 6.57 ms, found 3 plugins.
Preloading 0 native plugins for Editor in 0.00 ms.
Unloading 3654 Unused Serialized files (Serialized files now loaded: 0)
Unloading 19 unused Assets / (31.1 KB). Loaded Objects now: 4337.
Memory consumption went from 139.1 MB to 139.1 MB.
Total: 4.623800 ms (FindLiveObjects: 0.313800 ms CreateObjectMapping: 0.246600 ms MarkObjects: 3.999100 ms  DeleteObjects: 0.063400 ms)

Prepare: number of updated asset objects reloaded= 0
AssetImportParameters requested are different than current active one (requested -> active):
  custom:container-demuxer-ogg: 62fdf1f143b41e24485cea50d1cbac27 -> 
  custom:video-codec-MediaFoundation-h265: 746d11721c4dcdbdad8f713fa42b33f4 -> 
  custom:video-decoder-ogg-theora: a1e56fd34408186e4bbccfd4996cb3dc -> 
  custom:framework-win-MediaFoundation: 216162199b28c13a410421893ffa2e32 -> 
  custom:CustomObjectIndexerAttribute: 9a22284fe3817be447336de3de66b15e -> 
  custom:container-demuxer-webm: 4f35f7cbe854078d1ac9338744f61a02 -> 
  custom:container-muxer-webm: aa71ff27fc2769a1b78a27578f13a17b -> 
  custom:video-decoder-webm-vp8: 9c59270c3fd7afecdb556c50c9e8de78 -> 
  custom:SearchIndexIgnoredProperties: e643bd26f0fe6173181afceb89e7c659 -> 
  custom:AudioImporter_EditorPlatform: d09bf68614088b80899f8185d706f6e7 -> 
  custom:video-encoder-webm-vp8: eb34c28f22e8b96e1ab97ce403110664 -> 
  custom:audio-decoder-ogg-vorbis: bf7c407c2cedff20999df2af8eb42d56 -> 
  custom:audio-encoder-webm-vorbis: bf7c407c2cedff20999df2af8eb42d56 -> 
  custom:scripting/monoscript/fileName/RAIKA.cs: 95fc2a643a49722f77f9c792c0cc5c1b -> 
  custom:scripting/precompiled-assembly-types:Assembly-CSharp: e6e36ef8f701c80fae0a3a3a1c122197 -> 8e4451fd7b8041e811e8b85aaf8b7e55
========================================================================
Received Prepare
Caller must complete domain reload
Begin MonoManager ReloadAssembly
- Loaded All Assemblies, in  0.776 seconds
Native extension for WindowsStandalone target not found
Native extension for WebGL target not found
Mono: successfully reloaded assembly
- Finished resetting the current domain, in  1.542 seconds
Domain Reload Profiling: 2313ms
	BeginReloadAssembly (213ms)
		ExecutionOrderSort (0ms)
		DisableScriptedObjects (6ms)
		BackupInstance (0ms)
		ReleaseScriptingObjects (0ms)
		CreateAndSetChildDomain (38ms)
	RebuildCommonClasses (61ms)
	RebuildNativeTypeToScriptingClass (17ms)
	initialDomainReloadingComplete (42ms)
	LoadAllAssembliesAndSetupDomain (437ms)
		LoadAssemblies (488ms)
		RebuildTransferFunctionScriptingTraits (0ms)
		AnalyzeDomain (70ms)
			TypeCache.Refresh (25ms)
				TypeCache.ScanAssembly (3ms)
			ScanForSourceGeneratedMonoScriptInfo (24ms)
			ResolveRequiredComponents (16ms)
	FinalizeReload (1543ms)
		ReleaseScriptCaches (0ms)
		RebuildScriptCaches (0ms)
		SetupLoadedEditorAssemblies (735ms)
			LogAssemblyErrors (0ms)
			InitializePlatformSupportModulesInManaged (12ms)
			SetLoadedEditorAssemblies (4ms)
			RefreshPlugins (0ms)
			BeforeProcessingInitializeOnLoad (113ms)
			ProcessInitializeOnLoadAttributes (536ms)
			ProcessInitializeOnLoadMethodAttributes (56ms)
			AfterProcessingInitializeOnLoad (14ms)
			EditorAssembliesLoaded (0ms)
		ExecutionOrderSort2 (0ms)
		AwakeInstancesAfterBackupRestoration (8ms)
Refreshing native plugins compatible for Editor in 8.59 ms, found 3 plugins.
Preloading 0 native plugins for Editor in 0.00 ms.
Unloading 3654 Unused Serialized files (Serialized files now loaded: 0)
Unloading 19 unused Assets / (31.0 KB). Loaded Objects now: 4340.
Memory consumption went from 139.1 MB to 139.1 MB.
Total: 4.196800 ms (FindLiveObjects: 0.342600 ms CreateObjectMapping: 0.246100 ms MarkObjects: 3.559500 ms  DeleteObjects: 0.047300 ms)

Prepare: number of updated asset objects reloaded= 0
AssetImportParameters requested are different than current active one (requested -> active):
  custom:container-demuxer-ogg: 62fdf1f143b41e24485cea50d1cbac27 -> 
  custom:video-codec-MediaFoundation-h265: 746d11721c4dcdbdad8f713fa42b33f4 -> 
  custom:video-decoder-ogg-theora: a1e56fd34408186e4bbccfd4996cb3dc -> 
  custom:framework-win-MediaFoundation: 216162199b28c13a410421893ffa2e32 -> 
  custom:CustomObjectIndexerAttribute: 9a22284fe3817be447336de3de66b15e -> 
  custom:container-demuxer-webm: 4f35f7cbe854078d1ac9338744f61a02 -> 
  custom:container-muxer-webm: aa71ff27fc2769a1b78a27578f13a17b -> 
  custom:video-decoder-webm-vp8: 9c59270c3fd7afecdb556c50c9e8de78 -> 
  custom:SearchIndexIgnoredProperties: e643bd26f0fe6173181afceb89e7c659 -> 
  custom:AudioImporter_EditorPlatform: d09bf68614088b80899f8185d706f6e7 -> 
  custom:video-encoder-webm-vp8: eb34c28f22e8b96e1ab97ce403110664 -> 
  custom:audio-decoder-ogg-vorbis: bf7c407c2cedff20999df2af8eb42d56 -> 
  custom:audio-encoder-webm-vorbis: bf7c407c2cedff20999df2af8eb42d56 -> 
  custom:scripting/monoscript/fileName/RAIKA.cs: 95fc2a643a49722f77f9c792c0cc5c1b -> 
  custom:scripting/precompiled-assembly-types:Assembly-CSharp: e6e36ef8f701c80fae0a3a3a1c122197 -> 8e4451fd7b8041e811e8b85aaf8b7e55
========================================================================
Received Prepare
Caller must complete domain reload
Begin MonoManager ReloadAssembly
- Loaded All Assemblies, in  0.724 seconds
Native extension for WindowsStandalone target not found
Native extension for WebGL target not found
Mono: successfully reloaded assembly
- Finished resetting the current domain, in  1.534 seconds
Domain Reload Profiling: 2251ms
	BeginReloadAssembly (217ms)
		ExecutionOrderSort (0ms)
		DisableScriptedObjects (6ms)
		BackupInstance (0ms)
		ReleaseScriptingObjects (0ms)
		CreateAndSetChildDomain (33ms)
	RebuildCommonClasses (60ms)
	RebuildNativeTypeToScriptingClass (22ms)
	initialDomainReloadingComplete (51ms)
	LoadAllAssembliesAndSetupDomain (367ms)
		LoadAssemblies (469ms)
		RebuildTransferFunctionScriptingTraits (0ms)
		AnalyzeDomain (32ms)
			TypeCache.Refresh (13ms)
				TypeCache.ScanAssembly (1ms)
			ScanForSourceGeneratedMonoScriptInfo (10ms)
			ResolveRequiredComponents (6ms)
	FinalizeReload (1534ms)
		ReleaseScriptCaches (0ms)
		RebuildScriptCaches (0ms)
		SetupLoadedEditorAssemblies (589ms)
			LogAssemblyErrors (0ms)
			InitializePlatformSupportModulesInManaged (13ms)
			SetLoadedEditorAssemblies (4ms)
			RefreshPlugins (0ms)
			BeforeProcessingInitializeOnLoad (108ms)
			ProcessInitializeOnLoadAttributes (411ms)
			ProcessInitializeOnLoadMethodAttributes (40ms)
			AfterProcessingInitializeOnLoad (12ms)
			EditorAssembliesLoaded (0ms)
		ExecutionOrderSort2 (0ms)
		AwakeInstancesAfterBackupRestoration (9ms)
Refreshing native plugins compatible for Editor in 5.10 ms, found 3 plugins.
Preloading 0 native plugins for Editor in 0.00 ms.
Unloading 3654 Unused Serialized files (Serialized files now loaded: 0)
Unloading 19 unused Assets / (31.1 KB). Loaded Objects now: 4343.
Memory consumption went from 139.1 MB to 139.1 MB.
Total: 2.816000 ms (FindLiveObjects: 0.317200 ms CreateObjectMapping: 0.250500 ms MarkObjects: 2.209400 ms  DeleteObjects: 0.038000 ms)

Prepare: number of updated asset objects reloaded= 0
AssetImportParameters requested are different than current active one (requested -> active):
  custom:container-demuxer-ogg: 62fdf1f143b41e24485cea50d1cbac27 -> 
  custom:video-codec-MediaFoundation-h265: 746d11721c4dcdbdad8f713fa42b33f4 -> 
  custom:video-decoder-ogg-theora: a1e56fd34408186e4bbccfd4996cb3dc -> 
  custom:framework-win-MediaFoundation: 216162199b28c13a410421893ffa2e32 -> 
  custom:CustomObjectIndexerAttribute: 9a22284fe3817be447336de3de66b15e -> 
  custom:container-demuxer-webm: 4f35f7cbe854078d1ac9338744f61a02 -> 
  custom:container-muxer-webm: aa71ff27fc2769a1b78a27578f13a17b -> 
  custom:video-decoder-webm-vp8: 9c59270c3fd7afecdb556c50c9e8de78 -> 
  custom:SearchIndexIgnoredProperties: e643bd26f0fe6173181afceb89e7c659 -> 
  custom:AudioImporter_EditorPlatform: d09bf68614088b80899f8185d706f6e7 -> 
  custom:video-encoder-webm-vp8: eb34c28f22e8b96e1ab97ce403110664 -> 
  custom:audio-decoder-ogg-vorbis: bf7c407c2cedff20999df2af8eb42d56 -> 
  custom:audio-encoder-webm-vorbis: bf7c407c2cedff20999df2af8eb42d56 -> 
  custom:scripting/monoscript/fileName/RAIKA.cs: 95fc2a643a49722f77f9c792c0cc5c1b -> 
  custom:scripting/precompiled-assembly-types:Assembly-CSharp: e6e36ef8f701c80fae0a3a3a1c122197 -> 8e4451fd7b8041e811e8b85aaf8b7e55
========================================================================
Received Import Request.
  Time since last request: 244.216626 seconds.
  path: Assets/Sound/ゲージ回復1.mp3
  artifactKey: Guid(8b5474a4e32059544927d5e5ac9edbb4) Importer(815301076,1909f56bfc062723c751e8b465ee728b)
Start importing Assets/Sound/ゲージ回復1.mp3 using Guid(8b5474a4e32059544927d5e5ac9edbb4) Importer(815301076,1909f56bfc062723c751e8b465ee728b) [PhysX] Initialized MultithreadedTaskDispatcher with 8 workers.
[PhysX] Initialized MultithreadedTaskDispatcher with 8 workers.
 -> (artifact id: 'a9e26998009fa85ef49b76546cd9ae77') in 0.082680 seconds
Number of updated asset objects reloaded before import = 0
Number of asset objects unloaded after import = 2
========================================================================
Received Prepare
Caller must complete domain reload
Begin MonoManager ReloadAssembly
- Loaded All Assemblies, in  0.730 seconds
Native extension for WindowsStandalone target not found
Native extension for WebGL target not found
Mono: successfully reloaded assembly
- Finished resetting the current domain, in  2.510 seconds
Domain Reload Profiling: 3233ms
	BeginReloadAssembly (220ms)
		ExecutionOrderSort (0ms)
		DisableScriptedObjects (6ms)
		BackupInstance (0ms)
		ReleaseScriptingObjects (0ms)
		CreateAndSetChildDomain (37ms)
	RebuildCommonClasses (61ms)
	RebuildNativeTypeToScriptingClass (18ms)
	initialDomainReloadingComplete (55ms)
	LoadAllAssembliesAndSetupDomain (368ms)
		LoadAssemblies (465ms)
		RebuildTransferFunctionScriptingTraits (0ms)
		AnalyzeDomain (38ms)
			TypeCache.Refresh (14ms)
				TypeCache.ScanAssembly (2ms)
			ScanForSourceGeneratedMonoScriptInfo (13ms)
			ResolveRequiredComponents (9ms)
	FinalizeReload (2511ms)
		ReleaseScriptCaches (0ms)
		RebuildScriptCaches (0ms)
		SetupLoadedEditorAssemblies (1169ms)
			LogAssemblyErrors (0ms)
			InitializePlatformSupportModulesInManaged (32ms)
			SetLoadedEditorAssemblies (8ms)
			RefreshPlugins (0ms)
			BeforeProcessingInitializeOnLoad (174ms)
			ProcessInitializeOnLoadAttributes (861ms)
			ProcessInitializeOnLoadMethodAttributes (72ms)
			AfterProcessingInitializeOnLoad (20ms)
			EditorAssembliesLoaded (1ms)
		ExecutionOrderSort2 (0ms)
		AwakeInstancesAfterBackupRestoration (15ms)
Refreshing native plugins compatible for Editor in 12.91 ms, found 3 plugins.
Preloading 0 native plugins for Editor in 0.00 ms.
Unloading 3653 Unused Serialized files (Serialized files now loaded: 0)
Unloading 19 unused Assets / (31.0 KB). Loaded Objects now: 4346.
Memory consumption went from 138.8 MB to 138.8 MB.
Total: 5.574300 ms (FindLiveObjects: 0.868700 ms CreateObjectMapping: 0.595400 ms MarkObjects: 3.988500 ms  DeleteObjects: 0.120400 ms)

Prepare: number of updated asset objects reloaded= 0
AssetImportParameters requested are different than current active one (requested -> active):
  custom:container-demuxer-ogg: 62fdf1f143b41e24485cea50d1cbac27 -> 
  custom:video-codec-MediaFoundation-h265: 746d11721c4dcdbdad8f713fa42b33f4 -> 
  custom:video-decoder-ogg-theora: a1e56fd34408186e4bbccfd4996cb3dc -> 
  custom:framework-win-MediaFoundation: 216162199b28c13a410421893ffa2e32 -> 
  custom:CustomObjectIndexerAttribute: 9a22284fe3817be447336de3de66b15e -> 
  custom:container-demuxer-webm: 4f35f7cbe854078d1ac9338744f61a02 -> 
  custom:container-muxer-webm: aa71ff27fc2769a1b78a27578f13a17b -> 
  custom:video-decoder-webm-vp8: 9c59270c3fd7afecdb556c50c9e8de78 -> 
  custom:SearchIndexIgnoredProperties: e643bd26f0fe6173181afceb89e7c659 -> 
  custom:AudioImporter_EditorPlatform: d09bf68614088b80899f8185d706f6e7 -> 
  custom:video-encoder-webm-vp8: eb34c28f22e8b96e1ab97ce403110664 -> 
  custom:audio-decoder-ogg-vorbis: bf7c407c2cedff20999df2af8eb42d56 -> 
  custom:audio-encoder-webm-vorbis: bf7c407c2cedff20999df2af8eb42d56 -> 
  custom:scripting/monoscript/fileName/RAIKA.cs: 95fc2a643a49722f77f9c792c0cc5c1b -> 
  custom:scripting/precompiled-assembly-types:Assembly-CSharp: e6e36ef8f701c80fae0a3a3a1c122197 -> 8e4451fd7b8041e811e8b85aaf8b7e55
========================================================================
Received Prepare
Caller must complete domain reload
Begin MonoManager ReloadAssembly
- Loaded All Assemblies, in  1.054 seconds
Native extension for WindowsStandalone target not found
Native extension for WebGL target not found
Mono: successfully reloaded assembly
- Finished resetting the current domain, in  3.555 seconds
Domain Reload Profiling: 4603ms
	BeginReloadAssembly (278ms)
		ExecutionOrderSort (0ms)
		DisableScriptedObjects (12ms)
		BackupInstance (0ms)
		ReleaseScriptingObjects (0ms)
		CreateAndSetChildDomain (46ms)
	RebuildCommonClasses (82ms)
	RebuildNativeTypeToScriptingClass (28ms)
	initialDomainReloadingComplete (60ms)
	LoadAllAssembliesAndSetupDomain (598ms)
		LoadAssemblies (698ms)
		RebuildTransferFunctionScriptingTraits (0ms)
		AnalyzeDomain (68ms)
			TypeCache.Refresh (23ms)
				TypeCache.ScanAssembly (3ms)
			ScanForSourceGeneratedMonoScriptInfo (23ms)
			ResolveRequiredComponents (18ms)
	FinalizeReload (3557ms)
		ReleaseScriptCaches (0ms)
		RebuildScriptCaches (0ms)
		SetupLoadedEditorAssemblies (1668ms)
			LogAssemblyErrors (0ms)
			InitializePlatformSupportModulesInManaged (47ms)
			SetLoadedEditorAssemblies (19ms)
			RefreshPlugins (0ms)
			BeforeProcessingInitializeOnLoad (372ms)
			ProcessInitializeOnLoadAttributes (1112ms)
			ProcessInitializeOnLoadMethodAttributes (91ms)
			AfterProcessingInitializeOnLoad (27ms)
			EditorAssembliesLoaded (0ms)
		ExecutionOrderSort2 (0ms)
		AwakeInstancesAfterBackupRestoration (17ms)
Refreshing native plugins compatible for Editor in 18.60 ms, found 3 plugins.
Preloading 0 native plugins for Editor in 0.00 ms.
Unloading 3654 Unused Serialized files (Serialized files now loaded: 0)
Unloading 19 unused Assets / (31.1 KB). Loaded Objects now: 4349.
Memory consumption went from 139.1 MB to 139.1 MB.
Total: 9.820800 ms (FindLiveObjects: 0.750200 ms CreateObjectMapping: 0.575000 ms MarkObjects: 8.277500 ms  DeleteObjects: 0.215100 ms)

Prepare: number of updated asset objects reloaded= 0
AssetImportParameters requested are different than current active one (requested -> active):
  custom:container-demuxer-ogg: 62fdf1f143b41e24485cea50d1cbac27 -> 
  custom:video-codec-MediaFoundation-h265: 746d11721c4dcdbdad8f713fa42b33f4 -> 
  custom:video-decoder-ogg-theora: a1e56fd34408186e4bbccfd4996cb3dc -> 
  custom:framework-win-MediaFoundation: 216162199b28c13a410421893ffa2e32 -> 
  custom:CustomObjectIndexerAttribute: 9a22284fe3817be447336de3de66b15e -> 
  custom:container-demuxer-webm: 4f35f7cbe854078d1ac9338744f61a02 -> 
  custom:container-muxer-webm: aa71ff27fc2769a1b78a27578f13a17b -> 
  custom:video-decoder-webm-vp8: 9c59270c3fd7afecdb556c50c9e8de78 -> 
  custom:SearchIndexIgnoredProperties: e643bd26f0fe6173181afceb89e7c659 -> 
  custom:AudioImporter_EditorPlatform: d09bf68614088b80899f8185d706f6e7 -> 
  custom:video-encoder-webm-vp8: eb34c28f22e8b96e1ab97ce403110664 -> 
  custom:audio-decoder-ogg-vorbis: bf7c407c2cedff20999df2af8eb42d56 -> 
  custom:audio-encoder-webm-vorbis: bf7c407c2cedff20999df2af8eb42d56 -> 
  custom:scripting/monoscript/fileName/RAIKA.cs: 95fc2a643a49722f77f9c792c0cc5c1b -> 
  custom:scripting/precompiled-assembly-types:Assembly-CSharp: e6e36ef8f701c80fae0a3a3a1c122197 -> 8e4451fd7b8041e811e8b85aaf8b7e55
========================================================================
Received Prepare
Caller must complete domain reload
Begin MonoManager ReloadAssembly
- Loaded All Assemblies, in  0.938 seconds
Native extension for WindowsStandalone target not found
Native extension for WebGL target not found
Mono: successfully reloaded assembly
- Finished resetting the current domain, in  3.054 seconds
Domain Reload Profiling: 3985ms
	BeginReloadAssembly (275ms)
		ExecutionOrderSort (0ms)
		DisableScriptedObjects (11ms)
		BackupInstance (0ms)
		ReleaseScriptingObjects (0ms)
		CreateAndSetChildDomain (48ms)
	RebuildCommonClasses (76ms)
	RebuildNativeTypeToScriptingClass (26ms)
	initialDomainReloadingComplete (66ms)
	LoadAllAssembliesAndSetupDomain (487ms)
		LoadAssemblies (604ms)
		RebuildTransferFunctionScriptingTraits (0ms)
		AnalyzeDomain (46ms)
			TypeCache.Refresh (17ms)
				TypeCache.ScanAssembly (2ms)
			ScanForSourceGeneratedMonoScriptInfo (15ms)
			ResolveRequiredComponents (11ms)
	FinalizeReload (3055ms)
		ReleaseScriptCaches (0ms)
		RebuildScriptCaches (0ms)
		SetupLoadedEditorAssemblies (1501ms)
			LogAssemblyErrors (0ms)
			InitializePlatformSupportModulesInManaged (35ms)
			SetLoadedEditorAssemblies (13ms)
			RefreshPlugins (0ms)
			BeforeProcessingInitializeOnLoad (272ms)
			ProcessInitializeOnLoadAttributes (1046ms)
			ProcessInitializeOnLoadMethodAttributes (102ms)
			AfterProcessingInitializeOnLoad (33ms)
			EditorAssembliesLoaded (1ms)
		ExecutionOrderSort2 (0ms)
		AwakeInstancesAfterBackupRestoration (18ms)
Refreshing native plugins compatible for Editor in 13.05 ms, found 3 plugins.
Preloading 0 native plugins for Editor in 0.00 ms.
Unloading 3654 Unused Serialized files (Serialized files now loaded: 0)
Unloading 19 unused Assets / (31.1 KB). Loaded Objects now: 4352.
Memory consumption went from 139.1 MB to 139.1 MB.
Total: 7.101600 ms (FindLiveObjects: 0.895800 ms CreateObjectMapping: 0.536900 ms MarkObjects: 5.575900 ms  DeleteObjects: 0.091700 ms)

Prepare: number of updated asset objects reloaded= 0
AssetImportParameters requested are different than current active one (requested -> active):
  custom:container-demuxer-ogg: 62fdf1f143b41e24485cea50d1cbac27 -> 
  custom:video-codec-MediaFoundation-h265: 746d11721c4dcdbdad8f713fa42b33f4 -> 
  custom:video-decoder-ogg-theora: a1e56fd34408186e4bbccfd4996cb3dc -> 
  custom:framework-win-MediaFoundation: 216162199b28c13a410421893ffa2e32 -> 
  custom:CustomObjectIndexerAttribute: 9a22284fe3817be447336de3de66b15e -> 
  custom:container-demuxer-webm: 4f35f7cbe854078d1ac9338744f61a02 -> 
  custom:container-muxer-webm: aa71ff27fc2769a1b78a27578f13a17b -> 
  custom:video-decoder-webm-vp8: 9c59270c3fd7afecdb556c50c9e8de78 -> 
  custom:SearchIndexIgnoredProperties: e643bd26f0fe6173181afceb89e7c659 -> 
  custom:AudioImporter_EditorPlatform: d09bf68614088b80899f8185d706f6e7 -> 
  custom:video-encoder-webm-vp8: eb34c28f22e8b96e1ab97ce403110664 -> 
  custom:audio-decoder-ogg-vorbis: bf7c407c2cedff20999df2af8eb42d56 -> 
  custom:audio-encoder-webm-vorbis: bf7c407c2cedff20999df2af8eb42d56 -> 
  custom:scripting/monoscript/fileName/RAIKA.cs: 95fc2a643a49722f77f9c792c0cc5c1b -> 
  custom:scripting/precompiled-assembly-types:Assembly-CSharp: e6e36ef8f701c80fae0a3a3a1c122197 -> 8e4451fd7b8041e811e8b85aaf8b7e55
========================================================================
Received Prepare
Caller must complete domain reload
Begin MonoManager ReloadAssembly
- Loaded All Assemblies, in  0.773 seconds
Native extension for WindowsStandalone target not found
Native extension for WebGL target not found
Mono: successfully reloaded assembly
- Finished resetting the current domain, in  2.963 seconds
Domain Reload Profiling: 3729ms
	BeginReloadAssembly (228ms)
		ExecutionOrderSort (0ms)
		DisableScriptedObjects (7ms)
		BackupInstance (0ms)
		ReleaseScriptingObjects (0ms)
		CreateAndSetChildDomain (39ms)
	RebuildCommonClasses (51ms)
	RebuildNativeTypeToScriptingClass (23ms)
	initialDomainReloadingComplete (55ms)
	LoadAllAssembliesAndSetupDomain (407ms)
		LoadAssemblies (521ms)
		RebuildTransferFunctionScriptingTraits (0ms)
		AnalyzeDomain (24ms)
			TypeCache.Refresh (10ms)
				TypeCache.ScanAssembly (0ms)
			ScanForSourceGeneratedMonoScriptInfo (0ms)
			ResolveRequiredComponents (12ms)
	FinalizeReload (2966ms)
		ReleaseScriptCaches (0ms)
		RebuildScriptCaches (0ms)
		SetupLoadedEditorAssemblies (1738ms)
			LogAssemblyErrors (0ms)
			InitializePlatformSupportModulesInManaged (20ms)
			SetLoadedEditorAssemblies (7ms)
			RefreshPlugins (0ms)
			BeforeProcessingInitializeOnLoad (166ms)
			ProcessInitializeOnLoadAttributes (1339ms)
			ProcessInitializeOnLoadMethodAttributes (146ms)
			AfterProcessingInitializeOnLoad (58ms)
			EditorAssembliesLoaded (1ms)
		ExecutionOrderSort2 (0ms)
		AwakeInstancesAfterBackupRestoration (32ms)
Refreshing native plugins compatible for Editor in 22.94 ms, found 3 plugins.
Preloading 0 native plugins for Editor in 0.00 ms.
Unloading 3654 Unused Serialized files (Serialized files now loaded: 0)
Unloading 19 unused Assets / (31.2 KB). Loaded Objects now: 4355.
Memory consumption went from 139.1 MB to 139.1 MB.
Total: 9.711000 ms (FindLiveObjects: 1.530500 ms CreateObjectMapping: 0.686600 ms MarkObjects: 7.408400 ms  DeleteObjects: 0.082800 ms)

Prepare: number of updated asset objects reloaded= 0
AssetImportParameters requested are different than current active one (requested -> active):
  custom:container-demuxer-ogg: 62fdf1f143b41e24485cea50d1cbac27 -> 
  custom:video-codec-MediaFoundation-h265: 746d11721c4dcdbdad8f713fa42b33f4 -> 
  custom:video-decoder-ogg-theora: a1e56fd34408186e4bbccfd4996cb3dc -> 
  custom:framework-win-MediaFoundation: 216162199b28c13a410421893ffa2e32 -> 
  custom:CustomObjectIndexerAttribute: 9a22284fe3817be447336de3de66b15e -> 
  custom:container-demuxer-webm: 4f35f7cbe854078d1ac9338744f61a02 -> 
  custom:container-muxer-webm: aa71ff27fc2769a1b78a27578f13a17b -> 
  custom:video-decoder-webm-vp8: 9c59270c3fd7afecdb556c50c9e8de78 -> 
  custom:SearchIndexIgnoredProperties: e643bd26f0fe6173181afceb89e7c659 -> 
  custom:AudioImporter_EditorPlatform: d09bf68614088b80899f8185d706f6e7 -> 
  custom:video-encoder-webm-vp8: eb34c28f22e8b96e1ab97ce403110664 -> 
  custom:audio-decoder-ogg-vorbis: bf7c407c2cedff20999df2af8eb42d56 -> 
  custom:audio-encoder-webm-vorbis: bf7c407c2cedff20999df2af8eb42d56 -> 
  custom:scripting/monoscript/fileName/RAIKA.cs: 95fc2a643a49722f77f9c792c0cc5c1b -> 
  custom:scripting/precompiled-assembly-types:Assembly-CSharp: e6e36ef8f701c80fae0a3a3a1c122197 -> 8e4451fd7b8041e811e8b85aaf8b7e55
========================================================================
Received Prepare
Caller must complete domain reload
Begin MonoManager ReloadAssembly
- Loaded All Assemblies, in  0.806 seconds
Native extension for WindowsStandalone target not found
Native extension for WebGL target not found
Mono: successfully reloaded assembly
- Finished resetting the current domain, in  2.839 seconds
Domain Reload Profiling: 3639ms
	BeginReloadAssembly (236ms)
		ExecutionOrderSort (0ms)
		DisableScriptedObjects (9ms)
		BackupInstance (0ms)
		ReleaseScriptingObjects (0ms)
		CreateAndSetChildDomain (42ms)
	RebuildCommonClasses (64ms)
	RebuildNativeTypeToScriptingClass (25ms)
	initialDomainReloadingComplete (67ms)
	LoadAllAssembliesAndSetupDomain (407ms)
		LoadAssemblies (517ms)
		RebuildTransferFunctionScriptingTraits (0ms)
		AnalyzeDomain (28ms)
			TypeCache.Refresh (11ms)
				TypeCache.ScanAssembly (0ms)
			ScanForSourceGeneratedMonoScriptInfo (0ms)
			ResolveRequiredComponents (14ms)
	FinalizeReload (2841ms)
		ReleaseScriptCaches (0ms)
		RebuildScriptCaches (0ms)
		SetupLoadedEditorAssemblies (1714ms)
			LogAssemblyErrors (0ms)
			InitializePlatformSupportModulesInManaged (20ms)
			SetLoadedEditorAssemblies (7ms)
			RefreshPlugins (0ms)
			BeforeProcessingInitializeOnLoad (160ms)
			ProcessInitializeOnLoadAttributes (1329ms)
			ProcessInitializeOnLoadMethodAttributes (145ms)
			AfterProcessingInitializeOnLoad (52ms)
			EditorAssembliesLoaded (0ms)
		ExecutionOrderSort2 (0ms)
		AwakeInstancesAfterBackupRestoration (34ms)
Refreshing native plugins compatible for Editor in 17.53 ms, found 3 plugins.
Preloading 0 native plugins for Editor in 0.00 ms.
Unloading 3654 Unused Serialized files (Serialized files now loaded: 0)
Unloading 19 unused Assets / (31.1 KB). Loaded Objects now: 4358.
Memory consumption went from 139.1 MB to 139.1 MB.
Total: 7.737300 ms (FindLiveObjects: 0.598000 ms CreateObjectMapping: 0.590500 ms MarkObjects: 6.439400 ms  DeleteObjects: 0.107400 ms)

Prepare: number of updated asset objects reloaded= 0
AssetImportParameters requested are different than current active one (requested -> active):
  custom:container-demuxer-ogg: 62fdf1f143b41e24485cea50d1cbac27 -> 
  custom:video-codec-MediaFoundation-h265: 746d11721c4dcdbdad8f713fa42b33f4 -> 
  custom:video-decoder-ogg-theora: a1e56fd34408186e4bbccfd4996cb3dc -> 
  custom:framework-win-MediaFoundation: 216162199b28c13a410421893ffa2e32 -> 
  custom:CustomObjectIndexerAttribute: 9a22284fe3817be447336de3de66b15e -> 
  custom:container-demuxer-webm: 4f35f7cbe854078d1ac9338744f61a02 -> 
  custom:container-muxer-webm: aa71ff27fc2769a1b78a27578f13a17b -> 
  custom:video-decoder-webm-vp8: 9c59270c3fd7afecdb556c50c9e8de78 -> 
  custom:SearchIndexIgnoredProperties: e643bd26f0fe6173181afceb89e7c659 -> 
  custom:AudioImporter_EditorPlatform: d09bf68614088b80899f8185d706f6e7 -> 
  custom:video-encoder-webm-vp8: eb34c28f22e8b96e1ab97ce403110664 -> 
  custom:audio-decoder-ogg-vorbis: bf7c407c2cedff20999df2af8eb42d56 -> 
  custom:audio-encoder-webm-vorbis: bf7c407c2cedff20999df2af8eb42d56 -> 
  custom:scripting/monoscript/fileName/RAIKA.cs: 95fc2a643a49722f77f9c792c0cc5c1b -> 
  custom:scripting/precompiled-assembly-types:Assembly-CSharp: e6e36ef8f701c80fae0a3a3a1c122197 -> 8e4451fd7b8041e811e8b85aaf8b7e55
========================================================================
Received Import Request.
  Time since last request: 262.782498 seconds.
  path: Assets/Prefab/BirdManager.prefab
  artifactKey: Guid(0f6d999f434df934aa8b987747316a0a) Importer(815301076,1909f56bfc062723c751e8b465ee728b)
Start importing Assets/Prefab/BirdManager.prefab using Guid(0f6d999f434df934aa8b987747316a0a) Importer(815301076,1909f56bfc062723c751e8b465ee728b) [PhysX] Initialized MultithreadedTaskDispatcher with 8 workers.
 -> (artifact id: 'b281d4213140b358df94d22df1f813be') in 0.012548 seconds
Number of updated asset objects reloaded before import = 0
Number of asset objects unloaded after import = 0
========================================================================
Received Import Request.
  Time since last request: 0.000025 seconds.
  path: Assets/Prefab/kusa1.prefab
  artifactKey: Guid(deb0d6b0c1a43b54791cc68445dadf5a) Importer(815301076,1909f56bfc062723c751e8b465ee728b)
Start importing Assets/Prefab/kusa1.prefab using Guid(deb0d6b0c1a43b54791cc68445dadf5a) Importer(815301076,1909f56bfc062723c751e8b465ee728b) [PhysX] Initialized MultithreadedTaskDispatcher with 8 workers.
 -> (artifact id: 'eec11d4f34564622f2d41d7cccfaec12') in 0.000828 seconds
Number of updated asset objects reloaded before import = 0
Number of asset objects unloaded after import = 0
========================================================================
Received Import Request.
  Time since last request: 0.000060 seconds.
  path: Assets/Prefab/Item_inField.prefab
  artifactKey: Guid(297c6d67f3394ef4fae30b6050bc7e20) Importer(815301076,1909f56bfc062723c751e8b465ee728b)
Start importing Assets/Prefab/Item_inField.prefab using Guid(297c6d67f3394ef4fae30b6050bc7e20) Importer(815301076,1909f56bfc062723c751e8b465ee728b) [PhysX] Initialized MultithreadedTaskDispatcher with 8 workers.
 -> (artifact id: '3f7afac5562d1fddd7dcfc599cfe1bad') in 0.001131 seconds
Number of updated asset objects reloaded before import = 0
Number of asset objects unloaded after import = 0
========================================================================
Received Import Request.
  Time since last request: 1.364788 seconds.
  path: Assets/Prefab/First_Get/FirstGet.prefab
  artifactKey: Guid(9a584a3beb0e58c43a73365bb6d8cb20) Importer(815301076,1909f56bfc062723c751e8b465ee728b)
Start importing Assets/Prefab/First_Get/FirstGet.prefab using Guid(9a584a3beb0e58c43a73365bb6d8cb20) Importer(815301076,1909f56bfc062723c751e8b465ee728b) [PhysX] Initialized MultithreadedTaskDispatcher with 8 workers.
 -> (artifact id: 'cf2676f21a05eaf6d2da7e6fd9933876') in 0.001513 seconds
Number of updated asset objects reloaded before import = 0
Number of asset objects unloaded after import = 0
========================================================================
Received Import Request.
  Time since last request: 81.307922 seconds.
  path: Assets/Prefab/BirdManager.prefab
  artifactKey: Guid(0f6d999f434df934aa8b987747316a0a) Importer(815301076,1909f56bfc062723c751e8b465ee728b)
Start importing Assets/Prefab/BirdManager.prefab using Guid(0f6d999f434df934aa8b987747316a0a) Importer(815301076,1909f56bfc062723c751e8b465ee728b) [PhysX] Initialized MultithreadedTaskDispatcher with 8 workers.
 -> (artifact id: 'b281d4213140b358df94d22df1f813be') in 0.000963 seconds
Number of updated asset objects reloaded before import = 0
Number of asset objects unloaded after import = 0
========================================================================
Received Import Request.
  Time since last request: 0.000108 seconds.
  path: Assets/Prefab/ItemSlot.prefab
  artifactKey: Guid(f0515271b7a75164fb516c5f3d277572) Importer(815301076,1909f56bfc062723c751e8b465ee728b)
Start importing Assets/Prefab/ItemSlot.prefab using Guid(f0515271b7a75164fb516c5f3d277572) Importer(815301076,1909f56bfc062723c751e8b465ee728b) [PhysX] Initialized MultithreadedTaskDispatcher with 8 workers.
 -> (artifact id: 'a8de56198cc39d00715f88ffa48fba4d') in 0.000923 seconds
Number of updated asset objects reloaded before import = 0
Number of asset objects unloaded after import = 0
========================================================================
Received Import Request.
  Time since last request: 0.000097 seconds.
  path: Assets/Prefab/kusa_back1.prefab
  artifactKey: Guid(abf2ababcb4c5914c92cf3a8913ea965) Importer(815301076,1909f56bfc062723c751e8b465ee728b)
Start importing Assets/Prefab/kusa_back1.prefab using Guid(abf2ababcb4c5914c92cf3a8913ea965) Importer(815301076,1909f56bfc062723c751e8b465ee728b) [PhysX] Initialized MultithreadedTaskDispatcher with 8 workers.
 -> (artifact id: 'aa50e41ec372435358f3179d1993a32d') in 0.000635 seconds
Number of updated asset objects reloaded before import = 0
Number of asset objects unloaded after import = 0
========================================================================
Received Import Request.
  Time since last request: 0.000063 seconds.
  path: Assets/Prefab/SoundManager.prefab
  artifactKey: Guid(637cabff38eaaae489c5d0d1718ed740) Importer(815301076,1909f56bfc062723c751e8b465ee728b)
Start importing Assets/Prefab/SoundManager.prefab using Guid(637cabff38eaaae489c5d0d1718ed740) Importer(815301076,1909f56bfc062723c751e8b465ee728b) [PhysX] Initialized MultithreadedTaskDispatcher with 8 workers.
 -> (artifact id: 'dfa69d50ddb0ac9087fa386e2dc6a1a7') in 0.000916 seconds
Number of updated asset objects reloaded before import = 0
Number of asset objects unloaded after import = 0
========================================================================
Received Prepare
Caller must complete domain reload
Begin MonoManager ReloadAssembly
- Loaded All Assemblies, in  0.718 seconds
Native extension for WindowsStandalone target not found
Native extension for WebGL target not found
Mono: successfully reloaded assembly
- Finished resetting the current domain, in  1.826 seconds
Domain Reload Profiling: 2538ms
	BeginReloadAssembly (243ms)
		ExecutionOrderSort (0ms)
		DisableScriptedObjects (7ms)
		BackupInstance (0ms)
		ReleaseScriptingObjects (0ms)
		CreateAndSetChildDomain (42ms)
	RebuildCommonClasses (62ms)
	RebuildNativeTypeToScriptingClass (21ms)
	initialDomainReloadingComplete (51ms)
	LoadAllAssembliesAndSetupDomain (333ms)
		LoadAssemblies (459ms)
		RebuildTransferFunctionScriptingTraits (0ms)
		AnalyzeDomain (20ms)
			TypeCache.Refresh (8ms)
				TypeCache.ScanAssembly (0ms)
			ScanForSourceGeneratedMonoScriptInfo (0ms)
			ResolveRequiredComponents (10ms)
	FinalizeReload (1827ms)
		ReleaseScriptCaches (0ms)
		RebuildScriptCaches (0ms)
		SetupLoadedEditorAssemblies (968ms)
			LogAssemblyErrors (0ms)
			InitializePlatformSupportModulesInManaged (15ms)
			SetLoadedEditorAssemblies (5ms)
			RefreshPlugins (0ms)
			BeforeProcessingInitializeOnLoad (173ms)
			ProcessInitializeOnLoadAttributes (681ms)
			ProcessInitializeOnLoadMethodAttributes (71ms)
			AfterProcessingInitializeOnLoad (23ms)
			EditorAssembliesLoaded (0ms)
		ExecutionOrderSort2 (0ms)
		AwakeInstancesAfterBackupRestoration (14ms)
Refreshing native plugins compatible for Editor in 18.04 ms, found 3 plugins.
Preloading 0 native plugins for Editor in 0.00 ms.
Unloading 3653 Unused Serialized files (Serialized files now loaded: 0)
Unloading 19 unused Assets / (31.2 KB). Loaded Objects now: 4361.
Memory consumption went from 138.8 MB to 138.8 MB.
Total: 5.707700 ms (FindLiveObjects: 0.559800 ms CreateObjectMapping: 0.461700 ms MarkObjects: 4.618300 ms  DeleteObjects: 0.066300 ms)

Prepare: number of updated asset objects reloaded= 0
AssetImportParameters requested are different than current active one (requested -> active):
  custom:container-demuxer-ogg: 62fdf1f143b41e24485cea50d1cbac27 -> 
  custom:video-codec-MediaFoundation-h265: 746d11721c4dcdbdad8f713fa42b33f4 -> 
  custom:video-decoder-ogg-theora: a1e56fd34408186e4bbccfd4996cb3dc -> 
  custom:framework-win-MediaFoundation: 216162199b28c13a410421893ffa2e32 -> 
  custom:CustomObjectIndexerAttribute: 9a22284fe3817be447336de3de66b15e -> 
  custom:container-demuxer-webm: 4f35f7cbe854078d1ac9338744f61a02 -> 
  custom:container-muxer-webm: aa71ff27fc2769a1b78a27578f13a17b -> 
  custom:video-decoder-webm-vp8: 9c59270c3fd7afecdb556c50c9e8de78 -> 
  custom:SearchIndexIgnoredProperties: e643bd26f0fe6173181afceb89e7c659 -> 
  custom:AudioImporter_EditorPlatform: d09bf68614088b80899f8185d706f6e7 -> 
  custom:video-encoder-webm-vp8: eb34c28f22e8b96e1ab97ce403110664 -> 
  custom:audio-decoder-ogg-vorbis: bf7c407c2cedff20999df2af8eb42d56 -> 
  custom:audio-encoder-webm-vorbis: bf7c407c2cedff20999df2af8eb42d56 -> 
  custom:scripting/monoscript/fileName/RAIKA.cs: 95fc2a643a49722f77f9c792c0cc5c1b -> 
  custom:scripting/precompiled-assembly-types:Assembly-CSharp: e6e36ef8f701c80fae0a3a3a1c122197 -> 8e4451fd7b8041e811e8b85aaf8b7e55
========================================================================
Received Import Request.
  Time since last request: 49.309513 seconds.
  path: Assets/Prefab/BirdManager.prefab
  artifactKey: Guid(0f6d999f434df934aa8b987747316a0a) Importer(815301076,1909f56bfc062723c751e8b465ee728b)
Start importing Assets/Prefab/BirdManager.prefab using Guid(0f6d999f434df934aa8b987747316a0a) Importer(815301076,1909f56bfc062723c751e8b465ee728b) [PhysX] Initialized MultithreadedTaskDispatcher with 8 workers.
 -> (artifact id: 'b281d4213140b358df94d22df1f813be') in 0.003166 seconds
Number of updated asset objects reloaded before import = 0
Number of asset objects unloaded after import = 0
========================================================================
Received Import Request.
  Time since last request: 0.000031 seconds.
  path: Assets/Prefab/kusa_back1.prefab
  artifactKey: Guid(abf2ababcb4c5914c92cf3a8913ea965) Importer(815301076,1909f56bfc062723c751e8b465ee728b)
Start importing Assets/Prefab/kusa_back1.prefab using Guid(abf2ababcb4c5914c92cf3a8913ea965) Importer(815301076,1909f56bfc062723c751e8b465ee728b) [PhysX] Initialized MultithreadedTaskDispatcher with 8 workers.
 -> (artifact id: 'aa50e41ec372435358f3179d1993a32d') in 0.001016 seconds
Number of updated asset objects reloaded before import = 0
Number of asset objects unloaded after import = 0
========================================================================
Received Import Request.
  Time since last request: 0.000130 seconds.
  path: Assets/Prefab/SoundManager.prefab
  artifactKey: Guid(637cabff38eaaae489c5d0d1718ed740) Importer(815301076,1909f56bfc062723c751e8b465ee728b)
Start importing Assets/Prefab/SoundManager.prefab using Guid(637cabff38eaaae489c5d0d1718ed740) Importer(815301076,1909f56bfc062723c751e8b465ee728b) [PhysX] Initialized MultithreadedTaskDispatcher with 8 workers.
 -> (artifact id: 'dfa69d50ddb0ac9087fa386e2dc6a1a7') in 0.000590 seconds
Number of updated asset objects reloaded before import = 0
Number of asset objects unloaded after import = 0
========================================================================
Received Import Request.
  Time since last request: 196.073568 seconds.
  path: Assets/Prefab/BirdManager.prefab
  artifactKey: Guid(0f6d999f434df934aa8b987747316a0a) Importer(815301076,1909f56bfc062723c751e8b465ee728b)
Start importing Assets/Prefab/BirdManager.prefab using Guid(0f6d999f434df934aa8b987747316a0a) Importer(815301076,1909f56bfc062723c751e8b465ee728b) [PhysX] Initialized MultithreadedTaskDispatcher with 8 workers.
 -> (artifact id: 'b281d4213140b358df94d22df1f813be') in 0.001614 seconds
Number of updated asset objects reloaded before import = 0
Number of asset objects unloaded after import = 0
========================================================================
Received Import Request.
  Time since last request: 0.000049 seconds.
  path: Assets/Prefab/ItemSlot.prefab
  artifactKey: Guid(f0515271b7a75164fb516c5f3d277572) Importer(815301076,1909f56bfc062723c751e8b465ee728b)
Start importing Assets/Prefab/ItemSlot.prefab using Guid(f0515271b7a75164fb516c5f3d277572) Importer(815301076,1909f56bfc062723c751e8b465ee728b) [PhysX] Initialized MultithreadedTaskDispatcher with 8 workers.
 -> (artifact id: 'a8de56198cc39d00715f88ffa48fba4d') in 0.001219 seconds
Number of updated asset objects reloaded before import = 0
Number of asset objects unloaded after import = 0
========================================================================
Received Import Request.
  Time since last request: 0.000029 seconds.
  path: Assets/Prefab/kusa_back1.prefab
  artifactKey: Guid(abf2ababcb4c5914c92cf3a8913ea965) Importer(815301076,1909f56bfc062723c751e8b465ee728b)
Start importing Assets/Prefab/kusa_back1.prefab using Guid(abf2ababcb4c5914c92cf3a8913ea965) Importer(815301076,1909f56bfc062723c751e8b465ee728b) [PhysX] Initialized MultithreadedTaskDispatcher with 8 workers.
 -> (artifact id: 'aa50e41ec372435358f3179d1993a32d') in 0.001085 seconds
Number of updated asset objects reloaded before import = 0
Number of asset objects unloaded after import = 0
========================================================================
Received Import Request.
  Time since last request: 0.000065 seconds.
  path: Assets/Prefab/SoundManager.prefab
  artifactKey: Guid(637cabff38eaaae489c5d0d1718ed740) Importer(815301076,1909f56bfc062723c751e8b465ee728b)
Start importing Assets/Prefab/SoundManager.prefab using Guid(637cabff38eaaae489c5d0d1718ed740) Importer(815301076,1909f56bfc062723c751e8b465ee728b) [PhysX] Initialized MultithreadedTaskDispatcher with 8 workers.
 -> (artifact id: 'dfa69d50ddb0ac9087fa386e2dc6a1a7') in 0.001358 seconds
Number of updated asset objects reloaded before import = 0
Number of asset objects unloaded after import = 0
========================================================================
Received Prepare
Caller must complete domain reload
Begin MonoManager ReloadAssembly
- Loaded All Assemblies, in  0.980 seconds
Native extension for WindowsStandalone target not found
Native extension for WebGL target not found
Mono: successfully reloaded assembly
- Finished resetting the current domain, in  2.516 seconds
Domain Reload Profiling: 3488ms
	BeginReloadAssembly (294ms)
		ExecutionOrderSort (0ms)
		DisableScriptedObjects (8ms)
		BackupInstance (0ms)
		ReleaseScriptingObjects (0ms)
		CreateAndSetChildDomain (53ms)
	RebuildCommonClasses (82ms)
	RebuildNativeTypeToScriptingClass (27ms)
	initialDomainReloadingComplete (71ms)
	LoadAllAssembliesAndSetupDomain (498ms)
		LoadAssemblies (622ms)
		RebuildTransferFunctionScriptingTraits (0ms)
		AnalyzeDomain (48ms)
			TypeCache.Refresh (15ms)
				TypeCache.ScanAssembly (2ms)
			ScanForSourceGeneratedMonoScriptInfo (15ms)
			ResolveRequiredComponents (14ms)
	FinalizeReload (2518ms)
		ReleaseScriptCaches (0ms)
		RebuildScriptCaches (0ms)
		SetupLoadedEditorAssemblies (1182ms)
			LogAssemblyErrors (0ms)
			InitializePlatformSupportModulesInManaged (22ms)
			SetLoadedEditorAssemblies (7ms)
			RefreshPlugins (0ms)
			BeforeProcessingInitializeOnLoad (190ms)
			ProcessInitializeOnLoadAttributes (819ms)
			ProcessInitializeOnLoadMethodAttributes (105ms)
			AfterProcessingInitializeOnLoad (37ms)
			EditorAssembliesLoaded (0ms)
		ExecutionOrderSort2 (0ms)
		AwakeInstancesAfterBackupRestoration (22ms)
Refreshing native plugins compatible for Editor in 17.69 ms, found 3 plugins.
Preloading 0 native plugins for Editor in 0.00 ms.
Unloading 3653 Unused Serialized files (Serialized files now loaded: 0)
Unloading 19 unused Assets / (31.2 KB). Loaded Objects now: 4364.
Memory consumption went from 138.9 MB to 138.9 MB.
Total: 8.062000 ms (FindLiveObjects: 0.646900 ms CreateObjectMapping: 0.585800 ms MarkObjects: 6.689700 ms  DeleteObjects: 0.136600 ms)

Prepare: number of updated asset objects reloaded= 0
AssetImportParameters requested are different than current active one (requested -> active):
  custom:container-demuxer-ogg: 62fdf1f143b41e24485cea50d1cbac27 -> 
  custom:video-codec-MediaFoundation-h265: 746d11721c4dcdbdad8f713fa42b33f4 -> 
  custom:video-decoder-ogg-theora: a1e56fd34408186e4bbccfd4996cb3dc -> 
  custom:framework-win-MediaFoundation: 216162199b28c13a410421893ffa2e32 -> 
  custom:CustomObjectIndexerAttribute: 9a22284fe3817be447336de3de66b15e -> 
  custom:container-demuxer-webm: 4f35f7cbe854078d1ac9338744f61a02 -> 
  custom:container-muxer-webm: aa71ff27fc2769a1b78a27578f13a17b -> 
  custom:video-decoder-webm-vp8: 9c59270c3fd7afecdb556c50c9e8de78 -> 
  custom:SearchIndexIgnoredProperties: e643bd26f0fe6173181afceb89e7c659 -> 
  custom:AudioImporter_EditorPlatform: d09bf68614088b80899f8185d706f6e7 -> 
  custom:video-encoder-webm-vp8: eb34c28f22e8b96e1ab97ce403110664 -> 
  custom:audio-decoder-ogg-vorbis: bf7c407c2cedff20999df2af8eb42d56 -> 
  custom:audio-encoder-webm-vorbis: bf7c407c2cedff20999df2af8eb42d56 -> 
  custom:scripting/monoscript/fileName/RAIKA.cs: 95fc2a643a49722f77f9c792c0cc5c1b -> 
  custom:scripting/precompiled-assembly-types:Assembly-CSharp: e6e36ef8f701c80fae0a3a3a1c122197 -> 8e4451fd7b8041e811e8b85aaf8b7e55
========================================================================
Received Prepare
Caller must complete domain reload
Begin MonoManager ReloadAssembly
- Loaded All Assemblies, in  0.861 seconds
Native extension for WindowsStandalone target not found
Native extension for WebGL target not found
Mono: successfully reloaded assembly
- Finished resetting the current domain, in  2.517 seconds
Domain Reload Profiling: 3371ms
	BeginReloadAssembly (258ms)
		ExecutionOrderSort (0ms)
		DisableScriptedObjects (10ms)
		BackupInstance (0ms)
		ReleaseScriptingObjects (0ms)
		CreateAndSetChildDomain (49ms)
	RebuildCommonClasses (70ms)
	RebuildNativeTypeToScriptingClass (20ms)
	initialDomainReloadingComplete (62ms)
	LoadAllAssembliesAndSetupDomain (441ms)
		LoadAssemblies (565ms)
		RebuildTransferFunctionScriptingTraits (0ms)
		AnalyzeDomain (22ms)
			TypeCache.Refresh (9ms)
				TypeCache.ScanAssembly (0ms)
			ScanForSourceGeneratedMonoScriptInfo (0ms)
			ResolveRequiredComponents (10ms)
	FinalizeReload (2519ms)
		ReleaseScriptCaches (0ms)
		RebuildScriptCaches (0ms)
		SetupLoadedEditorAssemblies (1373ms)
			LogAssemblyErrors (0ms)
			InitializePlatformSupportModulesInManaged (20ms)
			SetLoadedEditorAssemblies (8ms)
			RefreshPlugins (0ms)
			BeforeProcessingInitializeOnLoad (181ms)
			ProcessInitializeOnLoadAttributes (1023ms)
			ProcessInitializeOnLoadMethodAttributes (105ms)
			AfterProcessingInitializeOnLoad (36ms)
			EditorAssembliesLoaded (1ms)
		ExecutionOrderSort2 (0ms)
		AwakeInstancesAfterBackupRestoration (26ms)
Refreshing native plugins compatible for Editor in 18.16 ms, found 3 plugins.
Preloading 0 native plugins for Editor in 0.00 ms.
Unloading 3654 Unused Serialized files (Serialized files now loaded: 0)
Unloading 19 unused Assets / (31.2 KB). Loaded Objects now: 4367.
Memory consumption went from 139.2 MB to 139.1 MB.
Total: 8.254000 ms (FindLiveObjects: 0.503500 ms CreateObjectMapping: 0.464900 ms MarkObjects: 7.186200 ms  DeleteObjects: 0.096700 ms)

Prepare: number of updated asset objects reloaded= 0
AssetImportParameters requested are different than current active one (requested -> active):
  custom:container-demuxer-ogg: 62fdf1f143b41e24485cea50d1cbac27 -> 
  custom:video-codec-MediaFoundation-h265: 746d11721c4dcdbdad8f713fa42b33f4 -> 
  custom:video-decoder-ogg-theora: a1e56fd34408186e4bbccfd4996cb3dc -> 
  custom:framework-win-MediaFoundation: 216162199b28c13a410421893ffa2e32 -> 
  custom:CustomObjectIndexerAttribute: 9a22284fe3817be447336de3de66b15e -> 
  custom:container-demuxer-webm: 4f35f7cbe854078d1ac9338744f61a02 -> 
  custom:container-muxer-webm: aa71ff27fc2769a1b78a27578f13a17b -> 
  custom:video-decoder-webm-vp8: 9c59270c3fd7afecdb556c50c9e8de78 -> 
  custom:SearchIndexIgnoredProperties: e643bd26f0fe6173181afceb89e7c659 -> 
  custom:AudioImporter_EditorPlatform: d09bf68614088b80899f8185d706f6e7 -> 
  custom:video-encoder-webm-vp8: eb34c28f22e8b96e1ab97ce403110664 -> 
  custom:audio-decoder-ogg-vorbis: bf7c407c2cedff20999df2af8eb42d56 -> 
  custom:audio-encoder-webm-vorbis: bf7c407c2cedff20999df2af8eb42d56 -> 
  custom:scripting/monoscript/fileName/RAIKA.cs: 95fc2a643a49722f77f9c792c0cc5c1b -> 
  custom:scripting/precompiled-assembly-types:Assembly-CSharp: e6e36ef8f701c80fae0a3a3a1c122197 -> 8e4451fd7b8041e811e8b85aaf8b7e55
========================================================================
Received Import Request.
  Time since last request: 245.999925 seconds.
  path: Assets/Prefab/BirdManager.prefab
  artifactKey: Guid(0f6d999f434df934aa8b987747316a0a) Importer(815301076,1909f56bfc062723c751e8b465ee728b)
Start importing Assets/Prefab/BirdManager.prefab using Guid(0f6d999f434df934aa8b987747316a0a) Importer(815301076,1909f56bfc062723c751e8b465ee728b) [PhysX] Initialized MultithreadedTaskDispatcher with 8 workers.
 -> (artifact id: 'b281d4213140b358df94d22df1f813be') in 0.004097 seconds
Number of updated asset objects reloaded before import = 0
Number of asset objects unloaded after import = 0
========================================================================
Received Import Request.
  Time since last request: 0.000030 seconds.
  path: Assets/Prefab/kusa_back1.prefab
  artifactKey: Guid(abf2ababcb4c5914c92cf3a8913ea965) Importer(815301076,1909f56bfc062723c751e8b465ee728b)
Start importing Assets/Prefab/kusa_back1.prefab using Guid(abf2ababcb4c5914c92cf3a8913ea965) Importer(815301076,1909f56bfc062723c751e8b465ee728b) [PhysX] Initialized MultithreadedTaskDispatcher with 8 workers.
 -> (artifact id: 'aa50e41ec372435358f3179d1993a32d') in 0.001493 seconds
Number of updated asset objects reloaded before import = 0
Number of asset objects unloaded after import = 0
========================================================================
Received Import Request.
  Time since last request: 0.000128 seconds.
  path: Assets/Prefab/SoundManager.prefab
  artifactKey: Guid(637cabff38eaaae489c5d0d1718ed740) Importer(815301076,1909f56bfc062723c751e8b465ee728b)
Start importing Assets/Prefab/SoundManager.prefab using Guid(637cabff38eaaae489c5d0d1718ed740) Importer(815301076,1909f56bfc062723c751e8b465ee728b) [PhysX] Initialized MultithreadedTaskDispatcher with 8 workers.
 -> (artifact id: 'dfa69d50ddb0ac9087fa386e2dc6a1a7') in 0.000762 seconds
Number of updated asset objects reloaded before import = 0
Number of asset objects unloaded after import = 0
========================================================================
Received Prepare
Caller must complete domain reload
Begin MonoManager ReloadAssembly
- Loaded All Assemblies, in  0.890 seconds
Native extension for WindowsStandalone target not found
Native extension for WebGL target not found
Mono: successfully reloaded assembly
- Finished resetting the current domain, in  3.035 seconds
Domain Reload Profiling: 3918ms
	BeginReloadAssembly (262ms)
		ExecutionOrderSort (0ms)
		DisableScriptedObjects (10ms)
		BackupInstance (0ms)
		ReleaseScriptingObjects (0ms)
		CreateAndSetChildDomain (49ms)
	RebuildCommonClasses (67ms)
	RebuildNativeTypeToScriptingClass (21ms)
	initialDomainReloadingComplete (71ms)
	LoadAllAssembliesAndSetupDomain (460ms)
		LoadAssemblies (568ms)
		RebuildTransferFunctionScriptingTraits (0ms)
		AnalyzeDomain (46ms)
			TypeCache.Refresh (16ms)
				TypeCache.ScanAssembly (1ms)
			ScanForSourceGeneratedMonoScriptInfo (13ms)
			ResolveRequiredComponents (14ms)
	FinalizeReload (3037ms)
		ReleaseScriptCaches (0ms)
		RebuildScriptCaches (0ms)
		SetupLoadedEditorAssemblies (1468ms)
			LogAssemblyErrors (0ms)
			InitializePlatformSupportModulesInManaged (31ms)
			SetLoadedEditorAssemblies (11ms)
			RefreshPlugins (0ms)
			BeforeProcessingInitializeOnLoad (248ms)
			ProcessInitializeOnLoadAttributes (1044ms)
			ProcessInitializeOnLoadMethodAttributes (93ms)
			AfterProcessingInitializeOnLoad (40ms)
			EditorAssembliesLoaded (1ms)
		ExecutionOrderSort2 (0ms)
		AwakeInstancesAfterBackupRestoration (37ms)
Refreshing native plugins compatible for Editor in 19.05 ms, found 3 plugins.
Preloading 0 native plugins for Editor in 0.00 ms.
Unloading 3653 Unused Serialized files (Serialized files now loaded: 0)
Unloading 19 unused Assets / (31.2 KB). Loaded Objects now: 4370.
Memory consumption went from 138.9 MB to 138.9 MB.
Total: 9.675200 ms (FindLiveObjects: 0.609100 ms CreateObjectMapping: 0.473400 ms MarkObjects: 8.487500 ms  DeleteObjects: 0.102400 ms)

Prepare: number of updated asset objects reloaded= 0
AssetImportParameters requested are different than current active one (requested -> active):
  custom:container-demuxer-ogg: 62fdf1f143b41e24485cea50d1cbac27 -> 
  custom:video-codec-MediaFoundation-h265: 746d11721c4dcdbdad8f713fa42b33f4 -> 
  custom:video-decoder-ogg-theora: a1e56fd34408186e4bbccfd4996cb3dc -> 
  custom:framework-win-MediaFoundation: 216162199b28c13a410421893ffa2e32 -> 
  custom:CustomObjectIndexerAttribute: 9a22284fe3817be447336de3de66b15e -> 
  custom:container-demuxer-webm: 4f35f7cbe854078d1ac9338744f61a02 -> 
  custom:container-muxer-webm: aa71ff27fc2769a1b78a27578f13a17b -> 
  custom:video-decoder-webm-vp8: 9c59270c3fd7afecdb556c50c9e8de78 -> 
  custom:SearchIndexIgnoredProperties: e643bd26f0fe6173181afceb89e7c659 -> 
  custom:AudioImporter_EditorPlatform: d09bf68614088b80899f8185d706f6e7 -> 
  custom:video-encoder-webm-vp8: eb34c28f22e8b96e1ab97ce403110664 -> 
  custom:audio-decoder-ogg-vorbis: bf7c407c2cedff20999df2af8eb42d56 -> 
  custom:audio-encoder-webm-vorbis: bf7c407c2cedff20999df2af8eb42d56 -> 
  custom:scripting/monoscript/fileName/RAIKA.cs: 95fc2a643a49722f77f9c792c0cc5c1b -> 
  custom:scripting/precompiled-assembly-types:Assembly-CSharp: e6e36ef8f701c80fae0a3a3a1c122197 -> 8e4451fd7b8041e811e8b85aaf8b7e55
========================================================================
Received Import Request.
  Time since last request: 11.305154 seconds.
  path: Assets/Prefab/BirdManager.prefab
  artifactKey: Guid(0f6d999f434df934aa8b987747316a0a) Importer(815301076,1909f56bfc062723c751e8b465ee728b)
Start importing Assets/Prefab/BirdManager.prefab using Guid(0f6d999f434df934aa8b987747316a0a) Importer(815301076,1909f56bfc062723c751e8b465ee728b) [PhysX] Initialized MultithreadedTaskDispatcher with 8 workers.
 -> (artifact id: 'b281d4213140b358df94d22df1f813be') in 0.004131 seconds
Number of updated asset objects reloaded before import = 0
Number of asset objects unloaded after import = 0
========================================================================
Received Import Request.
  Time since last request: 0.000086 seconds.
  path: Assets/Prefab/GuruGuru.prefab
  artifactKey: Guid(cda246c0eac8f6b408a6a650a05bd6c8) Importer(815301076,1909f56bfc062723c751e8b465ee728b)
Start importing Assets/Prefab/GuruGuru.prefab using Guid(cda246c0eac8f6b408a6a650a05bd6c8) Importer(815301076,1909f56bfc062723c751e8b465ee728b) [PhysX] Initialized MultithreadedTaskDispatcher with 8 workers.
 -> (artifact id: '67cc68278185354b81153b768940fedf') in 0.001775 seconds
Number of updated asset objects reloaded before import = 0
Number of asset objects unloaded after import = 0
========================================================================
Received Import Request.
  Time since last request: 0.000033 seconds.
  path: Assets/Prefab/kusa1.prefab
  artifactKey: Guid(deb0d6b0c1a43b54791cc68445dadf5a) Importer(815301076,1909f56bfc062723c751e8b465ee728b)
Start importing Assets/Prefab/kusa1.prefab using Guid(deb0d6b0c1a43b54791cc68445dadf5a) Importer(815301076,1909f56bfc062723c751e8b465ee728b) [PhysX] Initialized MultithreadedTaskDispatcher with 8 workers.
 -> (artifact id: 'eec11d4f34564622f2d41d7cccfaec12') in 0.001359 seconds
Number of updated asset objects reloaded before import = 0
Number of asset objects unloaded after import = 0
========================================================================
Received Import Request.
  Time since last request: 0.000038 seconds.
  path: Assets/Prefab/kusa_back1.prefab
  artifactKey: Guid(abf2ababcb4c5914c92cf3a8913ea965) Importer(815301076,1909f56bfc062723c751e8b465ee728b)
Start importing Assets/Prefab/kusa_back1.prefab using Guid(abf2ababcb4c5914c92cf3a8913ea965) Importer(815301076,1909f56bfc062723c751e8b465ee728b) [PhysX] Initialized MultithreadedTaskDispatcher with 8 workers.
 -> (artifact id: 'aa50e41ec372435358f3179d1993a32d') in 0.001246 seconds
Number of updated asset objects reloaded before import = 0
Number of asset objects unloaded after import = 0
========================================================================
Received Import Request.
  Time since last request: 0.000059 seconds.
  path: Assets/Prefab/Item_inField.prefab
  artifactKey: Guid(297c6d67f3394ef4fae30b6050bc7e20) Importer(815301076,1909f56bfc062723c751e8b465ee728b)
Start importing Assets/Prefab/Item_inField.prefab using Guid(297c6d67f3394ef4fae30b6050bc7e20) Importer(815301076,1909f56bfc062723c751e8b465ee728b) [PhysX] Initialized MultithreadedTaskDispatcher with 8 workers.
 -> (artifact id: '4c7e505bde7a1ff862f7cc842ce1b2eb') in 0.001265 seconds
Number of updated asset objects reloaded before import = 0
Number of asset objects unloaded after import = 0
========================================================================
Received Import Request.
  Time since last request: 2.388030 seconds.
  path: Assets/Prefab/BirdManager.prefab
  artifactKey: Guid(0f6d999f434df934aa8b987747316a0a) Importer(815301076,1909f56bfc062723c751e8b465ee728b)
Start importing Assets/Prefab/BirdManager.prefab using Guid(0f6d999f434df934aa8b987747316a0a) Importer(815301076,1909f56bfc062723c751e8b465ee728b) [PhysX] Initialized MultithreadedTaskDispatcher with 8 workers.
 -> (artifact id: 'b281d4213140b358df94d22df1f813be') in 0.001252 seconds
Number of updated asset objects reloaded before import = 0
Number of asset objects unloaded after import = 0
========================================================================
Received Import Request.
  Time since last request: 0.000062 seconds.
  path: Assets/Prefab/ItemSlot.prefab
  artifactKey: Guid(f0515271b7a75164fb516c5f3d277572) Importer(815301076,1909f56bfc062723c751e8b465ee728b)
Start importing Assets/Prefab/ItemSlot.prefab using Guid(f0515271b7a75164fb516c5f3d277572) Importer(815301076,1909f56bfc062723c751e8b465ee728b) [PhysX] Initialized MultithreadedTaskDispatcher with 8 workers.
 -> (artifact id: 'a8de56198cc39d00715f88ffa48fba4d') in 0.001089 seconds
Number of updated asset objects reloaded before import = 0
Number of asset objects unloaded after import = 0
========================================================================
Received Import Request.
  Time since last request: 0.000093 seconds.
  path: Assets/Prefab/kusa_back1.prefab
  artifactKey: Guid(abf2ababcb4c5914c92cf3a8913ea965) Importer(815301076,1909f56bfc062723c751e8b465ee728b)
Start importing Assets/Prefab/kusa_back1.prefab using Guid(abf2ababcb4c5914c92cf3a8913ea965) Importer(815301076,1909f56bfc062723c751e8b465ee728b) [PhysX] Initialized MultithreadedTaskDispatcher with 8 workers.
 -> (artifact id: 'aa50e41ec372435358f3179d1993a32d') in 0.001173 seconds
Number of updated asset objects reloaded before import = 0
Number of asset objects unloaded after import = 0
========================================================================
Received Prepare
Caller must complete domain reload
Begin MonoManager ReloadAssembly
- Loaded All Assemblies, in  1.174 seconds
Native extension for WindowsStandalone target not found
Native extension for WebGL target not found
Mono: successfully reloaded assembly
- Finished resetting the current domain, in  3.448 seconds
Domain Reload Profiling: 4621ms
	BeginReloadAssembly (364ms)
		ExecutionOrderSort (0ms)
		DisableScriptedObjects (12ms)
		BackupInstance (0ms)
		ReleaseScriptingObjects (0ms)
		CreateAndSetChildDomain (59ms)
	RebuildCommonClasses (91ms)
	RebuildNativeTypeToScriptingClass (35ms)
	initialDomainReloadingComplete (89ms)
	LoadAllAssembliesAndSetupDomain (583ms)
		LoadAssemblies (763ms)
		RebuildTransferFunctionScriptingTraits (0ms)
		AnalyzeDomain (52ms)
			TypeCache.Refresh (22ms)
				TypeCache.ScanAssembly (2ms)
			ScanForSourceGeneratedMonoScriptInfo (15ms)
			ResolveRequiredComponents (12ms)
	FinalizeReload (3461ms)
		ReleaseScriptCaches (0ms)
		RebuildScriptCaches (0ms)
		SetupLoadedEditorAssemblies (1219ms)
			LogAssemblyErrors (0ms)
			InitializePlatformSupportModulesInManaged (36ms)
			SetLoadedEditorAssemblies (16ms)
			RefreshPlugins (0ms)
			BeforeProcessingInitializeOnLoad (279ms)
			ProcessInitializeOnLoadAttributes (794ms)
			ProcessInitializeOnLoadMethodAttributes (68ms)
			AfterProcessingInitializeOnLoad (26ms)
			EditorAssembliesLoaded (1ms)
		ExecutionOrderSort2 (0ms)
		AwakeInstancesAfterBackupRestoration (19ms)
Script is not up to date after domain reload: guid(dc60b72a7348f1c4caff9f6a48033a7f) path("Assets/Scripts/RAIKA.cs") state(2)
Refreshing native plugins compatible for Editor in 17.42 ms, found 3 plugins.
Preloading 0 native plugins for Editor in 0.00 ms.
Unloading 3652 Unused Serialized files (Serialized files now loaded: 0)
Unloading 19 unused Assets / (31.2 KB). Loaded Objects now: 4372.
Memory consumption went from 138.9 MB to 138.9 MB.
Total: 51.174900 ms (FindLiveObjects: 14.459700 ms CreateObjectMapping: 3.752700 ms MarkObjects: 32.691800 ms  DeleteObjects: 0.267900 ms)

Prepare: number of updated asset objects reloaded= 0
AssetImportParameters requested are different than current active one (requested -> active):
  custom:container-demuxer-ogg: 62fdf1f143b41e24485cea50d1cbac27 -> 
  custom:video-codec-MediaFoundation-h265: 746d11721c4dcdbdad8f713fa42b33f4 -> 
  custom:video-decoder-ogg-theora: a1e56fd34408186e4bbccfd4996cb3dc -> 
  custom:framework-win-MediaFoundation: 216162199b28c13a410421893ffa2e32 -> 
  custom:CustomObjectIndexerAttribute: 9a22284fe3817be447336de3de66b15e -> 
  custom:container-demuxer-webm: 4f35f7cbe854078d1ac9338744f61a02 -> 
  custom:container-muxer-webm: aa71ff27fc2769a1b78a27578f13a17b -> 
  custom:video-decoder-webm-vp8: 9c59270c3fd7afecdb556c50c9e8de78 -> 
  custom:SearchIndexIgnoredProperties: e643bd26f0fe6173181afceb89e7c659 -> 
  custom:AudioImporter_EditorPlatform: d09bf68614088b80899f8185d706f6e7 -> 
  custom:video-encoder-webm-vp8: eb34c28f22e8b96e1ab97ce403110664 -> 
  custom:audio-decoder-ogg-vorbis: bf7c407c2cedff20999df2af8eb42d56 -> 
  custom:audio-encoder-webm-vorbis: bf7c407c2cedff20999df2af8eb42d56 -> 
  custom:scripting/monoscript/fileName/RAIKA.cs: 95fc2a643a49722f77f9c792c0cc5c1b -> 
  custom:scripting/precompiled-assembly-types:Assembly-CSharp: e6e36ef8f701c80fae0a3a3a1c122197 -> 8e4451fd7b8041e811e8b85aaf8b7e55
========================================================================
Received Prepare
Caller must complete domain reload
Begin MonoManager ReloadAssembly
- Loaded All Assemblies, in  1.062 seconds
Native extension for WindowsStandalone target not found
Native extension for WebGL target not found
Mono: successfully reloaded assembly
- Finished resetting the current domain, in  3.012 seconds
Domain Reload Profiling: 4063ms
	BeginReloadAssembly (318ms)
		ExecutionOrderSort (0ms)
		DisableScriptedObjects (13ms)
		BackupInstance (0ms)
		ReleaseScriptingObjects (0ms)
		CreateAndSetChildDomain (61ms)
	RebuildCommonClasses (92ms)
	RebuildNativeTypeToScriptingClass (31ms)
	initialDomainReloadingComplete (90ms)
	LoadAllAssembliesAndSetupDomain (520ms)
		LoadAssemblies (652ms)
		RebuildTransferFunctionScriptingTraits (0ms)
		AnalyzeDomain (53ms)
			TypeCache.Refresh (18ms)
				TypeCache.ScanAssembly (2ms)
			ScanForSourceGeneratedMonoScriptInfo (17ms)
			ResolveRequiredComponents (14ms)
	FinalizeReload (3013ms)
		ReleaseScriptCaches (0ms)
		RebuildScriptCaches (0ms)
		SetupLoadedEditorAssemblies (1542ms)
			LogAssemblyErrors (0ms)
			InitializePlatformSupportModulesInManaged (26ms)
			SetLoadedEditorAssemblies (9ms)
			RefreshPlugins (0ms)
			BeforeProcessingInitializeOnLoad (191ms)
			ProcessInitializeOnLoadAttributes (1112ms)
			ProcessInitializeOnLoadMethodAttributes (169ms)
			AfterProcessingInitializeOnLoad (35ms)
			EditorAssembliesLoaded (0ms)
		ExecutionOrderSort2 (0ms)
		AwakeInstancesAfterBackupRestoration (20ms)
Refreshing native plugins compatible for Editor in 11.15 ms, found 3 plugins.
Preloading 0 native plugins for Editor in 0.00 ms.
Unloading 3654 Unused Serialized files (Serialized files now loaded: 0)
Unloading 19 unused Assets / (31.1 KB). Loaded Objects now: 4376.
Memory consumption went from 139.2 MB to 139.1 MB.
Total: 6.282100 ms (FindLiveObjects: 0.422000 ms CreateObjectMapping: 0.349100 ms MarkObjects: 5.432100 ms  DeleteObjects: 0.077600 ms)

Prepare: number of updated asset objects reloaded= 0
AssetImportParameters requested are different than current active one (requested -> active):
  custom:container-demuxer-ogg: 62fdf1f143b41e24485cea50d1cbac27 -> 
  custom:video-codec-MediaFoundation-h265: 746d11721c4dcdbdad8f713fa42b33f4 -> 
  custom:video-decoder-ogg-theora: a1e56fd34408186e4bbccfd4996cb3dc -> 
  custom:framework-win-MediaFoundation: 216162199b28c13a410421893ffa2e32 -> 
  custom:CustomObjectIndexerAttribute: 9a22284fe3817be447336de3de66b15e -> 
  custom:container-demuxer-webm: 4f35f7cbe854078d1ac9338744f61a02 -> 
  custom:container-muxer-webm: aa71ff27fc2769a1b78a27578f13a17b -> 
  custom:video-decoder-webm-vp8: 9c59270c3fd7afecdb556c50c9e8de78 -> 
  custom:SearchIndexIgnoredProperties: e643bd26f0fe6173181afceb89e7c659 -> 
  custom:AudioImporter_EditorPlatform: d09bf68614088b80899f8185d706f6e7 -> 
  custom:video-encoder-webm-vp8: eb34c28f22e8b96e1ab97ce403110664 -> 
  custom:audio-decoder-ogg-vorbis: bf7c407c2cedff20999df2af8eb42d56 -> 
  custom:audio-encoder-webm-vorbis: bf7c407c2cedff20999df2af8eb42d56 -> 
  custom:scripting/monoscript/fileName/RAIKA.cs: 95fc2a643a49722f77f9c792c0cc5c1b -> 
  custom:scripting/precompiled-assembly-types:Assembly-CSharp: e6e36ef8f701c80fae0a3a3a1c122197 -> 8e4451fd7b8041e811e8b85aaf8b7e55
========================================================================
Received Import Request.
  Time since last request: 23.098427 seconds.
  path: Assets/Prefab/BirdManager.prefab
  artifactKey: Guid(0f6d999f434df934aa8b987747316a0a) Importer(815301076,1909f56bfc062723c751e8b465ee728b)
Start importing Assets/Prefab/BirdManager.prefab using Guid(0f6d999f434df934aa8b987747316a0a) Importer(815301076,1909f56bfc062723c751e8b465ee728b) [PhysX] Initialized MultithreadedTaskDispatcher with 8 workers.
 -> (artifact id: 'b281d4213140b358df94d22df1f813be') in 0.002700 seconds
Number of updated asset objects reloaded before import = 0
Number of asset objects unloaded after import = 0
========================================================================
Received Import Request.
  Time since last request: 0.000039 seconds.
  path: Assets/Prefab/GuruGuru.prefab
  artifactKey: Guid(cda246c0eac8f6b408a6a650a05bd6c8) Importer(815301076,1909f56bfc062723c751e8b465ee728b)
Start importing Assets/Prefab/GuruGuru.prefab using Guid(cda246c0eac8f6b408a6a650a05bd6c8) Importer(815301076,1909f56bfc062723c751e8b465ee728b) [PhysX] Initialized MultithreadedTaskDispatcher with 8 workers.
 -> (artifact id: '67cc68278185354b81153b768940fedf') in 0.001941 seconds
Number of updated asset objects reloaded before import = 0
Number of asset objects unloaded after import = 0
========================================================================
Received Import Request.
  Time since last request: 0.000028 seconds.
  path: Assets/Prefab/ItemSlot.prefab
  artifactKey: Guid(f0515271b7a75164fb516c5f3d277572) Importer(815301076,1909f56bfc062723c751e8b465ee728b)
Start importing Assets/Prefab/ItemSlot.prefab using Guid(f0515271b7a75164fb516c5f3d277572) Importer(815301076,1909f56bfc062723c751e8b465ee728b) [PhysX] Initialized MultithreadedTaskDispatcher with 8 workers.
 -> (artifact id: 'a8de56198cc39d00715f88ffa48fba4d') in 0.001695 seconds
Number of updated asset objects reloaded before import = 0
Number of asset objects unloaded after import = 0
========================================================================
Received Import Request.
  Time since last request: 0.000032 seconds.
  path: Assets/Prefab/kusa1.prefab
  artifactKey: Guid(deb0d6b0c1a43b54791cc68445dadf5a) Importer(815301076,1909f56bfc062723c751e8b465ee728b)
Start importing Assets/Prefab/kusa1.prefab using Guid(deb0d6b0c1a43b54791cc68445dadf5a) Importer(815301076,1909f56bfc062723c751e8b465ee728b) [PhysX] Initialized MultithreadedTaskDispatcher with 8 workers.
 -> (artifact id: 'eec11d4f34564622f2d41d7cccfaec12') in 0.000856 seconds
Number of updated asset objects reloaded before import = 0
Number of asset objects unloaded after import = 0
========================================================================
Received Import Request.
  Time since last request: 0.000043 seconds.
  path: Assets/Prefab/kusa_back1.prefab
  artifactKey: Guid(abf2ababcb4c5914c92cf3a8913ea965) Importer(815301076,1909f56bfc062723c751e8b465ee728b)
Start importing Assets/Prefab/kusa_back1.prefab using Guid(abf2ababcb4c5914c92cf3a8913ea965) Importer(815301076,1909f56bfc062723c751e8b465ee728b) [PhysX] Initialized MultithreadedTaskDispatcher with 8 workers.
 -> (artifact id: 'aa50e41ec372435358f3179d1993a32d') in 0.000933 seconds
Number of updated asset objects reloaded before import = 0
Number of asset objects unloaded after import = 0
========================================================================
Received Import Request.
  Time since last request: 0.000029 seconds.
  path: Assets/Prefab/Item_inField.prefab
  artifactKey: Guid(297c6d67f3394ef4fae30b6050bc7e20) Importer(815301076,1909f56bfc062723c751e8b465ee728b)
Start importing Assets/Prefab/Item_inField.prefab using Guid(297c6d67f3394ef4fae30b6050bc7e20) Importer(815301076,1909f56bfc062723c751e8b465ee728b) [PhysX] Initialized MultithreadedTaskDispatcher with 8 workers.
 -> (artifact id: '4c7e505bde7a1ff862f7cc842ce1b2eb') in 0.000884 seconds
Number of updated asset objects reloaded before import = 0
Number of asset objects unloaded after import = 0
========================================================================
Received Import Request.
  Time since last request: 0.000027 seconds.
  path: Assets/Prefab/SoundManager.prefab
  artifactKey: Guid(637cabff38eaaae489c5d0d1718ed740) Importer(815301076,1909f56bfc062723c751e8b465ee728b)
Start importing Assets/Prefab/SoundManager.prefab using Guid(637cabff38eaaae489c5d0d1718ed740) Importer(815301076,1909f56bfc062723c751e8b465ee728b) [PhysX] Initialized MultithreadedTaskDispatcher with 8 workers.
 -> (artifact id: 'dfa69d50ddb0ac9087fa386e2dc6a1a7') in 0.000825 seconds
Number of updated asset objects reloaded before import = 0
Number of asset objects unloaded after import = 0
========================================================================
Received Prepare
Caller must complete domain reload
Begin MonoManager ReloadAssembly
- Loaded All Assemblies, in  1.130 seconds
Native extension for WindowsStandalone target not found
Native extension for WebGL target not found
Mono: successfully reloaded assembly
- Finished resetting the current domain, in  2.548 seconds
Domain Reload Profiling: 3668ms
	BeginReloadAssembly (365ms)
		ExecutionOrderSort (0ms)
		DisableScriptedObjects (14ms)
		BackupInstance (0ms)
		ReleaseScriptingObjects (0ms)
		CreateAndSetChildDomain (60ms)
	RebuildCommonClasses (87ms)
	RebuildNativeTypeToScriptingClass (44ms)
	initialDomainReloadingComplete (79ms)
	LoadAllAssembliesAndSetupDomain (543ms)
		LoadAssemblies (716ms)
		RebuildTransferFunctionScriptingTraits (0ms)
		AnalyzeDomain (52ms)
			TypeCache.Refresh (19ms)
				TypeCache.ScanAssembly (2ms)
			ScanForSourceGeneratedMonoScriptInfo (17ms)
			ResolveRequiredComponents (13ms)
	FinalizeReload (2550ms)
		ReleaseScriptCaches (0ms)
		RebuildScriptCaches (0ms)
		SetupLoadedEditorAssemblies (1138ms)
			LogAssemblyErrors (0ms)
			InitializePlatformSupportModulesInManaged (24ms)
			SetLoadedEditorAssemblies (9ms)
			RefreshPlugins (0ms)
			BeforeProcessingInitializeOnLoad (204ms)
			ProcessInitializeOnLoadAttributes (786ms)
			ProcessInitializeOnLoadMethodAttributes (84ms)
			AfterProcessingInitializeOnLoad (29ms)
			EditorAssembliesLoaded (0ms)
		ExecutionOrderSort2 (0ms)
		AwakeInstancesAfterBackupRestoration (22ms)
Refreshing native plugins compatible for Editor in 15.83 ms, found 3 plugins.
Preloading 0 native plugins for Editor in 0.00 ms.
Unloading 3653 Unused Serialized files (Serialized files now loaded: 0)
Unloading 19 unused Assets / (31.2 KB). Loaded Objects now: 4379.
Memory consumption went from 138.9 MB to 138.9 MB.
Total: 10.836100 ms (FindLiveObjects: 1.204300 ms CreateObjectMapping: 0.905400 ms MarkObjects: 8.625800 ms  DeleteObjects: 0.098400 ms)

Prepare: number of updated asset objects reloaded= 0
AssetImportParameters requested are different than current active one (requested -> active):
  custom:container-demuxer-ogg: 62fdf1f143b41e24485cea50d1cbac27 -> 
  custom:video-codec-MediaFoundation-h265: 746d11721c4dcdbdad8f713fa42b33f4 -> 
  custom:video-decoder-ogg-theora: a1e56fd34408186e4bbccfd4996cb3dc -> 
  custom:framework-win-MediaFoundation: 216162199b28c13a410421893ffa2e32 -> 
  custom:CustomObjectIndexerAttribute: 9a22284fe3817be447336de3de66b15e -> 
  custom:container-demuxer-webm: 4f35f7cbe854078d1ac9338744f61a02 -> 
  custom:container-muxer-webm: aa71ff27fc2769a1b78a27578f13a17b -> 
  custom:video-decoder-webm-vp8: 9c59270c3fd7afecdb556c50c9e8de78 -> 
  custom:SearchIndexIgnoredProperties: e643bd26f0fe6173181afceb89e7c659 -> 
  custom:AudioImporter_EditorPlatform: d09bf68614088b80899f8185d706f6e7 -> 
  custom:video-encoder-webm-vp8: eb34c28f22e8b96e1ab97ce403110664 -> 
  custom:audio-decoder-ogg-vorbis: bf7c407c2cedff20999df2af8eb42d56 -> 
  custom:audio-encoder-webm-vorbis: bf7c407c2cedff20999df2af8eb42d56 -> 
  custom:scripting/monoscript/fileName/RAIKA.cs: 95fc2a643a49722f77f9c792c0cc5c1b -> 
  custom:scripting/precompiled-assembly-types:Assembly-CSharp: e6e36ef8f701c80fae0a3a3a1c122197 -> 8e4451fd7b8041e811e8b85aaf8b7e55
========================================================================
Received Import Request.
  Time since last request: 35.491772 seconds.
  path: Assets/Prefab/BirdManager.prefab
  artifactKey: Guid(0f6d999f434df934aa8b987747316a0a) Importer(815301076,1909f56bfc062723c751e8b465ee728b)
Start importing Assets/Prefab/BirdManager.prefab using Guid(0f6d999f434df934aa8b987747316a0a) Importer(815301076,1909f56bfc062723c751e8b465ee728b) [PhysX] Initialized MultithreadedTaskDispatcher with 8 workers.
 -> (artifact id: 'b281d4213140b358df94d22df1f813be') in 0.005122 seconds
Number of updated asset objects reloaded before import = 0
Number of asset objects unloaded after import = 0
========================================================================
Received Import Request.
  Time since last request: 0.000027 seconds.
  path: Assets/Prefab/kusa_back1.prefab
  artifactKey: Guid(abf2ababcb4c5914c92cf3a8913ea965) Importer(815301076,1909f56bfc062723c751e8b465ee728b)
Start importing Assets/Prefab/kusa_back1.prefab using Guid(abf2ababcb4c5914c92cf3a8913ea965) Importer(815301076,1909f56bfc062723c751e8b465ee728b) [PhysX] Initialized MultithreadedTaskDispatcher with 8 workers.
 -> (artifact id: 'aa50e41ec372435358f3179d1993a32d') in 0.001180 seconds
Number of updated asset objects reloaded before import = 0
Number of asset objects unloaded after import = 0
========================================================================
Received Import Request.
  Time since last request: 0.000060 seconds.
  path: Assets/Prefab/SoundManager.prefab
  artifactKey: Guid(637cabff38eaaae489c5d0d1718ed740) Importer(815301076,1909f56bfc062723c751e8b465ee728b)
Start importing Assets/Prefab/SoundManager.prefab using Guid(637cabff38eaaae489c5d0d1718ed740) Importer(815301076,1909f56bfc062723c751e8b465ee728b) [PhysX] Initialized MultithreadedTaskDispatcher with 8 workers.
 -> (artifact id: 'dfa69d50ddb0ac9087fa386e2dc6a1a7') in 0.000753 seconds
Number of updated asset objects reloaded before import = 0
Number of asset objects unloaded after import = 0
========================================================================
Received Import Request.
  Time since last request: 65.227444 seconds.
  path: Assets/Prefab/BirdManager.prefab
  artifactKey: Guid(0f6d999f434df934aa8b987747316a0a) Importer(815301076,1909f56bfc062723c751e8b465ee728b)
Start importing Assets/Prefab/BirdManager.prefab using Guid(0f6d999f434df934aa8b987747316a0a) Importer(815301076,1909f56bfc062723c751e8b465ee728b) [PhysX] Initialized MultithreadedTaskDispatcher with 8 workers.
 -> (artifact id: 'b281d4213140b358df94d22df1f813be') in 0.001303 seconds
Number of updated asset objects reloaded before import = 0
Number of asset objects unloaded after import = 0
========================================================================
Received Import Request.
  Time since last request: 0.000058 seconds.
  path: Assets/Prefab/kusa1.prefab
  artifactKey: Guid(deb0d6b0c1a43b54791cc68445dadf5a) Importer(815301076,1909f56bfc062723c751e8b465ee728b)
Start importing Assets/Prefab/kusa1.prefab using Guid(deb0d6b0c1a43b54791cc68445dadf5a) Importer(815301076,1909f56bfc062723c751e8b465ee728b) [PhysX] Initialized MultithreadedTaskDispatcher with 8 workers.
 -> (artifact id: 'eec11d4f34564622f2d41d7cccfaec12') in 0.000791 seconds
Number of updated asset objects reloaded before import = 0
Number of asset objects unloaded after import = 0
========================================================================
Received Import Request.
  Time since last request: 0.000083 seconds.
  path: Assets/Prefab/kusa_back1.prefab
  artifactKey: Guid(abf2ababcb4c5914c92cf3a8913ea965) Importer(815301076,1909f56bfc062723c751e8b465ee728b)
Start importing Assets/Prefab/kusa_back1.prefab using Guid(abf2ababcb4c5914c92cf3a8913ea965) Importer(815301076,1909f56bfc062723c751e8b465ee728b) [PhysX] Initialized MultithreadedTaskDispatcher with 8 workers.
 -> (artifact id: 'aa50e41ec372435358f3179d1993a32d') in 0.000835 seconds
Number of updated asset objects reloaded before import = 0
Number of asset objects unloaded after import = 0
========================================================================
Received Prepare
Caller must complete domain reload
Begin MonoManager ReloadAssembly
- Loaded All Assemblies, in  0.816 seconds
Native extension for WindowsStandalone target not found
Native extension for WebGL target not found
Mono: successfully reloaded assembly
- Finished resetting the current domain, in  2.719 seconds
Domain Reload Profiling: 3528ms
	BeginReloadAssembly (244ms)
		ExecutionOrderSort (0ms)
		DisableScriptedObjects (6ms)
		BackupInstance (0ms)
		ReleaseScriptingObjects (0ms)
		CreateAndSetChildDomain (53ms)
	RebuildCommonClasses (52ms)
	RebuildNativeTypeToScriptingClass (24ms)
	initialDomainReloadingComplete (63ms)
	LoadAllAssembliesAndSetupDomain (424ms)
		LoadAssemblies (520ms)
		RebuildTransferFunctionScriptingTraits (0ms)
		AnalyzeDomain (45ms)
			TypeCache.Refresh (18ms)
				TypeCache.ScanAssembly (2ms)
			ScanForSourceGeneratedMonoScriptInfo (16ms)
			ResolveRequiredComponents (8ms)
	FinalizeReload (2720ms)
		ReleaseScriptCaches (0ms)
		RebuildScriptCaches (0ms)
		SetupLoadedEditorAssemblies (1222ms)
			LogAssemblyErrors (0ms)
			InitializePlatformSupportModulesInManaged (24ms)
			SetLoadedEditorAssemblies (8ms)
			RefreshPlugins (0ms)
			BeforeProcessingInitializeOnLoad (193ms)
			ProcessInitializeOnLoadAttributes (864ms)
			ProcessInitializeOnLoadMethodAttributes (95ms)
			AfterProcessingInitializeOnLoad (36ms)
			EditorAssembliesLoaded (1ms)
		ExecutionOrderSort2 (1ms)
		AwakeInstancesAfterBackupRestoration (22ms)
Refreshing native plugins compatible for Editor in 36.69 ms, found 3 plugins.
Preloading 0 native plugins for Editor in 0.00 ms.
Unloading 3653 Unused Serialized files (Serialized files now loaded: 0)
Unloading 19 unused Assets / (31.2 KB). Loaded Objects now: 4382.
Memory consumption went from 138.9 MB to 138.9 MB.
Total: 7.923000 ms (FindLiveObjects: 0.679700 ms CreateObjectMapping: 0.515400 ms MarkObjects: 6.635300 ms  DeleteObjects: 0.091100 ms)

Prepare: number of updated asset objects reloaded= 0
AssetImportParameters requested are different than current active one (requested -> active):
  custom:container-demuxer-ogg: 62fdf1f143b41e24485cea50d1cbac27 -> 
  custom:video-codec-MediaFoundation-h265: 746d11721c4dcdbdad8f713fa42b33f4 -> 
  custom:video-decoder-ogg-theora: a1e56fd34408186e4bbccfd4996cb3dc -> 
  custom:framework-win-MediaFoundation: 216162199b28c13a410421893ffa2e32 -> 
  custom:CustomObjectIndexerAttribute: 9a22284fe3817be447336de3de66b15e -> 
  custom:container-demuxer-webm: 4f35f7cbe854078d1ac9338744f61a02 -> 
  custom:container-muxer-webm: aa71ff27fc2769a1b78a27578f13a17b -> 
  custom:video-decoder-webm-vp8: 9c59270c3fd7afecdb556c50c9e8de78 -> 
  custom:SearchIndexIgnoredProperties: e643bd26f0fe6173181afceb89e7c659 -> 
  custom:AudioImporter_EditorPlatform: d09bf68614088b80899f8185d706f6e7 -> 
  custom:video-encoder-webm-vp8: eb34c28f22e8b96e1ab97ce403110664 -> 
  custom:audio-decoder-ogg-vorbis: bf7c407c2cedff20999df2af8eb42d56 -> 
  custom:audio-encoder-webm-vorbis: bf7c407c2cedff20999df2af8eb42d56 -> 
  custom:scripting/monoscript/fileName/RAIKA.cs: 95fc2a643a49722f77f9c792c0cc5c1b -> 
  custom:scripting/precompiled-assembly-types:Assembly-CSharp: e6e36ef8f701c80fae0a3a3a1c122197 -> 8e4451fd7b8041e811e8b85aaf8b7e55
========================================================================
Received Import Request.
  Time since last request: 13.336913 seconds.
  path: Assets/Prefab/BirdManager.prefab
  artifactKey: Guid(0f6d999f434df934aa8b987747316a0a) Importer(815301076,1909f56bfc062723c751e8b465ee728b)
Start importing Assets/Prefab/BirdManager.prefab using Guid(0f6d999f434df934aa8b987747316a0a) Importer(815301076,1909f56bfc062723c751e8b465ee728b) [PhysX] Initialized MultithreadedTaskDispatcher with 8 workers.
 -> (artifact id: 'b281d4213140b358df94d22df1f813be') in 0.005062 seconds
Number of updated asset objects reloaded before import = 0
Number of asset objects unloaded after import = 0
========================================================================
Received Import Request.
  Time since last request: 0.000031 seconds.
  path: Assets/Prefab/kusa_back1.prefab
  artifactKey: Guid(abf2ababcb4c5914c92cf3a8913ea965) Importer(815301076,1909f56bfc062723c751e8b465ee728b)
Start importing Assets/Prefab/kusa_back1.prefab using Guid(abf2ababcb4c5914c92cf3a8913ea965) Importer(815301076,1909f56bfc062723c751e8b465ee728b) [PhysX] Initialized MultithreadedTaskDispatcher with 8 workers.
 -> (artifact id: 'aa50e41ec372435358f3179d1993a32d') in 0.001424 seconds
Number of updated asset objects reloaded before import = 0
Number of asset objects unloaded after import = 0
========================================================================
Received Import Request.
  Time since last request: 0.000028 seconds.
  path: Assets/Prefab/SoundManager.prefab
  artifactKey: Guid(637cabff38eaaae489c5d0d1718ed740) Importer(815301076,1909f56bfc062723c751e8b465ee728b)
Start importing Assets/Prefab/SoundManager.prefab using Guid(637cabff38eaaae489c5d0d1718ed740) Importer(815301076,1909f56bfc062723c751e8b465ee728b) [PhysX] Initialized MultithreadedTaskDispatcher with 8 workers.
 -> (artifact id: 'dfa69d50ddb0ac9087fa386e2dc6a1a7') in 0.001250 seconds
Number of updated asset objects reloaded before import = 0
Number of asset objects unloaded after import = 0
========================================================================
Received Prepare
Caller must complete domain reload
Begin MonoManager ReloadAssembly
- Loaded All Assemblies, in  0.918 seconds
Native extension for WindowsStandalone target not found
Native extension for WebGL target not found
Mono: successfully reloaded assembly
- Finished resetting the current domain, in  2.683 seconds
Domain Reload Profiling: 3590ms
	BeginReloadAssembly (274ms)
		ExecutionOrderSort (0ms)
		DisableScriptedObjects (8ms)
		BackupInstance (0ms)
		ReleaseScriptingObjects (0ms)
		CreateAndSetChildDomain (45ms)
	RebuildCommonClasses (74ms)
	RebuildNativeTypeToScriptingClass (26ms)
	initialDomainReloadingComplete (80ms)
	LoadAllAssembliesAndSetupDomain (452ms)
		LoadAssemblies (570ms)
		RebuildTransferFunctionScriptingTraits (0ms)
		AnalyzeDomain (51ms)
			TypeCache.Refresh (18ms)
				TypeCache.ScanAssembly (2ms)
			ScanForSourceGeneratedMonoScriptInfo (17ms)
			ResolveRequiredComponents (13ms)
	FinalizeReload (2684ms)
		ReleaseScriptCaches (0ms)
		RebuildScriptCaches (0ms)
		SetupLoadedEditorAssemblies (1288ms)
			LogAssemblyErrors (0ms)
			InitializePlatformSupportModulesInManaged (23ms)
			SetLoadedEditorAssemblies (8ms)
			RefreshPlugins (0ms)
			BeforeProcessingInitializeOnLoad (194ms)
			ProcessInitializeOnLoadAttributes (932ms)
			ProcessInitializeOnLoadMethodAttributes (97ms)
			AfterProcessingInitializeOnLoad (34ms)
			EditorAssembliesLoaded (1ms)
		ExecutionOrderSort2 (0ms)
		AwakeInstancesAfterBackupRestoration (19ms)
Refreshing native plugins compatible for Editor in 14.53 ms, found 3 plugins.
Preloading 0 native plugins for Editor in 0.00 ms.
Unloading 3653 Unused Serialized files (Serialized files now loaded: 0)
Unloading 19 unused Assets / (31.2 KB). Loaded Objects now: 4385.
Memory consumption went from 138.9 MB to 138.9 MB.
Total: 8.304400 ms (FindLiveObjects: 0.491400 ms CreateObjectMapping: 0.420900 ms MarkObjects: 7.263300 ms  DeleteObjects: 0.126400 ms)

Prepare: number of updated asset objects reloaded= 0
AssetImportParameters requested are different than current active one (requested -> active):
  custom:container-demuxer-ogg: 62fdf1f143b41e24485cea50d1cbac27 -> 
  custom:video-codec-MediaFoundation-h265: 746d11721c4dcdbdad8f713fa42b33f4 -> 
  custom:video-decoder-ogg-theora: a1e56fd34408186e4bbccfd4996cb3dc -> 
  custom:framework-win-MediaFoundation: 216162199b28c13a410421893ffa2e32 -> 
  custom:CustomObjectIndexerAttribute: 9a22284fe3817be447336de3de66b15e -> 
  custom:container-demuxer-webm: 4f35f7cbe854078d1ac9338744f61a02 -> 
  custom:container-muxer-webm: aa71ff27fc2769a1b78a27578f13a17b -> 
  custom:video-decoder-webm-vp8: 9c59270c3fd7afecdb556c50c9e8de78 -> 
  custom:SearchIndexIgnoredProperties: e643bd26f0fe6173181afceb89e7c659 -> 
  custom:AudioImporter_EditorPlatform: d09bf68614088b80899f8185d706f6e7 -> 
  custom:video-encoder-webm-vp8: eb34c28f22e8b96e1ab97ce403110664 -> 
  custom:audio-decoder-ogg-vorbis: bf7c407c2cedff20999df2af8eb42d56 -> 
  custom:audio-encoder-webm-vorbis: bf7c407c2cedff20999df2af8eb42d56 -> 
  custom:scripting/monoscript/fileName/RAIKA.cs: 95fc2a643a49722f77f9c792c0cc5c1b -> 
  custom:scripting/precompiled-assembly-types:Assembly-CSharp: e6e36ef8f701c80fae0a3a3a1c122197 -> 8e4451fd7b8041e811e8b85aaf8b7e55
========================================================================
Received Import Request.
  Time since last request: 19.777905 seconds.
  path: Assets/Prefab/BirdManager.prefab
  artifactKey: Guid(0f6d999f434df934aa8b987747316a0a) Importer(815301076,1909f56bfc062723c751e8b465ee728b)
Start importing Assets/Prefab/BirdManager.prefab using Guid(0f6d999f434df934aa8b987747316a0a) Importer(815301076,1909f56bfc062723c751e8b465ee728b) [PhysX] Initialized MultithreadedTaskDispatcher with 8 workers.
 -> (artifact id: 'b281d4213140b358df94d22df1f813be') in 0.005154 seconds
Number of updated asset objects reloaded before import = 0
Number of asset objects unloaded after import = 0
========================================================================
Received Import Request.
  Time since last request: 0.000027 seconds.
  path: Assets/Prefab/kusa_back1.prefab
  artifactKey: Guid(abf2ababcb4c5914c92cf3a8913ea965) Importer(815301076,1909f56bfc062723c751e8b465ee728b)
Start importing Assets/Prefab/kusa_back1.prefab using Guid(abf2ababcb4c5914c92cf3a8913ea965) Importer(815301076,1909f56bfc062723c751e8b465ee728b) [PhysX] Initialized MultithreadedTaskDispatcher with 8 workers.
 -> (artifact id: 'aa50e41ec372435358f3179d1993a32d') in 0.000828 seconds
Number of updated asset objects reloaded before import = 0
Number of asset objects unloaded after import = 0
========================================================================
Received Import Request.
  Time since last request: 0.000024 seconds.
  path: Assets/Prefab/SoundManager.prefab
  artifactKey: Guid(637cabff38eaaae489c5d0d1718ed740) Importer(815301076,1909f56bfc062723c751e8b465ee728b)
Start importing Assets/Prefab/SoundManager.prefab using Guid(637cabff38eaaae489c5d0d1718ed740) Importer(815301076,1909f56bfc062723c751e8b465ee728b) [PhysX] Initialized MultithreadedTaskDispatcher with 8 workers.
 -> (artifact id: 'dfa69d50ddb0ac9087fa386e2dc6a1a7') in 0.001936 seconds
Number of updated asset objects reloaded before import = 0
Number of asset objects unloaded after import = 0
========================================================================
Received Prepare
Caller must complete domain reload
Begin MonoManager ReloadAssembly
- Loaded All Assemblies, in  0.927 seconds
Native extension for WindowsStandalone target not found
Native extension for WebGL target not found
Mono: successfully reloaded assembly
- Finished resetting the current domain, in  2.476 seconds
Domain Reload Profiling: 3395ms
	BeginReloadAssembly (272ms)
		ExecutionOrderSort (0ms)
		DisableScriptedObjects (9ms)
		BackupInstance (0ms)
		ReleaseScriptingObjects (0ms)
		CreateAndSetChildDomain (46ms)
	RebuildCommonClasses (73ms)
	RebuildNativeTypeToScriptingClass (29ms)
	initialDomainReloadingComplete (73ms)
	LoadAllAssembliesAndSetupDomain (470ms)
		LoadAssemblies (585ms)
		RebuildTransferFunctionScriptingTraits (0ms)
		AnalyzeDomain (51ms)
			TypeCache.Refresh (20ms)
				TypeCache.ScanAssembly (2ms)
			ScanForSourceGeneratedMonoScriptInfo (17ms)
			ResolveRequiredComponents (11ms)
	FinalizeReload (2477ms)
		ReleaseScriptCaches (0ms)
		RebuildScriptCaches (0ms)
		SetupLoadedEditorAssemblies (1144ms)
			LogAssemblyErrors (0ms)
			InitializePlatformSupportModulesInManaged (23ms)
			SetLoadedEditorAssemblies (7ms)
			RefreshPlugins (0ms)
			BeforeProcessingInitializeOnLoad (193ms)
			ProcessInitializeOnLoadAttributes (817ms)
			ProcessInitializeOnLoadMethodAttributes (78ms)
			AfterProcessingInitializeOnLoad (25ms)
			EditorAssembliesLoaded (1ms)
		ExecutionOrderSort2 (0ms)
		AwakeInstancesAfterBackupRestoration (16ms)
Refreshing native plugins compatible for Editor in 10.14 ms, found 3 plugins.
Preloading 0 native plugins for Editor in 0.00 ms.
Unloading 3653 Unused Serialized files (Serialized files now loaded: 0)
Unloading 19 unused Assets / (31.1 KB). Loaded Objects now: 4388.
Memory consumption went from 138.9 MB to 138.9 MB.
Total: 6.371700 ms (FindLiveObjects: 0.524100 ms CreateObjectMapping: 0.438200 ms MarkObjects: 5.322400 ms  DeleteObjects: 0.085200 ms)

Prepare: number of updated asset objects reloaded= 0
AssetImportParameters requested are different than current active one (requested -> active):
  custom:container-demuxer-ogg: 62fdf1f143b41e24485cea50d1cbac27 -> 
  custom:video-codec-MediaFoundation-h265: 746d11721c4dcdbdad8f713fa42b33f4 -> 
  custom:video-decoder-ogg-theora: a1e56fd34408186e4bbccfd4996cb3dc -> 
  custom:framework-win-MediaFoundation: 216162199b28c13a410421893ffa2e32 -> 
  custom:CustomObjectIndexerAttribute: 9a22284fe3817be447336de3de66b15e -> 
  custom:container-demuxer-webm: 4f35f7cbe854078d1ac9338744f61a02 -> 
  custom:container-muxer-webm: aa71ff27fc2769a1b78a27578f13a17b -> 
  custom:video-decoder-webm-vp8: 9c59270c3fd7afecdb556c50c9e8de78 -> 
  custom:SearchIndexIgnoredProperties: e643bd26f0fe6173181afceb89e7c659 -> 
  custom:AudioImporter_EditorPlatform: d09bf68614088b80899f8185d706f6e7 -> 
  custom:video-encoder-webm-vp8: eb34c28f22e8b96e1ab97ce403110664 -> 
  custom:audio-decoder-ogg-vorbis: bf7c407c2cedff20999df2af8eb42d56 -> 
  custom:audio-encoder-webm-vorbis: bf7c407c2cedff20999df2af8eb42d56 -> 
  custom:scripting/monoscript/fileName/RAIKA.cs: 95fc2a643a49722f77f9c792c0cc5c1b -> 
  custom:scripting/precompiled-assembly-types:Assembly-CSharp: e6e36ef8f701c80fae0a3a3a1c122197 -> 8e4451fd7b8041e811e8b85aaf8b7e55
========================================================================
Received Import Request.
  Time since last request: 9.856311 seconds.
  path: Assets/Prefab/SoundManager.prefab
  artifactKey: Guid(637cabff38eaaae489c5d0d1718ed740) Importer(815301076,1909f56bfc062723c751e8b465ee728b)
Start importing Assets/Prefab/SoundManager.prefab using Guid(637cabff38eaaae489c5d0d1718ed740) Importer(815301076,1909f56bfc062723c751e8b465ee728b) [PhysX] Initialized MultithreadedTaskDispatcher with 8 workers.
 -> (artifact id: 'dfa69d50ddb0ac9087fa386e2dc6a1a7') in 0.004824 seconds
Number of updated asset objects reloaded before import = 0
Number of asset objects unloaded after import = 0
========================================================================
Received Import Request.
  Time since last request: 13.685206 seconds.
  path: Assets/Prefab/BirdManager.prefab
  artifactKey: Guid(0f6d999f434df934aa8b987747316a0a) Importer(815301076,1909f56bfc062723c751e8b465ee728b)
Start importing Assets/Prefab/BirdManager.prefab using Guid(0f6d999f434df934aa8b987747316a0a) Importer(815301076,1909f56bfc062723c751e8b465ee728b) [PhysX] Initialized MultithreadedTaskDispatcher with 8 workers.
 -> (artifact id: 'b281d4213140b358df94d22df1f813be') in 0.001292 seconds
Number of updated asset objects reloaded before import = 0
Number of asset objects unloaded after import = 0
========================================================================
Received Import Request.
  Time since last request: 0.000051 seconds.
  path: Assets/Prefab/ItemSlot.prefab
  artifactKey: Guid(f0515271b7a75164fb516c5f3d277572) Importer(815301076,1909f56bfc062723c751e8b465ee728b)
Start importing Assets/Prefab/ItemSlot.prefab using Guid(f0515271b7a75164fb516c5f3d277572) Importer(815301076,1909f56bfc062723c751e8b465ee728b) [PhysX] Initialized MultithreadedTaskDispatcher with 8 workers.
 -> (artifact id: 'a8de56198cc39d00715f88ffa48fba4d') in 0.001412 seconds
Number of updated asset objects reloaded before import = 0
Number of asset objects unloaded after import = 0
========================================================================
Received Import Request.
  Time since last request: 0.000074 seconds.
  path: Assets/Prefab/kusa_back1.prefab
  artifactKey: Guid(abf2ababcb4c5914c92cf3a8913ea965) Importer(815301076,1909f56bfc062723c751e8b465ee728b)
Start importing Assets/Prefab/kusa_back1.prefab using Guid(abf2ababcb4c5914c92cf3a8913ea965) Importer(815301076,1909f56bfc062723c751e8b465ee728b) [PhysX] Initialized MultithreadedTaskDispatcher with 8 workers.
 -> (artifact id: 'aa50e41ec372435358f3179d1993a32d') in 0.000979 seconds
Number of updated asset objects reloaded before import = 0
Number of asset objects unloaded after import = 0
========================================================================
Received Import Request.
  Time since last request: 0.000029 seconds.
  path: Assets/Prefab/SoundManager.prefab
  artifactKey: Guid(637cabff38eaaae489c5d0d1718ed740) Importer(815301076,1909f56bfc062723c751e8b465ee728b)
Start importing Assets/Prefab/SoundManager.prefab using Guid(637cabff38eaaae489c5d0d1718ed740) Importer(815301076,1909f56bfc062723c751e8b465ee728b) [PhysX] Initialized MultithreadedTaskDispatcher with 8 workers.
 -> (artifact id: 'dfa69d50ddb0ac9087fa386e2dc6a1a7') in 0.000693 seconds
Number of updated asset objects reloaded before import = 0
Number of asset objects unloaded after import = 0
========================================================================
Received Prepare
Caller must complete domain reload
Begin MonoManager ReloadAssembly
- Loaded All Assemblies, in  1.012 seconds
Native extension for WindowsStandalone target not found
Native extension for WebGL target not found
Mono: successfully reloaded assembly
- Finished resetting the current domain, in  2.971 seconds
Domain Reload Profiling: 3975ms
	BeginReloadAssembly (265ms)
		ExecutionOrderSort (0ms)
		DisableScriptedObjects (9ms)
		BackupInstance (0ms)
		ReleaseScriptingObjects (0ms)
		CreateAndSetChildDomain (48ms)
	RebuildCommonClasses (77ms)
	RebuildNativeTypeToScriptingClass (28ms)
	initialDomainReloadingComplete (68ms)
	LoadAllAssembliesAndSetupDomain (565ms)
		LoadAssemblies (659ms)
		RebuildTransferFunctionScriptingTraits (0ms)
		AnalyzeDomain (60ms)
			TypeCache.Refresh (24ms)
				TypeCache.ScanAssembly (3ms)
			ScanForSourceGeneratedMonoScriptInfo (23ms)
			ResolveRequiredComponents (11ms)
	FinalizeReload (2972ms)
		ReleaseScriptCaches (0ms)
		RebuildScriptCaches (0ms)
		SetupLoadedEditorAssemblies (1150ms)
			LogAssemblyErrors (0ms)
			InitializePlatformSupportModulesInManaged (41ms)
			SetLoadedEditorAssemblies (11ms)
			RefreshPlugins (0ms)
			BeforeProcessingInitializeOnLoad (239ms)
			ProcessInitializeOnLoadAttributes (759ms)
			ProcessInitializeOnLoadMethodAttributes (74ms)
			AfterProcessingInitializeOnLoad (26ms)
			EditorAssembliesLoaded (0ms)
		ExecutionOrderSort2 (0ms)
		AwakeInstancesAfterBackupRestoration (13ms)
Refreshing native plugins compatible for Editor in 17.47 ms, found 3 plugins.
Preloading 0 native plugins for Editor in 0.00 ms.
Unloading 3653 Unused Serialized files (Serialized files now loaded: 0)
Unloading 19 unused Assets / (31.2 KB). Loaded Objects now: 4391.
Memory consumption went from 138.9 MB to 138.9 MB.
Total: 10.403800 ms (FindLiveObjects: 0.494100 ms CreateObjectMapping: 0.492300 ms MarkObjects: 9.019900 ms  DeleteObjects: 0.395600 ms)

Prepare: number of updated asset objects reloaded= 0
AssetImportParameters requested are different than current active one (requested -> active):
  custom:container-demuxer-ogg: 62fdf1f143b41e24485cea50d1cbac27 -> 
  custom:video-codec-MediaFoundation-h265: 746d11721c4dcdbdad8f713fa42b33f4 -> 
  custom:video-decoder-ogg-theora: a1e56fd34408186e4bbccfd4996cb3dc -> 
  custom:framework-win-MediaFoundation: 216162199b28c13a410421893ffa2e32 -> 
  custom:CustomObjectIndexerAttribute: 9a22284fe3817be447336de3de66b15e -> 
  custom:container-demuxer-webm: 4f35f7cbe854078d1ac9338744f61a02 -> 
  custom:container-muxer-webm: aa71ff27fc2769a1b78a27578f13a17b -> 
  custom:video-decoder-webm-vp8: 9c59270c3fd7afecdb556c50c9e8de78 -> 
  custom:SearchIndexIgnoredProperties: e643bd26f0fe6173181afceb89e7c659 -> 
  custom:AudioImporter_EditorPlatform: d09bf68614088b80899f8185d706f6e7 -> 
  custom:video-encoder-webm-vp8: eb34c28f22e8b96e1ab97ce403110664 -> 
  custom:audio-decoder-ogg-vorbis: bf7c407c2cedff20999df2af8eb42d56 -> 
  custom:audio-encoder-webm-vorbis: bf7c407c2cedff20999df2af8eb42d56 -> 
  custom:scripting/monoscript/fileName/RAIKA.cs: 95fc2a643a49722f77f9c792c0cc5c1b -> 
  custom:scripting/precompiled-assembly-types:Assembly-CSharp: e6e36ef8f701c80fae0a3a3a1c122197 -> 8e4451fd7b8041e811e8b85aaf8b7e55
========================================================================
Received Import Request.
  Time since last request: 12.116986 seconds.
  path: Assets/Prefab/BirdManager.prefab
  artifactKey: Guid(0f6d999f434df934aa8b987747316a0a) Importer(815301076,1909f56bfc062723c751e8b465ee728b)
Start importing Assets/Prefab/BirdManager.prefab using Guid(0f6d999f434df934aa8b987747316a0a) Importer(815301076,1909f56bfc062723c751e8b465ee728b) [PhysX] Initialized MultithreadedTaskDispatcher with 8 workers.
 -> (artifact id: 'b281d4213140b358df94d22df1f813be') in 0.004947 seconds
Number of updated asset objects reloaded before import = 0
Number of asset objects unloaded after import = 0
========================================================================
Received Import Request.
  Time since last request: 0.000032 seconds.
  path: Assets/Prefab/kusa1.prefab
  artifactKey: Guid(deb0d6b0c1a43b54791cc68445dadf5a) Importer(815301076,1909f56bfc062723c751e8b465ee728b)
Start importing Assets/Prefab/kusa1.prefab using Guid(deb0d6b0c1a43b54791cc68445dadf5a) Importer(815301076,1909f56bfc062723c751e8b465ee728b) [PhysX] Initialized MultithreadedTaskDispatcher with 8 workers.
 -> (artifact id: 'eec11d4f34564622f2d41d7cccfaec12') in 0.000920 seconds
Number of updated asset objects reloaded before import = 0
Number of asset objects unloaded after import = 0
========================================================================
Received Import Request.
  Time since last request: 0.000043 seconds.
  path: Assets/Prefab/SoundManager.prefab
  artifactKey: Guid(637cabff38eaaae489c5d0d1718ed740) Importer(815301076,1909f56bfc062723c751e8b465ee728b)
Start importing Assets/Prefab/SoundManager.prefab using Guid(637cabff38eaaae489c5d0d1718ed740) Importer(815301076,1909f56bfc062723c751e8b465ee728b) [PhysX] Initialized MultithreadedTaskDispatcher with 8 workers.
 -> (artifact id: 'dfa69d50ddb0ac9087fa386e2dc6a1a7') in 0.001072 seconds
Number of updated asset objects reloaded before import = 0
Number of asset objects unloaded after import = 0
========================================================================
Received Prepare
Caller must complete domain reload
Begin MonoManager ReloadAssembly
- Loaded All Assemblies, in  1.051 seconds
Native extension for WindowsStandalone target not found
Native extension for WebGL target not found
Mono: successfully reloaded assembly
- Finished resetting the current domain, in  2.885 seconds
Domain Reload Profiling: 3929ms
	BeginReloadAssembly (272ms)
		ExecutionOrderSort (0ms)
		DisableScriptedObjects (9ms)
		BackupInstance (0ms)
		ReleaseScriptingObjects (0ms)
		CreateAndSetChildDomain (46ms)
	RebuildCommonClasses (69ms)
	RebuildNativeTypeToScriptingClass (31ms)
	initialDomainReloadingComplete (72ms)
	LoadAllAssembliesAndSetupDomain (599ms)
		LoadAssemblies (683ms)
		RebuildTransferFunctionScriptingTraits (0ms)
		AnalyzeDomain (77ms)
			TypeCache.Refresh (27ms)
				TypeCache.ScanAssembly (3ms)
			ScanForSourceGeneratedMonoScriptInfo (26ms)
			ResolveRequiredComponents (21ms)
	FinalizeReload (2887ms)
		ReleaseScriptCaches (0ms)
		RebuildScriptCaches (0ms)
		SetupLoadedEditorAssemblies (1209ms)
			LogAssemblyErrors (0ms)
			InitializePlatformSupportModulesInManaged (27ms)
			SetLoadedEditorAssemblies (12ms)
			RefreshPlugins (0ms)
			BeforeProcessingInitializeOnLoad (284ms)
			ProcessInitializeOnLoadAttributes (771ms)
			ProcessInitializeOnLoadMethodAttributes (88ms)
			AfterProcessingInitializeOnLoad (27ms)
			EditorAssembliesLoaded (0ms)
		ExecutionOrderSort2 (0ms)
		AwakeInstancesAfterBackupRestoration (14ms)
Script is not up to date after domain reload: guid(dc60b72a7348f1c4caff9f6a48033a7f) path("Assets/Scripts/RAIKA.cs") state(2)
Refreshing native plugins compatible for Editor in 11.86 ms, found 3 plugins.
Preloading 0 native plugins for Editor in 0.00 ms.
Unloading 3652 Unused Serialized files (Serialized files now loaded: 0)
Unloading 19 unused Assets / (31.1 KB). Loaded Objects now: 4393.
Memory consumption went from 138.9 MB to 138.9 MB.
Total: 5.522100 ms (FindLiveObjects: 0.449800 ms CreateObjectMapping: 0.362200 ms MarkObjects: 4.644500 ms  DeleteObjects: 0.064100 ms)

Prepare: number of updated asset objects reloaded= 0
AssetImportParameters requested are different than current active one (requested -> active):
  custom:container-demuxer-ogg: 62fdf1f143b41e24485cea50d1cbac27 -> 
  custom:video-codec-MediaFoundation-h265: 746d11721c4dcdbdad8f713fa42b33f4 -> 
  custom:video-decoder-ogg-theora: a1e56fd34408186e4bbccfd4996cb3dc -> 
  custom:framework-win-MediaFoundation: 216162199b28c13a410421893ffa2e32 -> 
  custom:CustomObjectIndexerAttribute: 9a22284fe3817be447336de3de66b15e -> 
  custom:container-demuxer-webm: 4f35f7cbe854078d1ac9338744f61a02 -> 
  custom:container-muxer-webm: aa71ff27fc2769a1b78a27578f13a17b -> 
  custom:video-decoder-webm-vp8: 9c59270c3fd7afecdb556c50c9e8de78 -> 
  custom:SearchIndexIgnoredProperties: e643bd26f0fe6173181afceb89e7c659 -> 
  custom:AudioImporter_EditorPlatform: d09bf68614088b80899f8185d706f6e7 -> 
  custom:video-encoder-webm-vp8: eb34c28f22e8b96e1ab97ce403110664 -> 
  custom:audio-decoder-ogg-vorbis: bf7c407c2cedff20999df2af8eb42d56 -> 
  custom:audio-encoder-webm-vorbis: bf7c407c2cedff20999df2af8eb42d56 -> 
  custom:scripting/monoscript/fileName/RAIKA.cs: 95fc2a643a49722f77f9c792c0cc5c1b -> 
  custom:scripting/precompiled-assembly-types:Assembly-CSharp: e6e36ef8f701c80fae0a3a3a1c122197 -> 8e4451fd7b8041e811e8b85aaf8b7e55
========================================================================
Received Prepare
Caller must complete domain reload
Begin MonoManager ReloadAssembly
- Loaded All Assemblies, in  0.883 seconds
Native extension for WindowsStandalone target not found
Native extension for WebGL target not found
Mono: successfully reloaded assembly
- Finished resetting the current domain, in  2.224 seconds
Domain Reload Profiling: 3099ms
	BeginReloadAssembly (252ms)
		ExecutionOrderSort (0ms)
		DisableScriptedObjects (10ms)
		BackupInstance (0ms)
		ReleaseScriptingObjects (0ms)
		CreateAndSetChildDomain (46ms)
	RebuildCommonClasses (77ms)
	RebuildNativeTypeToScriptingClass (26ms)
	initialDomainReloadingComplete (61ms)
	LoadAllAssembliesAndSetupDomain (458ms)
		LoadAssemblies (560ms)
		RebuildTransferFunctionScriptingTraits (0ms)
		AnalyzeDomain (48ms)
			TypeCache.Refresh (18ms)
				TypeCache.ScanAssembly (2ms)
			ScanForSourceGeneratedMonoScriptInfo (15ms)
			ResolveRequiredComponents (13ms)
	FinalizeReload (2225ms)
		ReleaseScriptCaches (0ms)
		RebuildScriptCaches (0ms)
		SetupLoadedEditorAssemblies (874ms)
			LogAssemblyErrors (0ms)
			InitializePlatformSupportModulesInManaged (19ms)
			SetLoadedEditorAssemblies (8ms)
			RefreshPlugins (0ms)
			BeforeProcessingInitializeOnLoad (153ms)
			ProcessInitializeOnLoadAttributes (609ms)
			ProcessInitializeOnLoadMethodAttributes (67ms)
			AfterProcessingInitializeOnLoad (19ms)
			EditorAssembliesLoaded (0ms)
		ExecutionOrderSort2 (0ms)
		AwakeInstancesAfterBackupRestoration (11ms)
Refreshing native plugins compatible for Editor in 9.13 ms, found 3 plugins.
Preloading 0 native plugins for Editor in 0.00 ms.
Unloading 3654 Unused Serialized files (Serialized files now loaded: 0)
Unloading 19 unused Assets / (31.1 KB). Loaded Objects now: 4397.
Memory consumption went from 139.2 MB to 139.1 MB.
Total: 5.517000 ms (FindLiveObjects: 0.428200 ms CreateObjectMapping: 0.341300 ms MarkObjects: 4.696300 ms  DeleteObjects: 0.050200 ms)

Prepare: number of updated asset objects reloaded= 0
AssetImportParameters requested are different than current active one (requested -> active):
  custom:container-demuxer-ogg: 62fdf1f143b41e24485cea50d1cbac27 -> 
  custom:video-codec-MediaFoundation-h265: 746d11721c4dcdbdad8f713fa42b33f4 -> 
  custom:video-decoder-ogg-theora: a1e56fd34408186e4bbccfd4996cb3dc -> 
  custom:framework-win-MediaFoundation: 216162199b28c13a410421893ffa2e32 -> 
  custom:CustomObjectIndexerAttribute: 9a22284fe3817be447336de3de66b15e -> 
  custom:container-demuxer-webm: 4f35f7cbe854078d1ac9338744f61a02 -> 
  custom:container-muxer-webm: aa71ff27fc2769a1b78a27578f13a17b -> 
  custom:video-decoder-webm-vp8: 9c59270c3fd7afecdb556c50c9e8de78 -> 
  custom:SearchIndexIgnoredProperties: e643bd26f0fe6173181afceb89e7c659 -> 
  custom:AudioImporter_EditorPlatform: d09bf68614088b80899f8185d706f6e7 -> 
  custom:video-encoder-webm-vp8: eb34c28f22e8b96e1ab97ce403110664 -> 
  custom:audio-decoder-ogg-vorbis: bf7c407c2cedff20999df2af8eb42d56 -> 
  custom:audio-encoder-webm-vorbis: bf7c407c2cedff20999df2af8eb42d56 -> 
  custom:scripting/monoscript/fileName/RAIKA.cs: 95fc2a643a49722f77f9c792c0cc5c1b -> 
  custom:scripting/precompiled-assembly-types:Assembly-CSharp: e6e36ef8f701c80fae0a3a3a1c122197 -> 8e4451fd7b8041e811e8b85aaf8b7e55
========================================================================
Received Prepare
Caller must complete domain reload
Begin MonoManager ReloadAssembly
- Loaded All Assemblies, in  0.921 seconds
Native extension for WindowsStandalone target not found
Native extension for WebGL target not found
Mono: successfully reloaded assembly
- Finished resetting the current domain, in  2.769 seconds
Domain Reload Profiling: 3682ms
	BeginReloadAssembly (286ms)
		ExecutionOrderSort (0ms)
		DisableScriptedObjects (9ms)
		BackupInstance (0ms)
		ReleaseScriptingObjects (0ms)
		CreateAndSetChildDomain (52ms)
	RebuildCommonClasses (61ms)
	RebuildNativeTypeToScriptingClass (28ms)
	initialDomainReloadingComplete (75ms)
	LoadAllAssembliesAndSetupDomain (461ms)
		LoadAssemblies (600ms)
		RebuildTransferFunctionScriptingTraits (0ms)
		AnalyzeDomain (26ms)
			TypeCache.Refresh (11ms)
				TypeCache.ScanAssembly (0ms)
			ScanForSourceGeneratedMonoScriptInfo (0ms)
			ResolveRequiredComponents (11ms)
	FinalizeReload (2771ms)
		ReleaseScriptCaches (0ms)
		RebuildScriptCaches (0ms)
		SetupLoadedEditorAssemblies (1350ms)
			LogAssemblyErrors (0ms)
			InitializePlatformSupportModulesInManaged (25ms)
			SetLoadedEditorAssemblies (9ms)
			RefreshPlugins (0ms)
			BeforeProcessingInitializeOnLoad (188ms)
			ProcessInitializeOnLoadAttributes (984ms)
			ProcessInitializeOnLoadMethodAttributes (110ms)
			AfterProcessingInitializeOnLoad (34ms)
			EditorAssembliesLoaded (0ms)
		ExecutionOrderSort2 (0ms)
		AwakeInstancesAfterBackupRestoration (23ms)
Refreshing native plugins compatible for Editor in 22.72 ms, found 3 plugins.
Preloading 0 native plugins for Editor in 0.00 ms.
Unloading 3654 Unused Serialized files (Serialized files now loaded: 0)
Unloading 19 unused Assets / (31.1 KB). Loaded Objects now: 4400.
Memory consumption went from 139.2 MB to 139.2 MB.
Total: 12.888700 ms (FindLiveObjects: 1.174100 ms CreateObjectMapping: 1.095700 ms MarkObjects: 10.516700 ms  DeleteObjects: 0.098700 ms)

Prepare: number of updated asset objects reloaded= 0
AssetImportParameters requested are different than current active one (requested -> active):
  custom:container-demuxer-ogg: 62fdf1f143b41e24485cea50d1cbac27 -> 
  custom:video-codec-MediaFoundation-h265: 746d11721c4dcdbdad8f713fa42b33f4 -> 
  custom:video-decoder-ogg-theora: a1e56fd34408186e4bbccfd4996cb3dc -> 
  custom:framework-win-MediaFoundation: 216162199b28c13a410421893ffa2e32 -> 
  custom:CustomObjectIndexerAttribute: 9a22284fe3817be447336de3de66b15e -> 
  custom:container-demuxer-webm: 4f35f7cbe854078d1ac9338744f61a02 -> 
  custom:container-muxer-webm: aa71ff27fc2769a1b78a27578f13a17b -> 
  custom:video-decoder-webm-vp8: 9c59270c3fd7afecdb556c50c9e8de78 -> 
  custom:SearchIndexIgnoredProperties: e643bd26f0fe6173181afceb89e7c659 -> 
  custom:AudioImporter_EditorPlatform: d09bf68614088b80899f8185d706f6e7 -> 
  custom:video-encoder-webm-vp8: eb34c28f22e8b96e1ab97ce403110664 -> 
  custom:audio-decoder-ogg-vorbis: bf7c407c2cedff20999df2af8eb42d56 -> 
  custom:audio-encoder-webm-vorbis: bf7c407c2cedff20999df2af8eb42d56 -> 
  custom:scripting/monoscript/fileName/RAIKA.cs: 95fc2a643a49722f77f9c792c0cc5c1b -> 
  custom:scripting/precompiled-assembly-types:Assembly-CSharp: e6e36ef8f701c80fae0a3a3a1c122197 -> 8e4451fd7b8041e811e8b85aaf8b7e55
========================================================================
Received Prepare
Caller must complete domain reload
Begin MonoManager ReloadAssembly
- Loaded All Assemblies, in  0.897 seconds
Native extension for WindowsStandalone target not found
Native extension for WebGL target not found
Mono: successfully reloaded assembly
- Finished resetting the current domain, in  2.868 seconds
Domain Reload Profiling: 3757ms
	BeginReloadAssembly (266ms)
		ExecutionOrderSort (0ms)
		DisableScriptedObjects (8ms)
		BackupInstance (0ms)
		ReleaseScriptingObjects (0ms)
		CreateAndSetChildDomain (48ms)
	RebuildCommonClasses (73ms)
	RebuildNativeTypeToScriptingClass (30ms)
	initialDomainReloadingComplete (73ms)
	LoadAllAssembliesAndSetupDomain (445ms)
		LoadAssemblies (581ms)
		RebuildTransferFunctionScriptingTraits (0ms)
		AnalyzeDomain (24ms)
			TypeCache.Refresh (11ms)
				TypeCache.ScanAssembly (0ms)
			ScanForSourceGeneratedMonoScriptInfo (0ms)
			ResolveRequiredComponents (11ms)
	FinalizeReload (2869ms)
		ReleaseScriptCaches (0ms)
		RebuildScriptCaches (0ms)
		SetupLoadedEditorAssemblies (1686ms)
			LogAssemblyErrors (0ms)
			InitializePlatformSupportModulesInManaged (33ms)
			SetLoadedEditorAssemblies (8ms)
			RefreshPlugins (0ms)
			BeforeProcessingInitializeOnLoad (223ms)
			ProcessInitializeOnLoadAttributes (1272ms)
			ProcessInitializeOnLoadMethodAttributes (118ms)
			AfterProcessingInitializeOnLoad (31ms)
			EditorAssembliesLoaded (1ms)
		ExecutionOrderSort2 (0ms)
		AwakeInstancesAfterBackupRestoration (26ms)
Refreshing native plugins compatible for Editor in 21.55 ms, found 3 plugins.
Preloading 0 native plugins for Editor in 0.00 ms.
Unloading 3654 Unused Serialized files (Serialized files now loaded: 0)
Unloading 19 unused Assets / (31.0 KB). Loaded Objects now: 4403.
Memory consumption went from 139.2 MB to 139.2 MB.
Total: 4.660600 ms (FindLiveObjects: 0.454300 ms CreateObjectMapping: 0.368600 ms MarkObjects: 3.776200 ms  DeleteObjects: 0.059800 ms)

Prepare: number of updated asset objects reloaded= 0
AssetImportParameters requested are different than current active one (requested -> active):
  custom:container-demuxer-ogg: 62fdf1f143b41e24485cea50d1cbac27 -> 
  custom:video-codec-MediaFoundation-h265: 746d11721c4dcdbdad8f713fa42b33f4 -> 
  custom:video-decoder-ogg-theora: a1e56fd34408186e4bbccfd4996cb3dc -> 
  custom:framework-win-MediaFoundation: 216162199b28c13a410421893ffa2e32 -> 
  custom:CustomObjectIndexerAttribute: 9a22284fe3817be447336de3de66b15e -> 
  custom:container-demuxer-webm: 4f35f7cbe854078d1ac9338744f61a02 -> 
  custom:container-muxer-webm: aa71ff27fc2769a1b78a27578f13a17b -> 
  custom:video-decoder-webm-vp8: 9c59270c3fd7afecdb556c50c9e8de78 -> 
  custom:SearchIndexIgnoredProperties: e643bd26f0fe6173181afceb89e7c659 -> 
  custom:AudioImporter_EditorPlatform: d09bf68614088b80899f8185d706f6e7 -> 
  custom:video-encoder-webm-vp8: eb34c28f22e8b96e1ab97ce403110664 -> 
  custom:audio-decoder-ogg-vorbis: bf7c407c2cedff20999df2af8eb42d56 -> 
  custom:audio-encoder-webm-vorbis: bf7c407c2cedff20999df2af8eb42d56 -> 
  custom:scripting/monoscript/fileName/RAIKA.cs: 95fc2a643a49722f77f9c792c0cc5c1b -> 
  custom:scripting/precompiled-assembly-types:Assembly-CSharp: e6e36ef8f701c80fae0a3a3a1c122197 -> 8e4451fd7b8041e811e8b85aaf8b7e55
========================================================================
Received Prepare
Caller must complete domain reload
Begin MonoManager ReloadAssembly
- Loaded All Assemblies, in  0.755 seconds
Native extension for WindowsStandalone target not found
Native extension for WebGL target not found
Mono: successfully reloaded assembly
- Finished resetting the current domain, in  1.505 seconds
Domain Reload Profiling: 2255ms
	BeginReloadAssembly (226ms)
		ExecutionOrderSort (0ms)
		DisableScriptedObjects (8ms)
		BackupInstance (0ms)
		ReleaseScriptingObjects (0ms)
		CreateAndSetChildDomain (38ms)
	RebuildCommonClasses (52ms)
	RebuildNativeTypeToScriptingClass (17ms)
	initialDomainReloadingComplete (60ms)
	LoadAllAssembliesAndSetupDomain (395ms)
		LoadAssemblies (497ms)
		RebuildTransferFunctionScriptingTraits (0ms)
		AnalyzeDomain (37ms)
			TypeCache.Refresh (15ms)
				TypeCache.ScanAssembly (1ms)
			ScanForSourceGeneratedMonoScriptInfo (11ms)
			ResolveRequiredComponents (8ms)
	FinalizeReload (1506ms)
		ReleaseScriptCaches (0ms)
		RebuildScriptCaches (0ms)
		SetupLoadedEditorAssemblies (662ms)
			LogAssemblyErrors (0ms)
			InitializePlatformSupportModulesInManaged (15ms)
			SetLoadedEditorAssemblies (5ms)
			RefreshPlugins (0ms)
			BeforeProcessingInitializeOnLoad (110ms)
			ProcessInitializeOnLoadAttributes (472ms)
			ProcessInitializeOnLoadMethodAttributes (44ms)
			AfterProcessingInitializeOnLoad (15ms)
			EditorAssembliesLoaded (0ms)
		ExecutionOrderSort2 (0ms)
		AwakeInstancesAfterBackupRestoration (8ms)
Refreshing native plugins compatible for Editor in 5.16 ms, found 3 plugins.
Preloading 0 native plugins for Editor in 0.00 ms.
Unloading 3654 Unused Serialized files (Serialized files now loaded: 0)
Unloading 19 unused Assets / (31.1 KB). Loaded Objects now: 4406.
Memory consumption went from 139.2 MB to 139.2 MB.
Total: 3.470800 ms (FindLiveObjects: 0.293800 ms CreateObjectMapping: 0.187200 ms MarkObjects: 2.947700 ms  DeleteObjects: 0.040600 ms)

Prepare: number of updated asset objects reloaded= 0
AssetImportParameters requested are different than current active one (requested -> active):
  custom:container-demuxer-ogg: 62fdf1f143b41e24485cea50d1cbac27 -> 
  custom:video-codec-MediaFoundation-h265: 746d11721c4dcdbdad8f713fa42b33f4 -> 
  custom:video-decoder-ogg-theora: a1e56fd34408186e4bbccfd4996cb3dc -> 
  custom:framework-win-MediaFoundation: 216162199b28c13a410421893ffa2e32 -> 
  custom:CustomObjectIndexerAttribute: 9a22284fe3817be447336de3de66b15e -> 
  custom:container-demuxer-webm: 4f35f7cbe854078d1ac9338744f61a02 -> 
  custom:container-muxer-webm: aa71ff27fc2769a1b78a27578f13a17b -> 
  custom:video-decoder-webm-vp8: 9c59270c3fd7afecdb556c50c9e8de78 -> 
  custom:SearchIndexIgnoredProperties: e643bd26f0fe6173181afceb89e7c659 -> 
  custom:AudioImporter_EditorPlatform: d09bf68614088b80899f8185d706f6e7 -> 
  custom:video-encoder-webm-vp8: eb34c28f22e8b96e1ab97ce403110664 -> 
  custom:audio-decoder-ogg-vorbis: bf7c407c2cedff20999df2af8eb42d56 -> 
  custom:audio-encoder-webm-vorbis: bf7c407c2cedff20999df2af8eb42d56 -> 
  custom:scripting/monoscript/fileName/RAIKA.cs: 95fc2a643a49722f77f9c792c0cc5c1b -> 
  custom:scripting/precompiled-assembly-types:Assembly-CSharp: e6e36ef8f701c80fae0a3a3a1c122197 -> 8e4451fd7b8041e811e8b85aaf8b7e55
========================================================================
Received Prepare
Caller must complete domain reload
Begin MonoManager ReloadAssembly
- Loaded All Assemblies, in  0.703 seconds
Native extension for WindowsStandalone target not found
Native extension for WebGL target not found
Mono: successfully reloaded assembly
- Finished resetting the current domain, in  2.199 seconds
Domain Reload Profiling: 2897ms
	BeginReloadAssembly (227ms)
		ExecutionOrderSort (0ms)
		DisableScriptedObjects (7ms)
		BackupInstance (0ms)
		ReleaseScriptingObjects (0ms)
		CreateAndSetChildDomain (43ms)
	RebuildCommonClasses (62ms)
	RebuildNativeTypeToScriptingClass (17ms)
	initialDomainReloadingComplete (48ms)
	LoadAllAssembliesAndSetupDomain (343ms)
		LoadAssemblies (456ms)
		RebuildTransferFunctionScriptingTraits (0ms)
		AnalyzeDomain (21ms)
			TypeCache.Refresh (8ms)
				TypeCache.ScanAssembly (0ms)
			ScanForSourceGeneratedMonoScriptInfo (0ms)
			ResolveRequiredComponents (10ms)
	FinalizeReload (2200ms)
		ReleaseScriptCaches (0ms)
		RebuildScriptCaches (0ms)
		SetupLoadedEditorAssemblies (1382ms)
			LogAssemblyErrors (0ms)
			InitializePlatformSupportModulesInManaged (27ms)
			SetLoadedEditorAssemblies (9ms)
			RefreshPlugins (0ms)
			BeforeProcessingInitializeOnLoad (233ms)
			ProcessInitializeOnLoadAttributes (1042ms)
			ProcessInitializeOnLoadMethodAttributes (56ms)
			AfterProcessingInitializeOnLoad (14ms)
			EditorAssembliesLoaded (0ms)
		ExecutionOrderSort2 (0ms)
		AwakeInstancesAfterBackupRestoration (13ms)
Refreshing native plugins compatible for Editor in 17.40 ms, found 3 plugins.
Preloading 0 native plugins for Editor in 0.00 ms.
Unloading 3654 Unused Serialized files (Serialized files now loaded: 0)
Unloading 19 unused Assets / (31.2 KB). Loaded Objects now: 4409.
Memory consumption went from 139.2 MB to 139.2 MB.
Total: 7.169300 ms (FindLiveObjects: 0.735500 ms CreateObjectMapping: 1.537700 ms MarkObjects: 4.686500 ms  DeleteObjects: 0.207200 ms)

Prepare: number of updated asset objects reloaded= 0
AssetImportParameters requested are different than current active one (requested -> active):
  custom:container-demuxer-ogg: 62fdf1f143b41e24485cea50d1cbac27 -> 
  custom:video-codec-MediaFoundation-h265: 746d11721c4dcdbdad8f713fa42b33f4 -> 
  custom:video-decoder-ogg-theora: a1e56fd34408186e4bbccfd4996cb3dc -> 
  custom:framework-win-MediaFoundation: 216162199b28c13a410421893ffa2e32 -> 
  custom:CustomObjectIndexerAttribute: 9a22284fe3817be447336de3de66b15e -> 
  custom:container-demuxer-webm: 4f35f7cbe854078d1ac9338744f61a02 -> 
  custom:container-muxer-webm: aa71ff27fc2769a1b78a27578f13a17b -> 
  custom:video-decoder-webm-vp8: 9c59270c3fd7afecdb556c50c9e8de78 -> 
  custom:SearchIndexIgnoredProperties: e643bd26f0fe6173181afceb89e7c659 -> 
  custom:AudioImporter_EditorPlatform: d09bf68614088b80899f8185d706f6e7 -> 
  custom:video-encoder-webm-vp8: eb34c28f22e8b96e1ab97ce403110664 -> 
  custom:audio-decoder-ogg-vorbis: bf7c407c2cedff20999df2af8eb42d56 -> 
  custom:audio-encoder-webm-vorbis: bf7c407c2cedff20999df2af8eb42d56 -> 
  custom:scripting/monoscript/fileName/RAIKA.cs: 95fc2a643a49722f77f9c792c0cc5c1b -> 
  custom:scripting/precompiled-assembly-types:Assembly-CSharp: e6e36ef8f701c80fae0a3a3a1c122197 -> 8e4451fd7b8041e811e8b85aaf8b7e55
========================================================================
Received Prepare
Caller must complete domain reload
Begin MonoManager ReloadAssembly
- Loaded All Assemblies, in  0.838 seconds
Native extension for WindowsStandalone target not found
Native extension for WebGL target not found
Mono: successfully reloaded assembly
- Finished resetting the current domain, in  1.544 seconds
Domain Reload Profiling: 2373ms
	BeginReloadAssembly (266ms)
		ExecutionOrderSort (0ms)
		DisableScriptedObjects (5ms)
		BackupInstance (0ms)
		ReleaseScriptingObjects (0ms)
		CreateAndSetChildDomain (53ms)
	RebuildCommonClasses (61ms)
	RebuildNativeTypeToScriptingClass (22ms)
	initialDomainReloadingComplete (66ms)
	LoadAllAssembliesAndSetupDomain (414ms)
		LoadAssemblies (527ms)
		RebuildTransferFunctionScriptingTraits (0ms)
		AnalyzeDomain (47ms)
			TypeCache.Refresh (16ms)
				TypeCache.ScanAssembly (2ms)
			ScanForSourceGeneratedMonoScriptInfo (16ms)
			ResolveRequiredComponents (12ms)
	FinalizeReload (1544ms)
		ReleaseScriptCaches (0ms)
		RebuildScriptCaches (0ms)
		SetupLoadedEditorAssemblies (676ms)
			LogAssemblyErrors (0ms)
			InitializePlatformSupportModulesInManaged (17ms)
			SetLoadedEditorAssemblies (5ms)
			RefreshPlugins (0ms)
			BeforeProcessingInitializeOnLoad (113ms)
			ProcessInitializeOnLoadAttributes (480ms)
			ProcessInitializeOnLoadMethodAttributes (47ms)
			AfterProcessingInitializeOnLoad (15ms)
			EditorAssembliesLoaded (0ms)
		ExecutionOrderSort2 (0ms)
		AwakeInstancesAfterBackupRestoration (8ms)
Refreshing native plugins compatible for Editor in 7.47 ms, found 3 plugins.
Preloading 0 native plugins for Editor in 0.00 ms.
Unloading 3654 Unused Serialized files (Serialized files now loaded: 0)
Unloading 19 unused Assets / (31.2 KB). Loaded Objects now: 4412.
Memory consumption went from 139.2 MB to 139.2 MB.
Total: 7.070000 ms (FindLiveObjects: 0.493800 ms CreateObjectMapping: 0.341100 ms MarkObjects: 6.181400 ms  DeleteObjects: 0.052500 ms)

Prepare: number of updated asset objects reloaded= 0
AssetImportParameters requested are different than current active one (requested -> active):
  custom:container-demuxer-ogg: 62fdf1f143b41e24485cea50d1cbac27 -> 
  custom:video-codec-MediaFoundation-h265: 746d11721c4dcdbdad8f713fa42b33f4 -> 
  custom:video-decoder-ogg-theora: a1e56fd34408186e4bbccfd4996cb3dc -> 
  custom:framework-win-MediaFoundation: 216162199b28c13a410421893ffa2e32 -> 
  custom:CustomObjectIndexerAttribute: 9a22284fe3817be447336de3de66b15e -> 
  custom:container-demuxer-webm: 4f35f7cbe854078d1ac9338744f61a02 -> 
  custom:container-muxer-webm: aa71ff27fc2769a1b78a27578f13a17b -> 
  custom:video-decoder-webm-vp8: 9c59270c3fd7afecdb556c50c9e8de78 -> 
  custom:SearchIndexIgnoredProperties: e643bd26f0fe6173181afceb89e7c659 -> 
  custom:AudioImporter_EditorPlatform: d09bf68614088b80899f8185d706f6e7 -> 
  custom:video-encoder-webm-vp8: eb34c28f22e8b96e1ab97ce403110664 -> 
  custom:audio-decoder-ogg-vorbis: bf7c407c2cedff20999df2af8eb42d56 -> 
  custom:audio-encoder-webm-vorbis: bf7c407c2cedff20999df2af8eb42d56 -> 
  custom:scripting/monoscript/fileName/RAIKA.cs: 95fc2a643a49722f77f9c792c0cc5c1b -> 
  custom:scripting/precompiled-assembly-types:Assembly-CSharp: e6e36ef8f701c80fae0a3a3a1c122197 -> 8e4451fd7b8041e811e8b85aaf8b7e55
========================================================================
Received Prepare
Caller must complete domain reload
Begin MonoManager ReloadAssembly
- Loaded All Assemblies, in  0.704 seconds
Native extension for WindowsStandalone target not found
Native extension for WebGL target not found
Mono: successfully reloaded assembly
- Finished resetting the current domain, in  1.523 seconds
Domain Reload Profiling: 2220ms
	BeginReloadAssembly (214ms)
		ExecutionOrderSort (0ms)
		DisableScriptedObjects (8ms)
		BackupInstance (0ms)
		ReleaseScriptingObjects (0ms)
		CreateAndSetChildDomain (39ms)
	RebuildCommonClasses (56ms)
	RebuildNativeTypeToScriptingClass (15ms)
	initialDomainReloadingComplete (57ms)
	LoadAllAssembliesAndSetupDomain (355ms)
		LoadAssemblies (443ms)
		RebuildTransferFunctionScriptingTraits (0ms)
		AnalyzeDomain (38ms)
			TypeCache.Refresh (18ms)
				TypeCache.ScanAssembly (1ms)
			ScanForSourceGeneratedMonoScriptInfo (13ms)
			ResolveRequiredComponents (6ms)
	FinalizeReload (1523ms)
		ReleaseScriptCaches (0ms)
		RebuildScriptCaches (0ms)
		SetupLoadedEditorAssemblies (727ms)
			LogAssemblyErrors (0ms)
			InitializePlatformSupportModulesInManaged (15ms)
			SetLoadedEditorAssemblies (6ms)
			RefreshPlugins (0ms)
			BeforeProcessingInitializeOnLoad (130ms)
			ProcessInitializeOnLoadAttributes (507ms)
			ProcessInitializeOnLoadMethodAttributes (50ms)
			AfterProcessingInitializeOnLoad (20ms)
			EditorAssembliesLoaded (0ms)
		ExecutionOrderSort2 (0ms)
		AwakeInstancesAfterBackupRestoration (12ms)
Refreshing native plugins compatible for Editor in 7.25 ms, found 3 plugins.
Preloading 0 native plugins for Editor in 0.00 ms.
Unloading 3654 Unused Serialized files (Serialized files now loaded: 0)
Unloading 19 unused Assets / (31.1 KB). Loaded Objects now: 4415.
Memory consumption went from 139.2 MB to 139.2 MB.
Total: 4.384400 ms (FindLiveObjects: 0.468900 ms CreateObjectMapping: 0.335400 ms MarkObjects: 3.528600 ms  DeleteObjects: 0.050600 ms)

Prepare: number of updated asset objects reloaded= 0
AssetImportParameters requested are different than current active one (requested -> active):
  custom:container-demuxer-ogg: 62fdf1f143b41e24485cea50d1cbac27 -> 
  custom:video-codec-MediaFoundation-h265: 746d11721c4dcdbdad8f713fa42b33f4 -> 
  custom:video-decoder-ogg-theora: a1e56fd34408186e4bbccfd4996cb3dc -> 
  custom:framework-win-MediaFoundation: 216162199b28c13a410421893ffa2e32 -> 
  custom:CustomObjectIndexerAttribute: 9a22284fe3817be447336de3de66b15e -> 
  custom:container-demuxer-webm: 4f35f7cbe854078d1ac9338744f61a02 -> 
  custom:container-muxer-webm: aa71ff27fc2769a1b78a27578f13a17b -> 
  custom:video-decoder-webm-vp8: 9c59270c3fd7afecdb556c50c9e8de78 -> 
  custom:SearchIndexIgnoredProperties: e643bd26f0fe6173181afceb89e7c659 -> 
  custom:AudioImporter_EditorPlatform: d09bf68614088b80899f8185d706f6e7 -> 
  custom:video-encoder-webm-vp8: eb34c28f22e8b96e1ab97ce403110664 -> 
  custom:audio-decoder-ogg-vorbis: bf7c407c2cedff20999df2af8eb42d56 -> 
  custom:audio-encoder-webm-vorbis: bf7c407c2cedff20999df2af8eb42d56 -> 
  custom:scripting/monoscript/fileName/RAIKA.cs: 95fc2a643a49722f77f9c792c0cc5c1b -> 
  custom:scripting/precompiled-assembly-types:Assembly-CSharp: e6e36ef8f701c80fae0a3a3a1c122197 -> 8e4451fd7b8041e811e8b85aaf8b7e55
========================================================================
Received Prepare
Caller must complete domain reload
Begin MonoManager ReloadAssembly
- Loaded All Assemblies, in  0.757 seconds
Native extension for WindowsStandalone target not found
Native extension for WebGL target not found
Mono: successfully reloaded assembly
- Finished resetting the current domain, in  1.407 seconds
Domain Reload Profiling: 2156ms
	BeginReloadAssembly (225ms)
		ExecutionOrderSort (0ms)
		DisableScriptedObjects (8ms)
		BackupInstance (0ms)
		ReleaseScriptingObjects (0ms)
		CreateAndSetChildDomain (43ms)
	RebuildCommonClasses (56ms)
	RebuildNativeTypeToScriptingClass (20ms)
	initialDomainReloadingComplete (56ms)
	LoadAllAssembliesAndSetupDomain (392ms)
		LoadAssemblies (477ms)
		RebuildTransferFunctionScriptingTraits (0ms)
		AnalyzeDomain (44ms)
			TypeCache.Refresh (15ms)
				TypeCache.ScanAssembly (2ms)
			ScanForSourceGeneratedMonoScriptInfo (16ms)
			ResolveRequiredComponents (9ms)
	FinalizeReload (1407ms)
		ReleaseScriptCaches (0ms)
		RebuildScriptCaches (0ms)
		SetupLoadedEditorAssemblies (629ms)
			LogAssemblyErrors (0ms)
			InitializePlatformSupportModulesInManaged (15ms)
			SetLoadedEditorAssemblies (5ms)
			RefreshPlugins (0ms)
			BeforeProcessingInitializeOnLoad (114ms)
			ProcessInitializeOnLoadAttributes (437ms)
			ProcessInitializeOnLoadMethodAttributes (45ms)
			AfterProcessingInitializeOnLoad (13ms)
			EditorAssembliesLoaded (0ms)
		ExecutionOrderSort2 (0ms)
		AwakeInstancesAfterBackupRestoration (9ms)
Refreshing native plugins compatible for Editor in 5.96 ms, found 3 plugins.
Preloading 0 native plugins for Editor in 0.00 ms.
Unloading 3654 Unused Serialized files (Serialized files now loaded: 0)
Unloading 19 unused Assets / (31.2 KB). Loaded Objects now: 4418.
Memory consumption went from 139.2 MB to 139.2 MB.
Total: 3.249400 ms (FindLiveObjects: 0.357000 ms CreateObjectMapping: 0.274200 ms MarkObjects: 2.572100 ms  DeleteObjects: 0.044900 ms)

Prepare: number of updated asset objects reloaded= 0
AssetImportParameters requested are different than current active one (requested -> active):
  custom:container-demuxer-ogg: 62fdf1f143b41e24485cea50d1cbac27 -> 
  custom:video-codec-MediaFoundation-h265: 746d11721c4dcdbdad8f713fa42b33f4 -> 
  custom:video-decoder-ogg-theora: a1e56fd34408186e4bbccfd4996cb3dc -> 
  custom:framework-win-MediaFoundation: 216162199b28c13a410421893ffa2e32 -> 
  custom:CustomObjectIndexerAttribute: 9a22284fe3817be447336de3de66b15e -> 
  custom:container-demuxer-webm: 4f35f7cbe854078d1ac9338744f61a02 -> 
  custom:container-muxer-webm: aa71ff27fc2769a1b78a27578f13a17b -> 
  custom:video-decoder-webm-vp8: 9c59270c3fd7afecdb556c50c9e8de78 -> 
  custom:SearchIndexIgnoredProperties: e643bd26f0fe6173181afceb89e7c659 -> 
  custom:AudioImporter_EditorPlatform: d09bf68614088b80899f8185d706f6e7 -> 
  custom:video-encoder-webm-vp8: eb34c28f22e8b96e1ab97ce403110664 -> 
  custom:audio-decoder-ogg-vorbis: bf7c407c2cedff20999df2af8eb42d56 -> 
  custom:audio-encoder-webm-vorbis: bf7c407c2cedff20999df2af8eb42d56 -> 
  custom:scripting/monoscript/fileName/RAIKA.cs: 95fc2a643a49722f77f9c792c0cc5c1b -> 
  custom:scripting/precompiled-assembly-types:Assembly-CSharp: a1a3b37f62278baada77ddca63506231 -> 8e4451fd7b8041e811e8b85aaf8b7e55
========================================================================
Received Prepare
Caller must complete domain reload
Begin MonoManager ReloadAssembly
- Loaded All Assemblies, in  0.675 seconds
Native extension for WindowsStandalone target not found
Native extension for WebGL target not found
Mono: successfully reloaded assembly
- Finished resetting the current domain, in  2.283 seconds
Domain Reload Profiling: 2953ms
	BeginReloadAssembly (208ms)
		ExecutionOrderSort (0ms)
		DisableScriptedObjects (5ms)
		BackupInstance (0ms)
		ReleaseScriptingObjects (0ms)
		CreateAndSetChildDomain (34ms)
	RebuildCommonClasses (57ms)
	RebuildNativeTypeToScriptingClass (21ms)
	initialDomainReloadingComplete (46ms)
	LoadAllAssembliesAndSetupDomain (335ms)
		LoadAssemblies (439ms)
		RebuildTransferFunctionScriptingTraits (0ms)
		AnalyzeDomain (20ms)
			TypeCache.Refresh (8ms)
				TypeCache.ScanAssembly (0ms)
			ScanForSourceGeneratedMonoScriptInfo (0ms)
			ResolveRequiredComponents (9ms)
	FinalizeReload (2286ms)
		ReleaseScriptCaches (0ms)
		RebuildScriptCaches (0ms)
		SetupLoadedEditorAssemblies (1365ms)
			LogAssemblyErrors (0ms)
			InitializePlatformSupportModulesInManaged (15ms)
			SetLoadedEditorAssemblies (9ms)
			RefreshPlugins (0ms)
			BeforeProcessingInitializeOnLoad (253ms)
			ProcessInitializeOnLoadAttributes (959ms)
			ProcessInitializeOnLoadMethodAttributes (98ms)
			AfterProcessingInitializeOnLoad (31ms)
			EditorAssembliesLoaded (0ms)
		ExecutionOrderSort2 (0ms)
		AwakeInstancesAfterBackupRestoration (16ms)
Refreshing native plugins compatible for Editor in 18.12 ms, found 3 plugins.
Preloading 0 native plugins for Editor in 0.00 ms.
Unloading 3654 Unused Serialized files (Serialized files now loaded: 0)
Unloading 19 unused Assets / (31.1 KB). Loaded Objects now: 4421.
Memory consumption went from 139.2 MB to 139.2 MB.
Total: 7.657700 ms (FindLiveObjects: 1.181900 ms CreateObjectMapping: 0.798900 ms MarkObjects: 5.595900 ms  DeleteObjects: 0.077700 ms)

Prepare: number of updated asset objects reloaded= 0
AssetImportParameters requested are different than current active one (requested -> active):
  custom:container-demuxer-ogg: 62fdf1f143b41e24485cea50d1cbac27 -> 
  custom:video-codec-MediaFoundation-h265: 746d11721c4dcdbdad8f713fa42b33f4 -> 
  custom:video-decoder-ogg-theora: a1e56fd34408186e4bbccfd4996cb3dc -> 
  custom:framework-win-MediaFoundation: 216162199b28c13a410421893ffa2e32 -> 
  custom:CustomObjectIndexerAttribute: 9a22284fe3817be447336de3de66b15e -> 
  custom:container-demuxer-webm: 4f35f7cbe854078d1ac9338744f61a02 -> 
  custom:container-muxer-webm: aa71ff27fc2769a1b78a27578f13a17b -> 
  custom:video-decoder-webm-vp8: 9c59270c3fd7afecdb556c50c9e8de78 -> 
  custom:SearchIndexIgnoredProperties: e643bd26f0fe6173181afceb89e7c659 -> 
  custom:AudioImporter_EditorPlatform: d09bf68614088b80899f8185d706f6e7 -> 
  custom:video-encoder-webm-vp8: eb34c28f22e8b96e1ab97ce403110664 -> 
  custom:audio-decoder-ogg-vorbis: bf7c407c2cedff20999df2af8eb42d56 -> 
  custom:audio-encoder-webm-vorbis: bf7c407c2cedff20999df2af8eb42d56 -> 
  custom:scripting/monoscript/fileName/RAIKA.cs: 95fc2a643a49722f77f9c792c0cc5c1b -> 
  custom:scripting/precompiled-assembly-types:Assembly-CSharp: a1a3b37f62278baada77ddca63506231 -> 8e4451fd7b8041e811e8b85aaf8b7e55
========================================================================
Received Prepare
Caller must complete domain reload
Begin MonoManager ReloadAssembly
- Loaded All Assemblies, in  0.820 seconds
Native extension for WindowsStandalone target not found
Native extension for WebGL target not found
Mono: successfully reloaded assembly
- Finished resetting the current domain, in  1.550 seconds
Domain Reload Profiling: 2364ms
	BeginReloadAssembly (249ms)
		ExecutionOrderSort (0ms)
		DisableScriptedObjects (8ms)
		BackupInstance (0ms)
		ReleaseScriptingObjects (0ms)
		CreateAndSetChildDomain (45ms)
	RebuildCommonClasses (61ms)
	RebuildNativeTypeToScriptingClass (19ms)
	initialDomainReloadingComplete (60ms)
	LoadAllAssembliesAndSetupDomain (426ms)
		LoadAssemblies (528ms)
		RebuildTransferFunctionScriptingTraits (0ms)
		AnalyzeDomain (49ms)
			TypeCache.Refresh (16ms)
				TypeCache.ScanAssembly (2ms)
			ScanForSourceGeneratedMonoScriptInfo (17ms)
			ResolveRequiredComponents (13ms)
	FinalizeReload (1551ms)
		ReleaseScriptCaches (0ms)
		RebuildScriptCaches (0ms)
		SetupLoadedEditorAssemblies (683ms)
			LogAssemblyErrors (0ms)
			InitializePlatformSupportModulesInManaged (19ms)
			SetLoadedEditorAssemblies (6ms)
			RefreshPlugins (0ms)
			BeforeProcessingInitializeOnLoad (117ms)
			ProcessInitializeOnLoadAttributes (482ms)
			ProcessInitializeOnLoadMethodAttributes (44ms)
			AfterProcessingInitializeOnLoad (15ms)
			EditorAssembliesLoaded (0ms)
		ExecutionOrderSort2 (0ms)
		AwakeInstancesAfterBackupRestoration (9ms)
Refreshing native plugins compatible for Editor in 8.43 ms, found 3 plugins.
Preloading 0 native plugins for Editor in 0.00 ms.
Unloading 3654 Unused Serialized files (Serialized files now loaded: 0)
Unloading 19 unused Assets / (31.1 KB). Loaded Objects now: 4424.
Memory consumption went from 139.2 MB to 139.2 MB.
Total: 3.410000 ms (FindLiveObjects: 0.401500 ms CreateObjectMapping: 0.308000 ms MarkObjects: 2.648300 ms  DeleteObjects: 0.050700 ms)

Prepare: number of updated asset objects reloaded= 0
AssetImportParameters requested are different than current active one (requested -> active):
  custom:container-demuxer-ogg: 62fdf1f143b41e24485cea50d1cbac27 -> 
  custom:video-codec-MediaFoundation-h265: 746d11721c4dcdbdad8f713fa42b33f4 -> 
  custom:video-decoder-ogg-theora: a1e56fd34408186e4bbccfd4996cb3dc -> 
  custom:framework-win-MediaFoundation: 216162199b28c13a410421893ffa2e32 -> 
  custom:CustomObjectIndexerAttribute: 9a22284fe3817be447336de3de66b15e -> 
  custom:container-demuxer-webm: 4f35f7cbe854078d1ac9338744f61a02 -> 
  custom:container-muxer-webm: aa71ff27fc2769a1b78a27578f13a17b -> 
  custom:video-decoder-webm-vp8: 9c59270c3fd7afecdb556c50c9e8de78 -> 
  custom:SearchIndexIgnoredProperties: e643bd26f0fe6173181afceb89e7c659 -> 
  custom:AudioImporter_EditorPlatform: d09bf68614088b80899f8185d706f6e7 -> 
  custom:video-encoder-webm-vp8: eb34c28f22e8b96e1ab97ce403110664 -> 
  custom:audio-decoder-ogg-vorbis: bf7c407c2cedff20999df2af8eb42d56 -> 
  custom:audio-encoder-webm-vorbis: bf7c407c2cedff20999df2af8eb42d56 -> 
  custom:scripting/monoscript/fileName/RAIKA.cs: 95fc2a643a49722f77f9c792c0cc5c1b -> 
  custom:scripting/precompiled-assembly-types:Assembly-CSharp: a1a3b37f62278baada77ddca63506231 -> 8e4451fd7b8041e811e8b85aaf8b7e55
========================================================================
Received Prepare
Caller must complete domain reload
Begin MonoManager ReloadAssembly
- Loaded All Assemblies, in  0.834 seconds
Native extension for WindowsStandalone target not found
Native extension for WebGL target not found
Mono: successfully reloaded assembly
- Finished resetting the current domain, in  1.562 seconds
Domain Reload Profiling: 2391ms
	BeginReloadAssembly (225ms)
		ExecutionOrderSort (0ms)
		DisableScriptedObjects (7ms)
		BackupInstance (0ms)
		ReleaseScriptingObjects (0ms)
		CreateAndSetChildDomain (41ms)
	RebuildCommonClasses (69ms)
	RebuildNativeTypeToScriptingClass (26ms)
	initialDomainReloadingComplete (71ms)
	LoadAllAssembliesAndSetupDomain (437ms)
		LoadAssemblies (516ms)
		RebuildTransferFunctionScriptingTraits (0ms)
		AnalyzeDomain (47ms)
			TypeCache.Refresh (16ms)
				TypeCache.ScanAssembly (2ms)
			ScanForSourceGeneratedMonoScriptInfo (14ms)
			ResolveRequiredComponents (14ms)
	FinalizeReload (1563ms)
		ReleaseScriptCaches (0ms)
		RebuildScriptCaches (0ms)
		SetupLoadedEditorAssemblies (624ms)
			LogAssemblyErrors (0ms)
			InitializePlatformSupportModulesInManaged (16ms)
			SetLoadedEditorAssemblies (4ms)
			RefreshPlugins (0ms)
			BeforeProcessingInitializeOnLoad (116ms)
			ProcessInitializeOnLoadAttributes (432ms)
			ProcessInitializeOnLoadMethodAttributes (42ms)
			AfterProcessingInitializeOnLoad (14ms)
			EditorAssembliesLoaded (0ms)
		ExecutionOrderSort2 (0ms)
		AwakeInstancesAfterBackupRestoration (9ms)
Refreshing native plugins compatible for Editor in 7.41 ms, found 3 plugins.
Preloading 0 native plugins for Editor in 0.00 ms.
Unloading 3654 Unused Serialized files (Serialized files now loaded: 0)
Unloading 19 unused Assets / (31.2 KB). Loaded Objects now: 4427.
Memory consumption went from 139.2 MB to 139.2 MB.
Total: 3.570900 ms (FindLiveObjects: 0.381300 ms CreateObjectMapping: 0.443400 ms MarkObjects: 2.698100 ms  DeleteObjects: 0.047200 ms)

Prepare: number of updated asset objects reloaded= 0
AssetImportParameters requested are different than current active one (requested -> active):
  custom:container-demuxer-ogg: 62fdf1f143b41e24485cea50d1cbac27 -> 
  custom:video-codec-MediaFoundation-h265: 746d11721c4dcdbdad8f713fa42b33f4 -> 
  custom:video-decoder-ogg-theora: a1e56fd34408186e4bbccfd4996cb3dc -> 
  custom:framework-win-MediaFoundation: 216162199b28c13a410421893ffa2e32 -> 
  custom:CustomObjectIndexerAttribute: 9a22284fe3817be447336de3de66b15e -> 
  custom:container-demuxer-webm: 4f35f7cbe854078d1ac9338744f61a02 -> 
  custom:container-muxer-webm: aa71ff27fc2769a1b78a27578f13a17b -> 
  custom:video-decoder-webm-vp8: 9c59270c3fd7afecdb556c50c9e8de78 -> 
  custom:SearchIndexIgnoredProperties: e643bd26f0fe6173181afceb89e7c659 -> 
  custom:AudioImporter_EditorPlatform: d09bf68614088b80899f8185d706f6e7 -> 
  custom:video-encoder-webm-vp8: eb34c28f22e8b96e1ab97ce403110664 -> 
  custom:audio-decoder-ogg-vorbis: bf7c407c2cedff20999df2af8eb42d56 -> 
  custom:audio-encoder-webm-vorbis: bf7c407c2cedff20999df2af8eb42d56 -> 
  custom:scripting/monoscript/fileName/RAIKA.cs: 95fc2a643a49722f77f9c792c0cc5c1b -> 
  custom:scripting/precompiled-assembly-types:Assembly-CSharp: a1a3b37f62278baada77ddca63506231 -> 8e4451fd7b8041e811e8b85aaf8b7e55
========================================================================
Received Prepare
Caller must complete domain reload
Begin MonoManager ReloadAssembly
- Loaded All Assemblies, in  0.678 seconds
Native extension for WindowsStandalone target not found
Native extension for WebGL target not found
Mono: successfully reloaded assembly
- Finished resetting the current domain, in  2.424 seconds
Domain Reload Profiling: 3097ms
	BeginReloadAssembly (211ms)
		ExecutionOrderSort (0ms)
		DisableScriptedObjects (8ms)
		BackupInstance (0ms)
		ReleaseScriptingObjects (0ms)
		CreateAndSetChildDomain (41ms)
	RebuildCommonClasses (55ms)
	RebuildNativeTypeToScriptingClass (20ms)
	initialDomainReloadingComplete (50ms)
	LoadAllAssembliesAndSetupDomain (336ms)
		LoadAssemblies (439ms)
		RebuildTransferFunctionScriptingTraits (0ms)
		AnalyzeDomain (19ms)
			TypeCache.Refresh (8ms)
				TypeCache.ScanAssembly (0ms)
			ScanForSourceGeneratedMonoScriptInfo (0ms)
			ResolveRequiredComponents (8ms)
	FinalizeReload (2425ms)
		ReleaseScriptCaches (0ms)
		RebuildScriptCaches (0ms)
		SetupLoadedEditorAssemblies (1457ms)
			LogAssemblyErrors (0ms)
			InitializePlatformSupportModulesInManaged (34ms)
			SetLoadedEditorAssemblies (11ms)
			RefreshPlugins (0ms)
			BeforeProcessingInitializeOnLoad (241ms)
			ProcessInitializeOnLoadAttributes (1040ms)
			ProcessInitializeOnLoadMethodAttributes (103ms)
			AfterProcessingInitializeOnLoad (28ms)
			EditorAssembliesLoaded (0ms)
		ExecutionOrderSort2 (0ms)
		AwakeInstancesAfterBackupRestoration (20ms)
Refreshing native plugins compatible for Editor in 28.13 ms, found 3 plugins.
Preloading 0 native plugins for Editor in 0.00 ms.
Unloading 3654 Unused Serialized files (Serialized files now loaded: 0)
Unloading 19 unused Assets / (31.1 KB). Loaded Objects now: 4430.
Memory consumption went from 139.2 MB to 139.2 MB.
Total: 7.787000 ms (FindLiveObjects: 1.113300 ms CreateObjectMapping: 0.370900 ms MarkObjects: 6.185300 ms  DeleteObjects: 0.115300 ms)

Prepare: number of updated asset objects reloaded= 0
AssetImportParameters requested are different than current active one (requested -> active):
  custom:container-demuxer-ogg: 62fdf1f143b41e24485cea50d1cbac27 -> 
  custom:video-codec-MediaFoundation-h265: 746d11721c4dcdbdad8f713fa42b33f4 -> 
  custom:video-decoder-ogg-theora: a1e56fd34408186e4bbccfd4996cb3dc -> 
  custom:framework-win-MediaFoundation: 216162199b28c13a410421893ffa2e32 -> 
  custom:CustomObjectIndexerAttribute: 9a22284fe3817be447336de3de66b15e -> 
  custom:container-demuxer-webm: 4f35f7cbe854078d1ac9338744f61a02 -> 
  custom:container-muxer-webm: aa71ff27fc2769a1b78a27578f13a17b -> 
  custom:video-decoder-webm-vp8: 9c59270c3fd7afecdb556c50c9e8de78 -> 
  custom:SearchIndexIgnoredProperties: e643bd26f0fe6173181afceb89e7c659 -> 
  custom:AudioImporter_EditorPlatform: d09bf68614088b80899f8185d706f6e7 -> 
  custom:video-encoder-webm-vp8: eb34c28f22e8b96e1ab97ce403110664 -> 
  custom:audio-decoder-ogg-vorbis: bf7c407c2cedff20999df2af8eb42d56 -> 
  custom:audio-encoder-webm-vorbis: bf7c407c2cedff20999df2af8eb42d56 -> 
  custom:scripting/monoscript/fileName/RAIKA.cs: 95fc2a643a49722f77f9c792c0cc5c1b -> 
  custom:scripting/precompiled-assembly-types:Assembly-CSharp: a1a3b37f62278baada77ddca63506231 -> 8e4451fd7b8041e811e8b85aaf8b7e55
========================================================================
Received Prepare
Caller must complete domain reload
Begin MonoManager ReloadAssembly
- Loaded All Assemblies, in  0.732 seconds
Native extension for WindowsStandalone target not found
Native extension for WebGL target not found
Mono: successfully reloaded assembly
- Finished resetting the current domain, in  1.668 seconds
Domain Reload Profiling: 2391ms
	BeginReloadAssembly (214ms)
		ExecutionOrderSort (0ms)
		DisableScriptedObjects (8ms)
		BackupInstance (0ms)
		ReleaseScriptingObjects (0ms)
		CreateAndSetChildDomain (37ms)
	RebuildCommonClasses (52ms)
	RebuildNativeTypeToScriptingClass (20ms)
	initialDomainReloadingComplete (58ms)
	LoadAllAssembliesAndSetupDomain (378ms)
		LoadAssemblies (459ms)
		RebuildTransferFunctionScriptingTraits (0ms)
		AnalyzeDomain (43ms)
			TypeCache.Refresh (13ms)
				TypeCache.ScanAssembly (2ms)
			ScanForSourceGeneratedMonoScriptInfo (15ms)
			ResolveRequiredComponents (13ms)
	FinalizeReload (1669ms)
		ReleaseScriptCaches (0ms)
		RebuildScriptCaches (0ms)
		SetupLoadedEditorAssemblies (774ms)
			LogAssemblyErrors (0ms)
			InitializePlatformSupportModulesInManaged (18ms)
			SetLoadedEditorAssemblies (6ms)
			RefreshPlugins (0ms)
			BeforeProcessingInitializeOnLoad (129ms)
			ProcessInitializeOnLoadAttributes (530ms)
			ProcessInitializeOnLoadMethodAttributes (68ms)
			AfterProcessingInitializeOnLoad (23ms)
			EditorAssembliesLoaded (0ms)
		ExecutionOrderSort2 (0ms)
		AwakeInstancesAfterBackupRestoration (14ms)
Refreshing native plugins compatible for Editor in 7.89 ms, found 3 plugins.
Preloading 0 native plugins for Editor in 0.00 ms.
Unloading 3654 Unused Serialized files (Serialized files now loaded: 0)
Unloading 19 unused Assets / (31.1 KB). Loaded Objects now: 4433.
Memory consumption went from 139.2 MB to 139.2 MB.
Total: 3.102500 ms (FindLiveObjects: 0.321700 ms CreateObjectMapping: 0.250800 ms MarkObjects: 2.487600 ms  DeleteObjects: 0.041600 ms)

Prepare: number of updated asset objects reloaded= 0
AssetImportParameters requested are different than current active one (requested -> active):
  custom:container-demuxer-ogg: 62fdf1f143b41e24485cea50d1cbac27 -> 
  custom:video-codec-MediaFoundation-h265: 746d11721c4dcdbdad8f713fa42b33f4 -> 
  custom:video-decoder-ogg-theora: a1e56fd34408186e4bbccfd4996cb3dc -> 
  custom:framework-win-MediaFoundation: 216162199b28c13a410421893ffa2e32 -> 
  custom:CustomObjectIndexerAttribute: 9a22284fe3817be447336de3de66b15e -> 
  custom:container-demuxer-webm: 4f35f7cbe854078d1ac9338744f61a02 -> 
  custom:container-muxer-webm: aa71ff27fc2769a1b78a27578f13a17b -> 
  custom:video-decoder-webm-vp8: 9c59270c3fd7afecdb556c50c9e8de78 -> 
  custom:SearchIndexIgnoredProperties: e643bd26f0fe6173181afceb89e7c659 -> 
  custom:AudioImporter_EditorPlatform: d09bf68614088b80899f8185d706f6e7 -> 
  custom:video-encoder-webm-vp8: eb34c28f22e8b96e1ab97ce403110664 -> 
  custom:audio-decoder-ogg-vorbis: bf7c407c2cedff20999df2af8eb42d56 -> 
  custom:audio-encoder-webm-vorbis: bf7c407c2cedff20999df2af8eb42d56 -> 
  custom:scripting/monoscript/fileName/RAIKA.cs: 95fc2a643a49722f77f9c792c0cc5c1b -> 
  custom:scripting/precompiled-assembly-types:Assembly-CSharp: a1a3b37f62278baada77ddca63506231 -> 8e4451fd7b8041e811e8b85aaf8b7e55
========================================================================
Received Prepare
Caller must complete domain reload
Begin MonoManager ReloadAssembly
- Loaded All Assemblies, in  0.700 seconds
Native extension for WindowsStandalone target not found
Native extension for WebGL target not found
Mono: successfully reloaded assembly
- Finished resetting the current domain, in  2.312 seconds
Domain Reload Profiling: 3006ms
	BeginReloadAssembly (220ms)
		ExecutionOrderSort (0ms)
		DisableScriptedObjects (6ms)
		BackupInstance (0ms)
		ReleaseScriptingObjects (0ms)
		CreateAndSetChildDomain (45ms)
	RebuildCommonClasses (60ms)
	RebuildNativeTypeToScriptingClass (21ms)
	initialDomainReloadingComplete (55ms)
	LoadAllAssembliesAndSetupDomain (337ms)
		LoadAssemblies (441ms)
		RebuildTransferFunctionScriptingTraits (0ms)
		AnalyzeDomain (21ms)
			TypeCache.Refresh (9ms)
				TypeCache.ScanAssembly (0ms)
			ScanForSourceGeneratedMonoScriptInfo (0ms)
			ResolveRequiredComponents (9ms)
	FinalizeReload (2313ms)
		ReleaseScriptCaches (0ms)
		RebuildScriptCaches (0ms)
		SetupLoadedEditorAssemblies (1445ms)
			LogAssemblyErrors (0ms)
			InitializePlatformSupportModulesInManaged (14ms)
			SetLoadedEditorAssemblies (6ms)
			RefreshPlugins (0ms)
			BeforeProcessingInitializeOnLoad (222ms)
			ProcessInitializeOnLoadAttributes (1064ms)
			ProcessInitializeOnLoadMethodAttributes (106ms)
			AfterProcessingInitializeOnLoad (32ms)
			EditorAssembliesLoaded (0ms)
		ExecutionOrderSort2 (1ms)
		AwakeInstancesAfterBackupRestoration (22ms)
Refreshing native plugins compatible for Editor in 17.60 ms, found 3 plugins.
Preloading 0 native plugins for Editor in 0.00 ms.
Unloading 3654 Unused Serialized files (Serialized files now loaded: 0)
Unloading 19 unused Assets / (31.1 KB). Loaded Objects now: 4436.
Memory consumption went from 139.2 MB to 139.2 MB.
Total: 5.693900 ms (FindLiveObjects: 0.481200 ms CreateObjectMapping: 0.329600 ms MarkObjects: 4.601100 ms  DeleteObjects: 0.278600 ms)

Prepare: number of updated asset objects reloaded= 0
AssetImportParameters requested are different than current active one (requested -> active):
  custom:container-demuxer-ogg: 62fdf1f143b41e24485cea50d1cbac27 -> 
  custom:video-codec-MediaFoundation-h265: 746d11721c4dcdbdad8f713fa42b33f4 -> 
  custom:video-decoder-ogg-theora: a1e56fd34408186e4bbccfd4996cb3dc -> 
  custom:framework-win-MediaFoundation: 216162199b28c13a410421893ffa2e32 -> 
  custom:CustomObjectIndexerAttribute: 9a22284fe3817be447336de3de66b15e -> 
  custom:container-demuxer-webm: 4f35f7cbe854078d1ac9338744f61a02 -> 
  custom:container-muxer-webm: aa71ff27fc2769a1b78a27578f13a17b -> 
  custom:video-decoder-webm-vp8: 9c59270c3fd7afecdb556c50c9e8de78 -> 
  custom:SearchIndexIgnoredProperties: e643bd26f0fe6173181afceb89e7c659 -> 
  custom:AudioImporter_EditorPlatform: d09bf68614088b80899f8185d706f6e7 -> 
  custom:video-encoder-webm-vp8: eb34c28f22e8b96e1ab97ce403110664 -> 
  custom:audio-decoder-ogg-vorbis: bf7c407c2cedff20999df2af8eb42d56 -> 
  custom:audio-encoder-webm-vorbis: bf7c407c2cedff20999df2af8eb42d56 -> 
  custom:scripting/monoscript/fileName/RAIKA.cs: 95fc2a643a49722f77f9c792c0cc5c1b -> 
  custom:scripting/precompiled-assembly-types:Assembly-CSharp: a1a3b37f62278baada77ddca63506231 -> 8e4451fd7b8041e811e8b85aaf8b7e55
========================================================================
Received Prepare
Caller must complete domain reload
Begin MonoManager ReloadAssembly
- Loaded All Assemblies, in  0.679 seconds
Native extension for WindowsStandalone target not found
Native extension for WebGL target not found
Mono: successfully reloaded assembly
- Finished resetting the current domain, in  2.090 seconds
Domain Reload Profiling: 2763ms
	BeginReloadAssembly (210ms)
		ExecutionOrderSort (0ms)
		DisableScriptedObjects (8ms)
		BackupInstance (0ms)
		ReleaseScriptingObjects (0ms)
		CreateAndSetChildDomain (39ms)
	RebuildCommonClasses (55ms)
	RebuildNativeTypeToScriptingClass (21ms)
	initialDomainReloadingComplete (50ms)
	LoadAllAssembliesAndSetupDomain (335ms)
		LoadAssemblies (436ms)
		RebuildTransferFunctionScriptingTraits (0ms)
		AnalyzeDomain (19ms)
			TypeCache.Refresh (8ms)
				TypeCache.ScanAssembly (0ms)
			ScanForSourceGeneratedMonoScriptInfo (0ms)
			ResolveRequiredComponents (8ms)
	FinalizeReload (2091ms)
		ReleaseScriptCaches (0ms)
		RebuildScriptCaches (0ms)
		SetupLoadedEditorAssemblies (1210ms)
			LogAssemblyErrors (0ms)
			InitializePlatformSupportModulesInManaged (18ms)
			SetLoadedEditorAssemblies (6ms)
			RefreshPlugins (0ms)
			BeforeProcessingInitializeOnLoad (152ms)
			ProcessInitializeOnLoadAttributes (899ms)
			ProcessInitializeOnLoadMethodAttributes (103ms)
			AfterProcessingInitializeOnLoad (33ms)
			EditorAssembliesLoaded (0ms)
		ExecutionOrderSort2 (0ms)
		AwakeInstancesAfterBackupRestoration (21ms)
Refreshing native plugins compatible for Editor in 17.72 ms, found 3 plugins.
Preloading 0 native plugins for Editor in 0.00 ms.
Unloading 3654 Unused Serialized files (Serialized files now loaded: 0)
Unloading 19 unused Assets / (31.1 KB). Loaded Objects now: 4439.
Memory consumption went from 139.2 MB to 139.2 MB.
Total: 7.130400 ms (FindLiveObjects: 0.476900 ms CreateObjectMapping: 0.389800 ms MarkObjects: 6.172700 ms  DeleteObjects: 0.089400 ms)

Prepare: number of updated asset objects reloaded= 0
AssetImportParameters requested are different than current active one (requested -> active):
  custom:container-demuxer-ogg: 62fdf1f143b41e24485cea50d1cbac27 -> 
  custom:video-codec-MediaFoundation-h265: 746d11721c4dcdbdad8f713fa42b33f4 -> 
  custom:video-decoder-ogg-theora: a1e56fd34408186e4bbccfd4996cb3dc -> 
  custom:framework-win-MediaFoundation: 216162199b28c13a410421893ffa2e32 -> 
  custom:CustomObjectIndexerAttribute: 9a22284fe3817be447336de3de66b15e -> 
  custom:container-demuxer-webm: 4f35f7cbe854078d1ac9338744f61a02 -> 
  custom:container-muxer-webm: aa71ff27fc2769a1b78a27578f13a17b -> 
  custom:video-decoder-webm-vp8: 9c59270c3fd7afecdb556c50c9e8de78 -> 
  custom:SearchIndexIgnoredProperties: e643bd26f0fe6173181afceb89e7c659 -> 
  custom:AudioImporter_EditorPlatform: d09bf68614088b80899f8185d706f6e7 -> 
  custom:video-encoder-webm-vp8: eb34c28f22e8b96e1ab97ce403110664 -> 
  custom:audio-decoder-ogg-vorbis: bf7c407c2cedff20999df2af8eb42d56 -> 
  custom:audio-encoder-webm-vorbis: bf7c407c2cedff20999df2af8eb42d56 -> 
  custom:scripting/monoscript/fileName/RAIKA.cs: 95fc2a643a49722f77f9c792c0cc5c1b -> 
  custom:scripting/precompiled-assembly-types:Assembly-CSharp: a1a3b37f62278baada77ddca63506231 -> 8e4451fd7b8041e811e8b85aaf8b7e55
========================================================================
Received Prepare
Caller must complete domain reload
Begin MonoManager ReloadAssembly
- Loaded All Assemblies, in  0.796 seconds
Native extension for WindowsStandalone target not found
Native extension for WebGL target not found
Mono: successfully reloaded assembly
- Finished resetting the current domain, in  1.549 seconds
Domain Reload Profiling: 2338ms
	BeginReloadAssembly (216ms)
		ExecutionOrderSort (0ms)
		DisableScriptedObjects (8ms)
		BackupInstance (0ms)
		ReleaseScriptingObjects (0ms)
		CreateAndSetChildDomain (39ms)
	RebuildCommonClasses (63ms)
	RebuildNativeTypeToScriptingClass (22ms)
	initialDomainReloadingComplete (67ms)
	LoadAllAssembliesAndSetupDomain (419ms)
		LoadAssemblies (506ms)
		RebuildTransferFunctionScriptingTraits (0ms)
		AnalyzeDomain (43ms)
			TypeCache.Refresh (17ms)
				TypeCache.ScanAssembly (2ms)
			ScanForSourceGeneratedMonoScriptInfo (13ms)
			ResolveRequiredComponents (10ms)
	FinalizeReload (1550ms)
		ReleaseScriptCaches (0ms)
		RebuildScriptCaches (0ms)
		SetupLoadedEditorAssemblies (682ms)
			LogAssemblyErrors (0ms)
			InitializePlatformSupportModulesInManaged (15ms)
			SetLoadedEditorAssemblies (5ms)
			RefreshPlugins (0ms)
			BeforeProcessingInitializeOnLoad (109ms)
			ProcessInitializeOnLoadAttributes (486ms)
			ProcessInitializeOnLoadMethodAttributes (52ms)
			AfterProcessingInitializeOnLoad (13ms)
			EditorAssembliesLoaded (1ms)
		ExecutionOrderSort2 (0ms)
		AwakeInstancesAfterBackupRestoration (18ms)
Script is not up to date after domain reload: guid(dc60b72a7348f1c4caff9f6a48033a7f) path("Assets/Scripts/RAIKA.cs") state(2)
Refreshing native plugins compatible for Editor in 15.16 ms, found 3 plugins.
Preloading 0 native plugins for Editor in 0.00 ms.
Unloading 3653 Unused Serialized files (Serialized files now loaded: 0)
Unloading 19 unused Assets / (31.2 KB). Loaded Objects now: 4441.
Memory consumption went from 139.2 MB to 139.2 MB.
Total: 4.669200 ms (FindLiveObjects: 0.330900 ms CreateObjectMapping: 0.268300 ms MarkObjects: 4.009900 ms  DeleteObjects: 0.059100 ms)

Prepare: number of updated asset objects reloaded= 0
AssetImportParameters requested are different than current active one (requested -> active):
  custom:container-demuxer-ogg: 62fdf1f143b41e24485cea50d1cbac27 -> 
  custom:video-codec-MediaFoundation-h265: 746d11721c4dcdbdad8f713fa42b33f4 -> 
  custom:video-decoder-ogg-theora: a1e56fd34408186e4bbccfd4996cb3dc -> 
  custom:framework-win-MediaFoundation: 216162199b28c13a410421893ffa2e32 -> 
  custom:CustomObjectIndexerAttribute: 9a22284fe3817be447336de3de66b15e -> 
  custom:container-demuxer-webm: 4f35f7cbe854078d1ac9338744f61a02 -> 
  custom:container-muxer-webm: aa71ff27fc2769a1b78a27578f13a17b -> 
  custom:video-decoder-webm-vp8: 9c59270c3fd7afecdb556c50c9e8de78 -> 
  custom:SearchIndexIgnoredProperties: e643bd26f0fe6173181afceb89e7c659 -> 
  custom:AudioImporter_EditorPlatform: d09bf68614088b80899f8185d706f6e7 -> 
  custom:video-encoder-webm-vp8: eb34c28f22e8b96e1ab97ce403110664 -> 
  custom:audio-decoder-ogg-vorbis: bf7c407c2cedff20999df2af8eb42d56 -> 
  custom:audio-encoder-webm-vorbis: bf7c407c2cedff20999df2af8eb42d56 -> 
  custom:scripting/monoscript/fileName/RAIKA.cs: 95fc2a643a49722f77f9c792c0cc5c1b -> 
  custom:scripting/precompiled-assembly-types:Assembly-CSharp: a1a3b37f62278baada77ddca63506231 -> 8e4451fd7b8041e811e8b85aaf8b7e55
========================================================================
Received Prepare
Caller must complete domain reload
Begin MonoManager ReloadAssembly
- Loaded All Assemblies, in  0.710 seconds
Native extension for WindowsStandalone target not found
Native extension for WebGL target not found
Mono: successfully reloaded assembly
- Finished resetting the current domain, in  1.476 seconds
Domain Reload Profiling: 2181ms
	BeginReloadAssembly (213ms)
		ExecutionOrderSort (0ms)
		DisableScriptedObjects (5ms)
		BackupInstance (0ms)
		ReleaseScriptingObjects (0ms)
		CreateAndSetChildDomain (38ms)
	RebuildCommonClasses (58ms)
	RebuildNativeTypeToScriptingClass (20ms)
	initialDomainReloadingComplete (50ms)
	LoadAllAssembliesAndSetupDomain (363ms)
		LoadAssemblies (457ms)
		RebuildTransferFunctionScriptingTraits (0ms)
		AnalyzeDomain (34ms)
			TypeCache.Refresh (13ms)
				TypeCache.ScanAssembly (1ms)
			ScanForSourceGeneratedMonoScriptInfo (9ms)
			ResolveRequiredComponents (9ms)
	FinalizeReload (1477ms)
		ReleaseScriptCaches (0ms)
		RebuildScriptCaches (0ms)
		SetupLoadedEditorAssemblies (662ms)
			LogAssemblyErrors (0ms)
			InitializePlatformSupportModulesInManaged (16ms)
			SetLoadedEditorAssemblies (4ms)
			RefreshPlugins (0ms)
			BeforeProcessingInitializeOnLoad (126ms)
			ProcessInitializeOnLoadAttributes (450ms)
			ProcessInitializeOnLoadMethodAttributes (46ms)
			AfterProcessingInitializeOnLoad (20ms)
			EditorAssembliesLoaded (0ms)
		ExecutionOrderSort2 (0ms)
		AwakeInstancesAfterBackupRestoration (13ms)
Refreshing native plugins compatible for Editor in 6.10 ms, found 3 plugins.
Preloading 0 native plugins for Editor in 0.00 ms.
Unloading 3654 Unused Serialized files (Serialized files now loaded: 0)
Unloading 19 unused Assets / (31.1 KB). Loaded Objects now: 4445.
Memory consumption went from 139.2 MB to 139.2 MB.
Total: 3.215900 ms (FindLiveObjects: 0.303200 ms CreateObjectMapping: 0.263500 ms MarkObjects: 2.609000 ms  DeleteObjects: 0.039200 ms)

Prepare: number of updated asset objects reloaded= 0
AssetImportParameters requested are different than current active one (requested -> active):
  custom:container-demuxer-ogg: 62fdf1f143b41e24485cea50d1cbac27 -> 
  custom:video-codec-MediaFoundation-h265: 746d11721c4dcdbdad8f713fa42b33f4 -> 
  custom:video-decoder-ogg-theora: a1e56fd34408186e4bbccfd4996cb3dc -> 
  custom:framework-win-MediaFoundation: 216162199b28c13a410421893ffa2e32 -> 
  custom:CustomObjectIndexerAttribute: 9a22284fe3817be447336de3de66b15e -> 
  custom:container-demuxer-webm: 4f35f7cbe854078d1ac9338744f61a02 -> 
  custom:container-muxer-webm: aa71ff27fc2769a1b78a27578f13a17b -> 
  custom:video-decoder-webm-vp8: 9c59270c3fd7afecdb556c50c9e8de78 -> 
  custom:SearchIndexIgnoredProperties: e643bd26f0fe6173181afceb89e7c659 -> 
  custom:AudioImporter_EditorPlatform: d09bf68614088b80899f8185d706f6e7 -> 
  custom:video-encoder-webm-vp8: eb34c28f22e8b96e1ab97ce403110664 -> 
  custom:audio-decoder-ogg-vorbis: bf7c407c2cedff20999df2af8eb42d56 -> 
  custom:audio-encoder-webm-vorbis: bf7c407c2cedff20999df2af8eb42d56 -> 
  custom:scripting/monoscript/fileName/RAIKA.cs: 95fc2a643a49722f77f9c792c0cc5c1b -> 
  custom:scripting/precompiled-assembly-types:Assembly-CSharp: a1a3b37f62278baada77ddca63506231 -> 8e4451fd7b8041e811e8b85aaf8b7e55
========================================================================
Received Prepare
Caller must complete domain reload
Begin MonoManager ReloadAssembly
- Loaded All Assemblies, in  0.741 seconds
Native extension for WindowsStandalone target not found
Native extension for WebGL target not found
Mono: successfully reloaded assembly
- Finished resetting the current domain, in  1.486 seconds
Domain Reload Profiling: 2221ms
	BeginReloadAssembly (227ms)
		ExecutionOrderSort (0ms)
		DisableScriptedObjects (8ms)
		BackupInstance (0ms)
		ReleaseScriptingObjects (0ms)
		CreateAndSetChildDomain (42ms)
	RebuildCommonClasses (57ms)
	RebuildNativeTypeToScriptingClass (21ms)
	initialDomainReloadingComplete (51ms)
	LoadAllAssembliesAndSetupDomain (379ms)
		LoadAssemblies (461ms)
		RebuildTransferFunctionScriptingTraits (0ms)
		AnalyzeDomain (49ms)
			TypeCache.Refresh (20ms)
				TypeCache.ScanAssembly (2ms)
			ScanForSourceGeneratedMonoScriptInfo (15ms)
			ResolveRequiredComponents (9ms)
	FinalizeReload (1486ms)
		ReleaseScriptCaches (0ms)
		RebuildScriptCaches (0ms)
		SetupLoadedEditorAssemblies (623ms)
			LogAssemblyErrors (0ms)
			InitializePlatformSupportModulesInManaged (16ms)
			SetLoadedEditorAssemblies (5ms)
			RefreshPlugins (0ms)
			BeforeProcessingInitializeOnLoad (121ms)
			ProcessInitializeOnLoadAttributes (421ms)
			ProcessInitializeOnLoadMethodAttributes (46ms)
			AfterProcessingInitializeOnLoad (13ms)
			EditorAssembliesLoaded (0ms)
		ExecutionOrderSort2 (0ms)
		AwakeInstancesAfterBackupRestoration (10ms)
Refreshing native plugins compatible for Editor in 7.01 ms, found 3 plugins.
Preloading 0 native plugins for Editor in 0.00 ms.
Unloading 3654 Unused Serialized files (Serialized files now loaded: 0)
Unloading 19 unused Assets / (31.1 KB). Loaded Objects now: 4448.
Memory consumption went from 139.2 MB to 139.2 MB.
Total: 7.215800 ms (FindLiveObjects: 0.853000 ms CreateObjectMapping: 0.940300 ms MarkObjects: 5.337000 ms  DeleteObjects: 0.083900 ms)

Prepare: number of updated asset objects reloaded= 0
AssetImportParameters requested are different than current active one (requested -> active):
  custom:container-demuxer-ogg: 62fdf1f143b41e24485cea50d1cbac27 -> 
  custom:video-codec-MediaFoundation-h265: 746d11721c4dcdbdad8f713fa42b33f4 -> 
  custom:video-decoder-ogg-theora: a1e56fd34408186e4bbccfd4996cb3dc -> 
  custom:framework-win-MediaFoundation: 216162199b28c13a410421893ffa2e32 -> 
  custom:CustomObjectIndexerAttribute: 9a22284fe3817be447336de3de66b15e -> 
  custom:container-demuxer-webm: 4f35f7cbe854078d1ac9338744f61a02 -> 
  custom:container-muxer-webm: aa71ff27fc2769a1b78a27578f13a17b -> 
  custom:video-decoder-webm-vp8: 9c59270c3fd7afecdb556c50c9e8de78 -> 
  custom:SearchIndexIgnoredProperties: e643bd26f0fe6173181afceb89e7c659 -> 
  custom:AudioImporter_EditorPlatform: d09bf68614088b80899f8185d706f6e7 -> 
  custom:video-encoder-webm-vp8: eb34c28f22e8b96e1ab97ce403110664 -> 
  custom:audio-decoder-ogg-vorbis: bf7c407c2cedff20999df2af8eb42d56 -> 
  custom:audio-encoder-webm-vorbis: bf7c407c2cedff20999df2af8eb42d56 -> 
  custom:scripting/monoscript/fileName/RAIKA.cs: 95fc2a643a49722f77f9c792c0cc5c1b -> 
  custom:scripting/precompiled-assembly-types:Assembly-CSharp: a1a3b37f62278baada77ddca63506231 -> 8e4451fd7b8041e811e8b85aaf8b7e55
========================================================================
Received Prepare
Caller must complete domain reload
Begin MonoManager ReloadAssembly
- Loaded All Assemblies, in  1.142 seconds
Native extension for WindowsStandalone target not found
Native extension for WebGL target not found
Mono: successfully reloaded assembly
- Finished resetting the current domain, in  3.319 seconds
Domain Reload Profiling: 4451ms
	BeginReloadAssembly (324ms)
		ExecutionOrderSort (0ms)
		DisableScriptedObjects (11ms)
		BackupInstance (0ms)
		ReleaseScriptingObjects (0ms)
		CreateAndSetChildDomain (52ms)
	RebuildCommonClasses (85ms)
	RebuildNativeTypeToScriptingClass (32ms)
	initialDomainReloadingComplete (86ms)
	LoadAllAssembliesAndSetupDomain (603ms)
		LoadAssemblies (773ms)
		RebuildTransferFunctionScriptingTraits (0ms)
		AnalyzeDomain (29ms)
			TypeCache.Refresh (10ms)
				TypeCache.ScanAssembly (0ms)
			ScanForSourceGeneratedMonoScriptInfo (0ms)
			ResolveRequiredComponents (15ms)
	FinalizeReload (3321ms)
		ReleaseScriptCaches (0ms)
		RebuildScriptCaches (0ms)
		SetupLoadedEditorAssemblies (1747ms)
			LogAssemblyErrors (0ms)
			InitializePlatformSupportModulesInManaged (32ms)
			SetLoadedEditorAssemblies (11ms)
			RefreshPlugins (0ms)
			BeforeProcessingInitializeOnLoad (319ms)
			ProcessInitializeOnLoadAttributes (1209ms)
			ProcessInitializeOnLoadMethodAttributes (132ms)
			AfterProcessingInitializeOnLoad (43ms)
			EditorAssembliesLoaded (1ms)
		ExecutionOrderSort2 (0ms)
		AwakeInstancesAfterBackupRestoration (25ms)
Refreshing native plugins compatible for Editor in 28.27 ms, found 3 plugins.
Preloading 0 native plugins for Editor in 0.00 ms.
Unloading 3654 Unused Serialized files (Serialized files now loaded: 0)
Unloading 19 unused Assets / (31.1 KB). Loaded Objects now: 4451.
Memory consumption went from 139.2 MB to 139.2 MB.
Total: 11.421900 ms (FindLiveObjects: 0.777400 ms CreateObjectMapping: 0.830900 ms MarkObjects: 9.593400 ms  DeleteObjects: 0.217800 ms)

Prepare: number of updated asset objects reloaded= 0
AssetImportParameters requested are different than current active one (requested -> active):
  custom:container-demuxer-ogg: 62fdf1f143b41e24485cea50d1cbac27 -> 
  custom:video-codec-MediaFoundation-h265: 746d11721c4dcdbdad8f713fa42b33f4 -> 
  custom:video-decoder-ogg-theora: a1e56fd34408186e4bbccfd4996cb3dc -> 
  custom:framework-win-MediaFoundation: 216162199b28c13a410421893ffa2e32 -> 
  custom:CustomObjectIndexerAttribute: 9a22284fe3817be447336de3de66b15e -> 
  custom:container-demuxer-webm: 4f35f7cbe854078d1ac9338744f61a02 -> 
  custom:container-muxer-webm: aa71ff27fc2769a1b78a27578f13a17b -> 
  custom:video-decoder-webm-vp8: 9c59270c3fd7afecdb556c50c9e8de78 -> 
  custom:SearchIndexIgnoredProperties: e643bd26f0fe6173181afceb89e7c659 -> 
  custom:AudioImporter_EditorPlatform: d09bf68614088b80899f8185d706f6e7 -> 
  custom:video-encoder-webm-vp8: eb34c28f22e8b96e1ab97ce403110664 -> 
  custom:audio-decoder-ogg-vorbis: bf7c407c2cedff20999df2af8eb42d56 -> 
  custom:audio-encoder-webm-vorbis: bf7c407c2cedff20999df2af8eb42d56 -> 
  custom:scripting/monoscript/fileName/RAIKA.cs: 95fc2a643a49722f77f9c792c0cc5c1b -> 
  custom:scripting/precompiled-assembly-types:Assembly-CSharp: a1a3b37f62278baada77ddca63506231 -> 8e4451fd7b8041e811e8b85aaf8b7e55
========================================================================
Received Prepare
Caller must complete domain reload
Begin MonoManager ReloadAssembly
- Loaded All Assemblies, in  0.928 seconds
Native extension for WindowsStandalone target not found
Native extension for WebGL target not found
Mono: successfully reloaded assembly
- Finished resetting the current domain, in  1.902 seconds
Domain Reload Profiling: 2822ms
	BeginReloadAssembly (256ms)
		ExecutionOrderSort (0ms)
		DisableScriptedObjects (9ms)
		BackupInstance (0ms)
		ReleaseScriptingObjects (0ms)
		CreateAndSetChildDomain (47ms)
	RebuildCommonClasses (69ms)
	RebuildNativeTypeToScriptingClass (25ms)
	initialDomainReloadingComplete (66ms)
	LoadAllAssembliesAndSetupDomain (502ms)
		LoadAssemblies (600ms)
		RebuildTransferFunctionScriptingTraits (0ms)
		AnalyzeDomain (50ms)
			TypeCache.Refresh (18ms)
				TypeCache.ScanAssembly (2ms)
			ScanForSourceGeneratedMonoScriptInfo (19ms)
			ResolveRequiredComponents (10ms)
	FinalizeReload (1903ms)
		ReleaseScriptCaches (0ms)
		RebuildScriptCaches (0ms)
		SetupLoadedEditorAssemblies (813ms)
			LogAssemblyErrors (0ms)
			InitializePlatformSupportModulesInManaged (16ms)
			SetLoadedEditorAssemblies (6ms)
			RefreshPlugins (0ms)
			BeforeProcessingInitializeOnLoad (131ms)
			ProcessInitializeOnLoadAttributes (564ms)
			ProcessInitializeOnLoadMethodAttributes (71ms)
			AfterProcessingInitializeOnLoad (25ms)
			EditorAssembliesLoaded (0ms)
		ExecutionOrderSort2 (0ms)
		AwakeInstancesAfterBackupRestoration (14ms)
Refreshing native plugins compatible for Editor in 8.05 ms, found 3 plugins.
Preloading 0 native plugins for Editor in 0.00 ms.
Unloading 3654 Unused Serialized files (Serialized files now loaded: 0)
Unloading 19 unused Assets / (31.1 KB). Loaded Objects now: 4454.
Memory consumption went from 139.2 MB to 139.2 MB.
Total: 5.259000 ms (FindLiveObjects: 0.486700 ms CreateObjectMapping: 0.352900 ms MarkObjects: 4.360900 ms  DeleteObjects: 0.056700 ms)

Prepare: number of updated asset objects reloaded= 0
AssetImportParameters requested are different than current active one (requested -> active):
  custom:container-demuxer-ogg: 62fdf1f143b41e24485cea50d1cbac27 -> 
  custom:video-codec-MediaFoundation-h265: 746d11721c4dcdbdad8f713fa42b33f4 -> 
  custom:video-decoder-ogg-theora: a1e56fd34408186e4bbccfd4996cb3dc -> 
  custom:framework-win-MediaFoundation: 216162199b28c13a410421893ffa2e32 -> 
  custom:CustomObjectIndexerAttribute: 9a22284fe3817be447336de3de66b15e -> 
  custom:container-demuxer-webm: 4f35f7cbe854078d1ac9338744f61a02 -> 
  custom:container-muxer-webm: aa71ff27fc2769a1b78a27578f13a17b -> 
  custom:video-decoder-webm-vp8: 9c59270c3fd7afecdb556c50c9e8de78 -> 
  custom:SearchIndexIgnoredProperties: e643bd26f0fe6173181afceb89e7c659 -> 
  custom:AudioImporter_EditorPlatform: d09bf68614088b80899f8185d706f6e7 -> 
  custom:video-encoder-webm-vp8: eb34c28f22e8b96e1ab97ce403110664 -> 
  custom:audio-decoder-ogg-vorbis: bf7c407c2cedff20999df2af8eb42d56 -> 
  custom:audio-encoder-webm-vorbis: bf7c407c2cedff20999df2af8eb42d56 -> 
  custom:scripting/monoscript/fileName/RAIKA.cs: 95fc2a643a49722f77f9c792c0cc5c1b -> 
  custom:scripting/precompiled-assembly-types:Assembly-CSharp: a1a3b37f62278baada77ddca63506231 -> 8e4451fd7b8041e811e8b85aaf8b7e55
========================================================================
Received Prepare
Caller must complete domain reload
Begin MonoManager ReloadAssembly
- Loaded All Assemblies, in  1.075 seconds
Native extension for WindowsStandalone target not found
Native extension for WebGL target not found
Mono: successfully reloaded assembly
- Finished resetting the current domain, in  1.752 seconds
Domain Reload Profiling: 2816ms
	BeginReloadAssembly (313ms)
		ExecutionOrderSort (0ms)
		DisableScriptedObjects (10ms)
		BackupInstance (0ms)
		ReleaseScriptingObjects (0ms)
		CreateAndSetChildDomain (50ms)
	RebuildCommonClasses (97ms)
	RebuildNativeTypeToScriptingClass (34ms)
	initialDomainReloadingComplete (81ms)
	LoadAllAssembliesAndSetupDomain (539ms)
		LoadAssemblies (681ms)
		RebuildTransferFunctionScriptingTraits (0ms)
		AnalyzeDomain (48ms)
			TypeCache.Refresh (18ms)
				TypeCache.ScanAssembly (2ms)
			ScanForSourceGeneratedMonoScriptInfo (17ms)
			ResolveRequiredComponents (11ms)
	FinalizeReload (1753ms)
		ReleaseScriptCaches (0ms)
		RebuildScriptCaches (0ms)
		SetupLoadedEditorAssemblies (726ms)
			LogAssemblyErrors (0ms)
			InitializePlatformSupportModulesInManaged (15ms)
			SetLoadedEditorAssemblies (6ms)
			RefreshPlugins (0ms)
			BeforeProcessingInitializeOnLoad (115ms)
			ProcessInitializeOnLoadAttributes (514ms)
			ProcessInitializeOnLoadMethodAttributes (58ms)
			AfterProcessingInitializeOnLoad (18ms)
			EditorAssembliesLoaded (0ms)
		ExecutionOrderSort2 (0ms)
		AwakeInstancesAfterBackupRestoration (11ms)
Refreshing native plugins compatible for Editor in 10.46 ms, found 3 plugins.
Preloading 0 native plugins for Editor in 0.00 ms.
Unloading 3654 Unused Serialized files (Serialized files now loaded: 0)
Unloading 19 unused Assets / (31.2 KB). Loaded Objects now: 4457.
Memory consumption went from 139.2 MB to 139.2 MB.
Total: 3.918200 ms (FindLiveObjects: 0.404900 ms CreateObjectMapping: 0.320600 ms MarkObjects: 3.141300 ms  DeleteObjects: 0.050100 ms)

Prepare: number of updated asset objects reloaded= 0
AssetImportParameters requested are different than current active one (requested -> active):
  custom:container-demuxer-ogg: 62fdf1f143b41e24485cea50d1cbac27 -> 
  custom:video-codec-MediaFoundation-h265: 746d11721c4dcdbdad8f713fa42b33f4 -> 
  custom:video-decoder-ogg-theora: a1e56fd34408186e4bbccfd4996cb3dc -> 
  custom:framework-win-MediaFoundation: 216162199b28c13a410421893ffa2e32 -> 
  custom:CustomObjectIndexerAttribute: 9a22284fe3817be447336de3de66b15e -> 
  custom:container-demuxer-webm: 4f35f7cbe854078d1ac9338744f61a02 -> 
  custom:container-muxer-webm: aa71ff27fc2769a1b78a27578f13a17b -> 
  custom:video-decoder-webm-vp8: 9c59270c3fd7afecdb556c50c9e8de78 -> 
  custom:SearchIndexIgnoredProperties: e643bd26f0fe6173181afceb89e7c659 -> 
  custom:AudioImporter_EditorPlatform: d09bf68614088b80899f8185d706f6e7 -> 
  custom:video-encoder-webm-vp8: eb34c28f22e8b96e1ab97ce403110664 -> 
  custom:audio-decoder-ogg-vorbis: bf7c407c2cedff20999df2af8eb42d56 -> 
  custom:audio-encoder-webm-vorbis: bf7c407c2cedff20999df2af8eb42d56 -> 
  custom:scripting/monoscript/fileName/RAIKA.cs: 95fc2a643a49722f77f9c792c0cc5c1b -> 
  custom:scripting/precompiled-assembly-types:Assembly-CSharp: a1a3b37f62278baada77ddca63506231 -> 8e4451fd7b8041e811e8b85aaf8b7e55
========================================================================
Received Prepare
Caller must complete domain reload
Begin MonoManager ReloadAssembly
- Loaded All Assemblies, in  0.677 seconds
Native extension for WindowsStandalone target not found
Native extension for WebGL target not found
Mono: successfully reloaded assembly
- Finished resetting the current domain, in  2.228 seconds
Domain Reload Profiling: 2903ms
	BeginReloadAssembly (204ms)
		ExecutionOrderSort (0ms)
		DisableScriptedObjects (7ms)
		BackupInstance (0ms)
		ReleaseScriptingObjects (0ms)
		CreateAndSetChildDomain (35ms)
	RebuildCommonClasses (57ms)
	RebuildNativeTypeToScriptingClass (20ms)
	initialDomainReloadingComplete (53ms)
	LoadAllAssembliesAndSetupDomain (336ms)
		LoadAssemblies (439ms)
		RebuildTransferFunctionScriptingTraits (0ms)
		AnalyzeDomain (21ms)
			TypeCache.Refresh (9ms)
				TypeCache.ScanAssembly (0ms)
			ScanForSourceGeneratedMonoScriptInfo (0ms)
			ResolveRequiredComponents (9ms)
	FinalizeReload (2232ms)
		ReleaseScriptCaches (0ms)
		RebuildScriptCaches (0ms)
		SetupLoadedEditorAssemblies (1302ms)
			LogAssemblyErrors (0ms)
			InitializePlatformSupportModulesInManaged (24ms)
			SetLoadedEditorAssemblies (8ms)
			RefreshPlugins (0ms)
			BeforeProcessingInitializeOnLoad (206ms)
			ProcessInitializeOnLoadAttributes (900ms)
			ProcessInitializeOnLoadMethodAttributes (125ms)
			AfterProcessingInitializeOnLoad (38ms)
			EditorAssembliesLoaded (1ms)
		ExecutionOrderSort2 (0ms)
		AwakeInstancesAfterBackupRestoration (26ms)
Refreshing native plugins compatible for Editor in 24.79 ms, found 3 plugins.
Preloading 0 native plugins for Editor in 0.00 ms.
Unloading 3654 Unused Serialized files (Serialized files now loaded: 0)
Unloading 19 unused Assets / (31.2 KB). Loaded Objects now: 4460.
Memory consumption went from 139.2 MB to 139.2 MB.
Total: 8.930800 ms (FindLiveObjects: 0.650400 ms CreateObjectMapping: 1.440500 ms MarkObjects: 6.688100 ms  DeleteObjects: 0.148500 ms)

Prepare: number of updated asset objects reloaded= 0
AssetImportParameters requested are different than current active one (requested -> active):
  custom:container-demuxer-ogg: 62fdf1f143b41e24485cea50d1cbac27 -> 
  custom:video-codec-MediaFoundation-h265: 746d11721c4dcdbdad8f713fa42b33f4 -> 
  custom:video-decoder-ogg-theora: a1e56fd34408186e4bbccfd4996cb3dc -> 
  custom:framework-win-MediaFoundation: 216162199b28c13a410421893ffa2e32 -> 
  custom:CustomObjectIndexerAttribute: 9a22284fe3817be447336de3de66b15e -> 
  custom:container-demuxer-webm: 4f35f7cbe854078d1ac9338744f61a02 -> 
  custom:container-muxer-webm: aa71ff27fc2769a1b78a27578f13a17b -> 
  custom:video-decoder-webm-vp8: 9c59270c3fd7afecdb556c50c9e8de78 -> 
  custom:SearchIndexIgnoredProperties: e643bd26f0fe6173181afceb89e7c659 -> 
  custom:AudioImporter_EditorPlatform: d09bf68614088b80899f8185d706f6e7 -> 
  custom:video-encoder-webm-vp8: eb34c28f22e8b96e1ab97ce403110664 -> 
  custom:audio-decoder-ogg-vorbis: bf7c407c2cedff20999df2af8eb42d56 -> 
  custom:audio-encoder-webm-vorbis: bf7c407c2cedff20999df2af8eb42d56 -> 
  custom:scripting/monoscript/fileName/RAIKA.cs: 95fc2a643a49722f77f9c792c0cc5c1b -> 
  custom:scripting/precompiled-assembly-types:Assembly-CSharp: a1a3b37f62278baada77ddca63506231 -> 8e4451fd7b8041e811e8b85aaf8b7e55
========================================================================
Received Prepare
Caller must complete domain reload
Begin MonoManager ReloadAssembly
- Loaded All Assemblies, in  0.694 seconds
Native extension for WindowsStandalone target not found
Native extension for WebGL target not found
Mono: successfully reloaded assembly
- Finished resetting the current domain, in  1.447 seconds
Domain Reload Profiling: 2136ms
	BeginReloadAssembly (202ms)
		ExecutionOrderSort (0ms)
		DisableScriptedObjects (5ms)
		BackupInstance (0ms)
		ReleaseScriptingObjects (0ms)
		CreateAndSetChildDomain (40ms)
	RebuildCommonClasses (59ms)
	RebuildNativeTypeToScriptingClass (22ms)
	initialDomainReloadingComplete (45ms)
	LoadAllAssembliesAndSetupDomain (360ms)
		LoadAssemblies (435ms)
		RebuildTransferFunctionScriptingTraits (0ms)
		AnalyzeDomain (35ms)
			TypeCache.Refresh (12ms)
				TypeCache.ScanAssembly (1ms)
			ScanForSourceGeneratedMonoScriptInfo (11ms)
			ResolveRequiredComponents (10ms)
	FinalizeReload (1448ms)
		ReleaseScriptCaches (0ms)
		RebuildScriptCaches (0ms)
		SetupLoadedEditorAssemblies (630ms)
			LogAssemblyErrors (0ms)
			InitializePlatformSupportModulesInManaged (16ms)
			SetLoadedEditorAssemblies (6ms)
			RefreshPlugins (0ms)
			BeforeProcessingInitializeOnLoad (111ms)
			ProcessInitializeOnLoadAttributes (446ms)
			ProcessInitializeOnLoadMethodAttributes (37ms)
			AfterProcessingInitializeOnLoad (14ms)
			EditorAssembliesLoaded (0ms)
		ExecutionOrderSort2 (0ms)
		AwakeInstancesAfterBackupRestoration (6ms)
Refreshing native plugins compatible for Editor in 8.16 ms, found 3 plugins.
Preloading 0 native plugins for Editor in 0.00 ms.
Unloading 3654 Unused Serialized files (Serialized files now loaded: 0)
Unloading 19 unused Assets / (31.1 KB). Loaded Objects now: 4463.
Memory consumption went from 139.2 MB to 139.2 MB.
Total: 2.738700 ms (FindLiveObjects: 0.304400 ms CreateObjectMapping: 0.223300 ms MarkObjects: 2.173400 ms  DeleteObjects: 0.037000 ms)

Prepare: number of updated asset objects reloaded= 0
AssetImportParameters requested are different than current active one (requested -> active):
  custom:container-demuxer-ogg: 62fdf1f143b41e24485cea50d1cbac27 -> 
  custom:video-codec-MediaFoundation-h265: 746d11721c4dcdbdad8f713fa42b33f4 -> 
  custom:video-decoder-ogg-theora: a1e56fd34408186e4bbccfd4996cb3dc -> 
  custom:framework-win-MediaFoundation: 216162199b28c13a410421893ffa2e32 -> 
  custom:CustomObjectIndexerAttribute: 9a22284fe3817be447336de3de66b15e -> 
  custom:container-demuxer-webm: 4f35f7cbe854078d1ac9338744f61a02 -> 
  custom:container-muxer-webm: aa71ff27fc2769a1b78a27578f13a17b -> 
  custom:video-decoder-webm-vp8: 9c59270c3fd7afecdb556c50c9e8de78 -> 
  custom:SearchIndexIgnoredProperties: e643bd26f0fe6173181afceb89e7c659 -> 
  custom:AudioImporter_EditorPlatform: d09bf68614088b80899f8185d706f6e7 -> 
  custom:video-encoder-webm-vp8: eb34c28f22e8b96e1ab97ce403110664 -> 
  custom:audio-decoder-ogg-vorbis: bf7c407c2cedff20999df2af8eb42d56 -> 
  custom:audio-encoder-webm-vorbis: bf7c407c2cedff20999df2af8eb42d56 -> 
  custom:scripting/monoscript/fileName/RAIKA.cs: 95fc2a643a49722f77f9c792c0cc5c1b -> 
  custom:scripting/precompiled-assembly-types:Assembly-CSharp: a1a3b37f62278baada77ddca63506231 -> 8e4451fd7b8041e811e8b85aaf8b7e55
========================================================================
Received Prepare
Caller must complete domain reload
Begin MonoManager ReloadAssembly
- Loaded All Assemblies, in  0.664 seconds
Native extension for WindowsStandalone target not found
Native extension for WebGL target not found
Mono: successfully reloaded assembly
- Finished resetting the current domain, in  1.963 seconds
Domain Reload Profiling: 2621ms
	BeginReloadAssembly (210ms)
		ExecutionOrderSort (0ms)
		DisableScriptedObjects (8ms)
		BackupInstance (0ms)
		ReleaseScriptingObjects (0ms)
		CreateAndSetChildDomain (37ms)
	RebuildCommonClasses (58ms)
	RebuildNativeTypeToScriptingClass (19ms)
	initialDomainReloadingComplete (48ms)
	LoadAllAssembliesAndSetupDomain (323ms)
		LoadAssemblies (430ms)
		RebuildTransferFunctionScriptingTraits (0ms)
		AnalyzeDomain (18ms)
			TypeCache.Refresh (7ms)
				TypeCache.ScanAssembly (0ms)
			ScanForSourceGeneratedMonoScriptInfo (0ms)
			ResolveRequiredComponents (9ms)
	FinalizeReload (1963ms)
		ReleaseScriptCaches (0ms)
		RebuildScriptCaches (0ms)
		SetupLoadedEditorAssemblies (1123ms)
			LogAssemblyErrors (0ms)
			InitializePlatformSupportModulesInManaged (26ms)
			SetLoadedEditorAssemblies (8ms)
			RefreshPlugins (0ms)
			BeforeProcessingInitializeOnLoad (219ms)
			ProcessInitializeOnLoadAttributes (810ms)
			ProcessInitializeOnLoadMethodAttributes (44ms)
			AfterProcessingInitializeOnLoad (15ms)
			EditorAssembliesLoaded (0ms)
		ExecutionOrderSort2 (0ms)
		AwakeInstancesAfterBackupRestoration (9ms)
Refreshing native plugins compatible for Editor in 7.41 ms, found 3 plugins.
Preloading 0 native plugins for Editor in 0.00 ms.
Unloading 3654 Unused Serialized files (Serialized files now loaded: 0)
Unloading 19 unused Assets / (31.1 KB). Loaded Objects now: 4466.
Memory consumption went from 139.2 MB to 139.2 MB.
Total: 4.076700 ms (FindLiveObjects: 0.367400 ms CreateObjectMapping: 0.288400 ms MarkObjects: 3.366900 ms  DeleteObjects: 0.052400 ms)

Prepare: number of updated asset objects reloaded= 0
AssetImportParameters requested are different than current active one (requested -> active):
  custom:container-demuxer-ogg: 62fdf1f143b41e24485cea50d1cbac27 -> 
  custom:video-codec-MediaFoundation-h265: 746d11721c4dcdbdad8f713fa42b33f4 -> 
  custom:video-decoder-ogg-theora: a1e56fd34408186e4bbccfd4996cb3dc -> 
  custom:framework-win-MediaFoundation: 216162199b28c13a410421893ffa2e32 -> 
  custom:CustomObjectIndexerAttribute: 9a22284fe3817be447336de3de66b15e -> 
  custom:container-demuxer-webm: 4f35f7cbe854078d1ac9338744f61a02 -> 
  custom:container-muxer-webm: aa71ff27fc2769a1b78a27578f13a17b -> 
  custom:video-decoder-webm-vp8: 9c59270c3fd7afecdb556c50c9e8de78 -> 
  custom:SearchIndexIgnoredProperties: e643bd26f0fe6173181afceb89e7c659 -> 
  custom:AudioImporter_EditorPlatform: d09bf68614088b80899f8185d706f6e7 -> 
  custom:video-encoder-webm-vp8: eb34c28f22e8b96e1ab97ce403110664 -> 
  custom:audio-decoder-ogg-vorbis: bf7c407c2cedff20999df2af8eb42d56 -> 
  custom:audio-encoder-webm-vorbis: bf7c407c2cedff20999df2af8eb42d56 -> 
  custom:scripting/monoscript/fileName/RAIKA.cs: 95fc2a643a49722f77f9c792c0cc5c1b -> 
  custom:scripting/precompiled-assembly-types:Assembly-CSharp: a1a3b37f62278baada77ddca63506231 -> 8e4451fd7b8041e811e8b85aaf8b7e55
========================================================================
Received Prepare
Caller must complete domain reload
Begin MonoManager ReloadAssembly
- Loaded All Assemblies, in  0.680 seconds
Native extension for WindowsStandalone target not found
Native extension for WebGL target not found
Mono: successfully reloaded assembly
- Finished resetting the current domain, in  1.412 seconds
Domain Reload Profiling: 2085ms
	BeginReloadAssembly (213ms)
		ExecutionOrderSort (0ms)
		DisableScriptedObjects (6ms)
		BackupInstance (0ms)
		ReleaseScriptingObjects (0ms)
		CreateAndSetChildDomain (37ms)
	RebuildCommonClasses (48ms)
	RebuildNativeTypeToScriptingClass (19ms)
	initialDomainReloadingComplete (50ms)
	LoadAllAssembliesAndSetupDomain (342ms)
		LoadAssemblies (431ms)
		RebuildTransferFunctionScriptingTraits (0ms)
		AnalyzeDomain (35ms)
			TypeCache.Refresh (12ms)
				TypeCache.ScanAssembly (1ms)
			ScanForSourceGeneratedMonoScriptInfo (11ms)
			ResolveRequiredComponents (9ms)
	FinalizeReload (1413ms)
		ReleaseScriptCaches (0ms)
		RebuildScriptCaches (0ms)
		SetupLoadedEditorAssemblies (643ms)
			LogAssemblyErrors (0ms)
			InitializePlatformSupportModulesInManaged (17ms)
			SetLoadedEditorAssemblies (5ms)
			RefreshPlugins (0ms)
			BeforeProcessingInitializeOnLoad (116ms)
			ProcessInitializeOnLoadAttributes (444ms)
			ProcessInitializeOnLoadMethodAttributes (44ms)
			AfterProcessingInitializeOnLoad (17ms)
			EditorAssembliesLoaded (0ms)
		ExecutionOrderSort2 (0ms)
		AwakeInstancesAfterBackupRestoration (9ms)
Refreshing native plugins compatible for Editor in 7.08 ms, found 3 plugins.
Preloading 0 native plugins for Editor in 0.00 ms.
Unloading 3654 Unused Serialized files (Serialized files now loaded: 0)
Unloading 19 unused Assets / (31.1 KB). Loaded Objects now: 4469.
Memory consumption went from 139.2 MB to 139.2 MB.
Total: 3.079700 ms (FindLiveObjects: 0.299900 ms CreateObjectMapping: 0.228300 ms MarkObjects: 2.500000 ms  DeleteObjects: 0.050700 ms)

Prepare: number of updated asset objects reloaded= 0
AssetImportParameters requested are different than current active one (requested -> active):
  custom:container-demuxer-ogg: 62fdf1f143b41e24485cea50d1cbac27 -> 
  custom:video-codec-MediaFoundation-h265: 746d11721c4dcdbdad8f713fa42b33f4 -> 
  custom:video-decoder-ogg-theora: a1e56fd34408186e4bbccfd4996cb3dc -> 
  custom:framework-win-MediaFoundation: 216162199b28c13a410421893ffa2e32 -> 
  custom:CustomObjectIndexerAttribute: 9a22284fe3817be447336de3de66b15e -> 
  custom:container-demuxer-webm: 4f35f7cbe854078d1ac9338744f61a02 -> 
  custom:container-muxer-webm: aa71ff27fc2769a1b78a27578f13a17b -> 
  custom:video-decoder-webm-vp8: 9c59270c3fd7afecdb556c50c9e8de78 -> 
  custom:SearchIndexIgnoredProperties: e643bd26f0fe6173181afceb89e7c659 -> 
  custom:AudioImporter_EditorPlatform: d09bf68614088b80899f8185d706f6e7 -> 
  custom:video-encoder-webm-vp8: eb34c28f22e8b96e1ab97ce403110664 -> 
  custom:audio-decoder-ogg-vorbis: bf7c407c2cedff20999df2af8eb42d56 -> 
  custom:audio-encoder-webm-vorbis: bf7c407c2cedff20999df2af8eb42d56 -> 
  custom:scripting/monoscript/fileName/RAIKA.cs: 95fc2a643a49722f77f9c792c0cc5c1b -> 
  custom:scripting/precompiled-assembly-types:Assembly-CSharp: a1a3b37f62278baada77ddca63506231 -> 8e4451fd7b8041e811e8b85aaf8b7e55
========================================================================
Received Prepare
Caller must complete domain reload
Begin MonoManager ReloadAssembly
- Loaded All Assemblies, in  0.674 seconds
Native extension for WindowsStandalone target not found
Native extension for WebGL target not found
Mono: successfully reloaded assembly
- Finished resetting the current domain, in  2.177 seconds
Domain Reload Profiling: 2846ms
	BeginReloadAssembly (215ms)
		ExecutionOrderSort (0ms)
		DisableScriptedObjects (7ms)
		BackupInstance (0ms)
		ReleaseScriptingObjects (0ms)
		CreateAndSetChildDomain (40ms)
	RebuildCommonClasses (49ms)
	RebuildNativeTypeToScriptingClass (17ms)
	initialDomainReloadingComplete (48ms)
	LoadAllAssembliesAndSetupDomain (339ms)
		LoadAssemblies (442ms)
		RebuildTransferFunctionScriptingTraits (0ms)
		AnalyzeDomain (22ms)
			TypeCache.Refresh (8ms)
				TypeCache.ScanAssembly (0ms)
			ScanForSourceGeneratedMonoScriptInfo (0ms)
			ResolveRequiredComponents (10ms)
	FinalizeReload (2178ms)
		ReleaseScriptCaches (0ms)
		RebuildScriptCaches (0ms)
		SetupLoadedEditorAssemblies (1321ms)
			LogAssemblyErrors (0ms)
			InitializePlatformSupportModulesInManaged (31ms)
			SetLoadedEditorAssemblies (7ms)
			RefreshPlugins (0ms)
			BeforeProcessingInitializeOnLoad (234ms)
			ProcessInitializeOnLoadAttributes (926ms)
			ProcessInitializeOnLoadMethodAttributes (94ms)
			AfterProcessingInitializeOnLoad (29ms)
			EditorAssembliesLoaded (0ms)
		ExecutionOrderSort2 (0ms)
		AwakeInstancesAfterBackupRestoration (17ms)
Refreshing native plugins compatible for Editor in 16.49 ms, found 3 plugins.
Preloading 0 native plugins for Editor in 0.00 ms.
Unloading 3654 Unused Serialized files (Serialized files now loaded: 0)
Unloading 19 unused Assets / (31.2 KB). Loaded Objects now: 4472.
Memory consumption went from 139.2 MB to 139.2 MB.
Total: 8.295500 ms (FindLiveObjects: 1.085000 ms CreateObjectMapping: 1.300400 ms MarkObjects: 5.806100 ms  DeleteObjects: 0.102500 ms)

Prepare: number of updated asset objects reloaded= 0
AssetImportParameters requested are different than current active one (requested -> active):
  custom:container-demuxer-ogg: 62fdf1f143b41e24485cea50d1cbac27 -> 
  custom:video-codec-MediaFoundation-h265: 746d11721c4dcdbdad8f713fa42b33f4 -> 
  custom:video-decoder-ogg-theora: a1e56fd34408186e4bbccfd4996cb3dc -> 
  custom:framework-win-MediaFoundation: 216162199b28c13a410421893ffa2e32 -> 
  custom:CustomObjectIndexerAttribute: 9a22284fe3817be447336de3de66b15e -> 
  custom:container-demuxer-webm: 4f35f7cbe854078d1ac9338744f61a02 -> 
  custom:container-muxer-webm: aa71ff27fc2769a1b78a27578f13a17b -> 
  custom:video-decoder-webm-vp8: 9c59270c3fd7afecdb556c50c9e8de78 -> 
  custom:SearchIndexIgnoredProperties: e643bd26f0fe6173181afceb89e7c659 -> 
  custom:AudioImporter_EditorPlatform: d09bf68614088b80899f8185d706f6e7 -> 
  custom:video-encoder-webm-vp8: eb34c28f22e8b96e1ab97ce403110664 -> 
  custom:audio-decoder-ogg-vorbis: bf7c407c2cedff20999df2af8eb42d56 -> 
  custom:audio-encoder-webm-vorbis: bf7c407c2cedff20999df2af8eb42d56 -> 
  custom:scripting/monoscript/fileName/RAIKA.cs: 95fc2a643a49722f77f9c792c0cc5c1b -> 
  custom:scripting/precompiled-assembly-types:Assembly-CSharp: a1a3b37f62278baada77ddca63506231 -> 8e4451fd7b8041e811e8b85aaf8b7e55
========================================================================
Received Prepare
Caller must complete domain reload
Begin MonoManager ReloadAssembly
- Loaded All Assemblies, in  0.963 seconds
Native extension for WindowsStandalone target not found
Native extension for WebGL target not found
Mono: successfully reloaded assembly
- Finished resetting the current domain, in  2.339 seconds
Domain Reload Profiling: 3293ms
	BeginReloadAssembly (278ms)
		ExecutionOrderSort (0ms)
		DisableScriptedObjects (12ms)
		BackupInstance (0ms)
		ReleaseScriptingObjects (0ms)
		CreateAndSetChildDomain (50ms)
	RebuildCommonClasses (88ms)
	RebuildNativeTypeToScriptingClass (27ms)
	initialDomainReloadingComplete (76ms)
	LoadAllAssembliesAndSetupDomain (484ms)
		LoadAssemblies (597ms)
		RebuildTransferFunctionScriptingTraits (0ms)
		AnalyzeDomain (52ms)
			TypeCache.Refresh (18ms)
				TypeCache.ScanAssembly (2ms)
			ScanForSourceGeneratedMonoScriptInfo (17ms)
			ResolveRequiredComponents (13ms)
	FinalizeReload (2340ms)
		ReleaseScriptCaches (0ms)
		RebuildScriptCaches (0ms)
		SetupLoadedEditorAssemblies (983ms)
			LogAssemblyErrors (0ms)
			InitializePlatformSupportModulesInManaged (37ms)
			SetLoadedEditorAssemblies (8ms)
			RefreshPlugins (0ms)
			BeforeProcessingInitializeOnLoad (206ms)
			ProcessInitializeOnLoadAttributes (644ms)
			ProcessInitializeOnLoadMethodAttributes (65ms)
			AfterProcessingInitializeOnLoad (23ms)
			EditorAssembliesLoaded (0ms)
		ExecutionOrderSort2 (0ms)
		AwakeInstancesAfterBackupRestoration (12ms)
Script is not up to date after domain reload: guid(ca9d089c17ab5da469169dda9fd99ec5) path("Assets/Scripts/Item_inFIeld.cs") state(2)
Refreshing native plugins compatible for Editor in 13.24 ms, found 3 plugins.
Preloading 0 native plugins for Editor in 0.00 ms.
Unloading 3653 Unused Serialized files (Serialized files now loaded: 0)
Unloading 19 unused Assets / (31.1 KB). Loaded Objects now: 4474.
Memory consumption went from 139.2 MB to 139.2 MB.
Total: 8.037500 ms (FindLiveObjects: 0.416800 ms CreateObjectMapping: 0.800600 ms MarkObjects: 6.757200 ms  DeleteObjects: 0.061200 ms)

Prepare: number of updated asset objects reloaded= 0
AssetImportParameters requested are different than current active one (requested -> active):
  custom:container-demuxer-ogg: 62fdf1f143b41e24485cea50d1cbac27 -> 
  custom:video-codec-MediaFoundation-h265: 746d11721c4dcdbdad8f713fa42b33f4 -> 
  custom:video-decoder-ogg-theora: a1e56fd34408186e4bbccfd4996cb3dc -> 
  custom:framework-win-MediaFoundation: 216162199b28c13a410421893ffa2e32 -> 
  custom:CustomObjectIndexerAttribute: 9a22284fe3817be447336de3de66b15e -> 
  custom:container-demuxer-webm: 4f35f7cbe854078d1ac9338744f61a02 -> 
  custom:container-muxer-webm: aa71ff27fc2769a1b78a27578f13a17b -> 
  custom:video-decoder-webm-vp8: 9c59270c3fd7afecdb556c50c9e8de78 -> 
  custom:SearchIndexIgnoredProperties: e643bd26f0fe6173181afceb89e7c659 -> 
  custom:AudioImporter_EditorPlatform: d09bf68614088b80899f8185d706f6e7 -> 
  custom:video-encoder-webm-vp8: eb34c28f22e8b96e1ab97ce403110664 -> 
  custom:audio-decoder-ogg-vorbis: bf7c407c2cedff20999df2af8eb42d56 -> 
  custom:audio-encoder-webm-vorbis: bf7c407c2cedff20999df2af8eb42d56 -> 
  custom:scripting/monoscript/fileName/RAIKA.cs: 95fc2a643a49722f77f9c792c0cc5c1b -> 
  custom:scripting/precompiled-assembly-types:Assembly-CSharp: a1a3b37f62278baada77ddca63506231 -> 8e4451fd7b8041e811e8b85aaf8b7e55
========================================================================
Received Prepare
Caller must complete domain reload
Begin MonoManager ReloadAssembly
- Loaded All Assemblies, in  1.002 seconds
Native extension for WindowsStandalone target not found
Native extension for WebGL target not found
Mono: successfully reloaded assembly
- Finished resetting the current domain, in  2.948 seconds
Domain Reload Profiling: 3943ms
	BeginReloadAssembly (252ms)
		ExecutionOrderSort (0ms)
		DisableScriptedObjects (6ms)
		BackupInstance (0ms)
		ReleaseScriptingObjects (0ms)
		CreateAndSetChildDomain (42ms)
	RebuildCommonClasses (118ms)
	RebuildNativeTypeToScriptingClass (29ms)
	initialDomainReloadingComplete (73ms)
	LoadAllAssembliesAndSetupDomain (522ms)
		LoadAssemblies (624ms)
		RebuildTransferFunctionScriptingTraits (0ms)
		AnalyzeDomain (52ms)
			TypeCache.Refresh (18ms)
				TypeCache.ScanAssembly (2ms)
			ScanForSourceGeneratedMonoScriptInfo (17ms)
			ResolveRequiredComponents (14ms)
	FinalizeReload (2949ms)
		ReleaseScriptCaches (0ms)
		RebuildScriptCaches (0ms)
		SetupLoadedEditorAssemblies (1160ms)
			LogAssemblyErrors (0ms)
			InitializePlatformSupportModulesInManaged (34ms)
			SetLoadedEditorAssemblies (11ms)
			RefreshPlugins (0ms)
			BeforeProcessingInitializeOnLoad (253ms)
			ProcessInitializeOnLoadAttributes (776ms)
			ProcessInitializeOnLoadMethodAttributes (65ms)
			AfterProcessingInitializeOnLoad (21ms)
			EditorAssembliesLoaded (0ms)
		ExecutionOrderSort2 (0ms)
		AwakeInstancesAfterBackupRestoration (12ms)
Refreshing native plugins compatible for Editor in 10.58 ms, found 3 plugins.
Preloading 0 native plugins for Editor in 0.00 ms.
Unloading 3654 Unused Serialized files (Serialized files now loaded: 0)
Unloading 19 unused Assets / (31.2 KB). Loaded Objects now: 4478.
Memory consumption went from 139.2 MB to 139.2 MB.
Total: 4.462200 ms (FindLiveObjects: 0.452300 ms CreateObjectMapping: 0.390300 ms MarkObjects: 3.566600 ms  DeleteObjects: 0.051700 ms)

Prepare: number of updated asset objects reloaded= 0
AssetImportParameters requested are different than current active one (requested -> active):
  custom:container-demuxer-ogg: 62fdf1f143b41e24485cea50d1cbac27 -> 
  custom:video-codec-MediaFoundation-h265: 746d11721c4dcdbdad8f713fa42b33f4 -> 
  custom:video-decoder-ogg-theora: a1e56fd34408186e4bbccfd4996cb3dc -> 
  custom:framework-win-MediaFoundation: 216162199b28c13a410421893ffa2e32 -> 
  custom:CustomObjectIndexerAttribute: 9a22284fe3817be447336de3de66b15e -> 
  custom:container-demuxer-webm: 4f35f7cbe854078d1ac9338744f61a02 -> 
  custom:container-muxer-webm: aa71ff27fc2769a1b78a27578f13a17b -> 
  custom:video-decoder-webm-vp8: 9c59270c3fd7afecdb556c50c9e8de78 -> 
  custom:SearchIndexIgnoredProperties: e643bd26f0fe6173181afceb89e7c659 -> 
  custom:AudioImporter_EditorPlatform: d09bf68614088b80899f8185d706f6e7 -> 
  custom:video-encoder-webm-vp8: eb34c28f22e8b96e1ab97ce403110664 -> 
  custom:audio-decoder-ogg-vorbis: bf7c407c2cedff20999df2af8eb42d56 -> 
  custom:audio-encoder-webm-vorbis: bf7c407c2cedff20999df2af8eb42d56 -> 
  custom:scripting/monoscript/fileName/RAIKA.cs: 95fc2a643a49722f77f9c792c0cc5c1b -> 
  custom:scripting/precompiled-assembly-types:Assembly-CSharp: a1a3b37f62278baada77ddca63506231 -> 8e4451fd7b8041e811e8b85aaf8b7e55
========================================================================
Received Prepare
Caller must complete domain reload
Begin MonoManager ReloadAssembly
- Loaded All Assemblies, in  0.872 seconds
Native extension for WindowsStandalone target not found
Native extension for WebGL target not found
Mono: successfully reloaded assembly
- Finished resetting the current domain, in  2.506 seconds
Domain Reload Profiling: 3371ms
	BeginReloadAssembly (244ms)
		ExecutionOrderSort (0ms)
		DisableScriptedObjects (9ms)
		BackupInstance (0ms)
		ReleaseScriptingObjects (0ms)
		CreateAndSetChildDomain (44ms)
	RebuildCommonClasses (60ms)
	RebuildNativeTypeToScriptingClass (26ms)
	initialDomainReloadingComplete (65ms)
	LoadAllAssembliesAndSetupDomain (469ms)
		LoadAssemblies (579ms)
		RebuildTransferFunctionScriptingTraits (0ms)
		AnalyzeDomain (33ms)
			TypeCache.Refresh (13ms)
				TypeCache.ScanAssembly (0ms)
			ScanForSourceGeneratedMonoScriptInfo (0ms)
			ResolveRequiredComponents (16ms)
	FinalizeReload (2507ms)
		ReleaseScriptCaches (0ms)
		RebuildScriptCaches (0ms)
		SetupLoadedEditorAssemblies (1323ms)
			LogAssemblyErrors (0ms)
			InitializePlatformSupportModulesInManaged (20ms)
			SetLoadedEditorAssemblies (7ms)
			RefreshPlugins (0ms)
			BeforeProcessingInitializeOnLoad (171ms)
			ProcessInitializeOnLoadAttributes (976ms)
			ProcessInitializeOnLoadMethodAttributes (110ms)
			AfterProcessingInitializeOnLoad (39ms)
			EditorAssembliesLoaded (1ms)
		ExecutionOrderSort2 (0ms)
		AwakeInstancesAfterBackupRestoration (25ms)
Refreshing native plugins compatible for Editor in 19.68 ms, found 3 plugins.
Preloading 0 native plugins for Editor in 0.00 ms.
Unloading 3654 Unused Serialized files (Serialized files now loaded: 0)
Unloading 19 unused Assets / (31.1 KB). Loaded Objects now: 4481.
Memory consumption went from 139.2 MB to 139.2 MB.
Total: 8.464400 ms (FindLiveObjects: 0.692000 ms CreateObjectMapping: 0.584800 ms MarkObjects: 6.885800 ms  DeleteObjects: 0.296800 ms)

Prepare: number of updated asset objects reloaded= 0
AssetImportParameters requested are different than current active one (requested -> active):
  custom:container-demuxer-ogg: 62fdf1f143b41e24485cea50d1cbac27 -> 
  custom:video-codec-MediaFoundation-h265: 746d11721c4dcdbdad8f713fa42b33f4 -> 
  custom:video-decoder-ogg-theora: a1e56fd34408186e4bbccfd4996cb3dc -> 
  custom:framework-win-MediaFoundation: 216162199b28c13a410421893ffa2e32 -> 
  custom:CustomObjectIndexerAttribute: 9a22284fe3817be447336de3de66b15e -> 
  custom:container-demuxer-webm: 4f35f7cbe854078d1ac9338744f61a02 -> 
  custom:container-muxer-webm: aa71ff27fc2769a1b78a27578f13a17b -> 
  custom:video-decoder-webm-vp8: 9c59270c3fd7afecdb556c50c9e8de78 -> 
  custom:SearchIndexIgnoredProperties: e643bd26f0fe6173181afceb89e7c659 -> 
  custom:AudioImporter_EditorPlatform: d09bf68614088b80899f8185d706f6e7 -> 
  custom:video-encoder-webm-vp8: eb34c28f22e8b96e1ab97ce403110664 -> 
  custom:audio-decoder-ogg-vorbis: bf7c407c2cedff20999df2af8eb42d56 -> 
  custom:audio-encoder-webm-vorbis: bf7c407c2cedff20999df2af8eb42d56 -> 
  custom:scripting/monoscript/fileName/RAIKA.cs: 95fc2a643a49722f77f9c792c0cc5c1b -> 
  custom:scripting/precompiled-assembly-types:Assembly-CSharp: a1a3b37f62278baada77ddca63506231 -> 8e4451fd7b8041e811e8b85aaf8b7e55
========================================================================
Received Prepare
Caller must complete domain reload
Begin MonoManager ReloadAssembly
- Loaded All Assemblies, in  0.818 seconds
Native extension for WindowsStandalone target not found
Native extension for WebGL target not found
Mono: successfully reloaded assembly
- Finished resetting the current domain, in  1.442 seconds
Domain Reload Profiling: 2248ms
	BeginReloadAssembly (250ms)
		ExecutionOrderSort (0ms)
		DisableScriptedObjects (8ms)
		BackupInstance (0ms)
		ReleaseScriptingObjects (0ms)
		CreateAndSetChildDomain (53ms)
	RebuildCommonClasses (62ms)
	RebuildNativeTypeToScriptingClass (21ms)
	initialDomainReloadingComplete (69ms)
	LoadAllAssembliesAndSetupDomain (403ms)
		LoadAssemblies (502ms)
		RebuildTransferFunctionScriptingTraits (0ms)
		AnalyzeDomain (40ms)
			TypeCache.Refresh (13ms)
				TypeCache.ScanAssembly (2ms)
			ScanForSourceGeneratedMonoScriptInfo (13ms)
			ResolveRequiredComponents (11ms)
	FinalizeReload (1443ms)
		ReleaseScriptCaches (0ms)
		RebuildScriptCaches (0ms)
		SetupLoadedEditorAssemblies (649ms)
			LogAssemblyErrors (0ms)
			InitializePlatformSupportModulesInManaged (14ms)
			SetLoadedEditorAssemblies (6ms)
			RefreshPlugins (0ms)
			BeforeProcessingInitializeOnLoad (112ms)
			ProcessInitializeOnLoadAttributes (444ms)
			ProcessInitializeOnLoadMethodAttributes (55ms)
			AfterProcessingInitializeOnLoad (18ms)
			EditorAssembliesLoaded (0ms)
		ExecutionOrderSort2 (0ms)
		AwakeInstancesAfterBackupRestoration (10ms)
Refreshing native plugins compatible for Editor in 7.56 ms, found 3 plugins.
Preloading 0 native plugins for Editor in 0.00 ms.
Unloading 3654 Unused Serialized files (Serialized files now loaded: 0)
Unloading 19 unused Assets / (31.0 KB). Loaded Objects now: 4484.
Memory consumption went from 139.2 MB to 139.2 MB.
Total: 3.781000 ms (FindLiveObjects: 0.311800 ms CreateObjectMapping: 0.229400 ms MarkObjects: 3.190600 ms  DeleteObjects: 0.048200 ms)

Prepare: number of updated asset objects reloaded= 0
AssetImportParameters requested are different than current active one (requested -> active):
  custom:container-demuxer-ogg: 62fdf1f143b41e24485cea50d1cbac27 -> 
  custom:video-codec-MediaFoundation-h265: 746d11721c4dcdbdad8f713fa42b33f4 -> 
  custom:video-decoder-ogg-theora: a1e56fd34408186e4bbccfd4996cb3dc -> 
  custom:framework-win-MediaFoundation: 216162199b28c13a410421893ffa2e32 -> 
  custom:CustomObjectIndexerAttribute: 9a22284fe3817be447336de3de66b15e -> 
  custom:container-demuxer-webm: 4f35f7cbe854078d1ac9338744f61a02 -> 
  custom:container-muxer-webm: aa71ff27fc2769a1b78a27578f13a17b -> 
  custom:video-decoder-webm-vp8: 9c59270c3fd7afecdb556c50c9e8de78 -> 
  custom:SearchIndexIgnoredProperties: e643bd26f0fe6173181afceb89e7c659 -> 
  custom:AudioImporter_EditorPlatform: d09bf68614088b80899f8185d706f6e7 -> 
  custom:video-encoder-webm-vp8: eb34c28f22e8b96e1ab97ce403110664 -> 
  custom:audio-decoder-ogg-vorbis: bf7c407c2cedff20999df2af8eb42d56 -> 
  custom:audio-encoder-webm-vorbis: bf7c407c2cedff20999df2af8eb42d56 -> 
  custom:scripting/monoscript/fileName/RAIKA.cs: 95fc2a643a49722f77f9c792c0cc5c1b -> 
  custom:scripting/precompiled-assembly-types:Assembly-CSharp: a1a3b37f62278baada77ddca63506231 -> 8e4451fd7b8041e811e8b85aaf8b7e55
========================================================================
Received Prepare
Caller must complete domain reload
Begin MonoManager ReloadAssembly
- Loaded All Assemblies, in  0.919 seconds
Native extension for WindowsStandalone target not found
Native extension for WebGL target not found
Mono: successfully reloaded assembly
- Finished resetting the current domain, in  2.789 seconds
Domain Reload Profiling: 3700ms
	BeginReloadAssembly (284ms)
		ExecutionOrderSort (0ms)
		DisableScriptedObjects (9ms)
		BackupInstance (0ms)
		ReleaseScriptingObjects (0ms)
		CreateAndSetChildDomain (45ms)
	RebuildCommonClasses (84ms)
	RebuildNativeTypeToScriptingClass (30ms)
	initialDomainReloadingComplete (71ms)
	LoadAllAssembliesAndSetupDomain (439ms)
		LoadAssemblies (588ms)
		RebuildTransferFunctionScriptingTraits (0ms)
		AnalyzeDomain (27ms)
			TypeCache.Refresh (11ms)
				TypeCache.ScanAssembly (0ms)
			ScanForSourceGeneratedMonoScriptInfo (0ms)
			ResolveRequiredComponents (13ms)
	FinalizeReload (2791ms)
		ReleaseScriptCaches (0ms)
		RebuildScriptCaches (0ms)
		SetupLoadedEditorAssemblies (1556ms)
			LogAssemblyErrors (0ms)
			InitializePlatformSupportModulesInManaged (20ms)
			SetLoadedEditorAssemblies (5ms)
			RefreshPlugins (0ms)
			BeforeProcessingInitializeOnLoad (149ms)
			ProcessInitializeOnLoadAttributes (1200ms)
			ProcessInitializeOnLoadMethodAttributes (136ms)
			AfterProcessingInitializeOnLoad (45ms)
			EditorAssembliesLoaded (0ms)
		ExecutionOrderSort2 (0ms)
		AwakeInstancesAfterBackupRestoration (28ms)
Refreshing native plugins compatible for Editor in 18.93 ms, found 3 plugins.
Preloading 0 native plugins for Editor in 0.00 ms.
Unloading 3654 Unused Serialized files (Serialized files now loaded: 0)
Unloading 19 unused Assets / (31.1 KB). Loaded Objects now: 4487.
Memory consumption went from 139.2 MB to 139.2 MB.
Total: 8.679000 ms (FindLiveObjects: 0.931700 ms CreateObjectMapping: 0.718300 ms MarkObjects: 6.943600 ms  DeleteObjects: 0.083700 ms)

Prepare: number of updated asset objects reloaded= 0
AssetImportParameters requested are different than current active one (requested -> active):
  custom:container-demuxer-ogg: 62fdf1f143b41e24485cea50d1cbac27 -> 
  custom:video-codec-MediaFoundation-h265: 746d11721c4dcdbdad8f713fa42b33f4 -> 
  custom:video-decoder-ogg-theora: a1e56fd34408186e4bbccfd4996cb3dc -> 
  custom:framework-win-MediaFoundation: 216162199b28c13a410421893ffa2e32 -> 
  custom:CustomObjectIndexerAttribute: 9a22284fe3817be447336de3de66b15e -> 
  custom:container-demuxer-webm: 4f35f7cbe854078d1ac9338744f61a02 -> 
  custom:container-muxer-webm: aa71ff27fc2769a1b78a27578f13a17b -> 
  custom:video-decoder-webm-vp8: 9c59270c3fd7afecdb556c50c9e8de78 -> 
  custom:SearchIndexIgnoredProperties: e643bd26f0fe6173181afceb89e7c659 -> 
  custom:AudioImporter_EditorPlatform: d09bf68614088b80899f8185d706f6e7 -> 
  custom:video-encoder-webm-vp8: eb34c28f22e8b96e1ab97ce403110664 -> 
  custom:audio-decoder-ogg-vorbis: bf7c407c2cedff20999df2af8eb42d56 -> 
  custom:audio-encoder-webm-vorbis: bf7c407c2cedff20999df2af8eb42d56 -> 
  custom:scripting/monoscript/fileName/RAIKA.cs: 95fc2a643a49722f77f9c792c0cc5c1b -> 
  custom:scripting/precompiled-assembly-types:Assembly-CSharp: a1a3b37f62278baada77ddca63506231 -> 8e4451fd7b8041e811e8b85aaf8b7e55
========================================================================
Received Prepare
Caller must complete domain reload
Begin MonoManager ReloadAssembly
- Loaded All Assemblies, in  0.666 seconds
Native extension for WindowsStandalone target not found
Native extension for WebGL target not found
Mono: successfully reloaded assembly
- Finished resetting the current domain, in  1.821 seconds
Domain Reload Profiling: 2483ms
	BeginReloadAssembly (208ms)
		ExecutionOrderSort (0ms)
		DisableScriptedObjects (8ms)
		BackupInstance (0ms)
		ReleaseScriptingObjects (0ms)
		CreateAndSetChildDomain (40ms)
	RebuildCommonClasses (57ms)
	RebuildNativeTypeToScriptingClass (16ms)
	initialDomainReloadingComplete (49ms)
	LoadAllAssembliesAndSetupDomain (331ms)
		LoadAssemblies (432ms)
		RebuildTransferFunctionScriptingTraits (0ms)
		AnalyzeDomain (20ms)
			TypeCache.Refresh (8ms)
				TypeCache.ScanAssembly (0ms)
			ScanForSourceGeneratedMonoScriptInfo (0ms)
			ResolveRequiredComponents (10ms)
	FinalizeReload (1823ms)
		ReleaseScriptCaches (0ms)
		RebuildScriptCaches (0ms)
		SetupLoadedEditorAssemblies (993ms)
			LogAssemblyErrors (0ms)
			InitializePlatformSupportModulesInManaged (20ms)
			SetLoadedEditorAssemblies (5ms)
			RefreshPlugins (0ms)
			BeforeProcessingInitializeOnLoad (126ms)
			ProcessInitializeOnLoadAttributes (733ms)
			ProcessInitializeOnLoadMethodAttributes (83ms)
			AfterProcessingInitializeOnLoad (25ms)
			EditorAssembliesLoaded (0ms)
		ExecutionOrderSort2 (0ms)
		AwakeInstancesAfterBackupRestoration (12ms)
Refreshing native plugins compatible for Editor in 13.81 ms, found 3 plugins.
Preloading 0 native plugins for Editor in 0.00 ms.
Unloading 3654 Unused Serialized files (Serialized files now loaded: 0)
Unloading 19 unused Assets / (31.1 KB). Loaded Objects now: 4490.
Memory consumption went from 139.2 MB to 139.2 MB.
Total: 4.348800 ms (FindLiveObjects: 0.552900 ms CreateObjectMapping: 0.451200 ms MarkObjects: 3.278100 ms  DeleteObjects: 0.064500 ms)

Prepare: number of updated asset objects reloaded= 0
AssetImportParameters requested are different than current active one (requested -> active):
  custom:container-demuxer-ogg: 62fdf1f143b41e24485cea50d1cbac27 -> 
  custom:video-codec-MediaFoundation-h265: 746d11721c4dcdbdad8f713fa42b33f4 -> 
  custom:video-decoder-ogg-theora: a1e56fd34408186e4bbccfd4996cb3dc -> 
  custom:framework-win-MediaFoundation: 216162199b28c13a410421893ffa2e32 -> 
  custom:CustomObjectIndexerAttribute: 9a22284fe3817be447336de3de66b15e -> 
  custom:container-demuxer-webm: 4f35f7cbe854078d1ac9338744f61a02 -> 
  custom:container-muxer-webm: aa71ff27fc2769a1b78a27578f13a17b -> 
  custom:video-decoder-webm-vp8: 9c59270c3fd7afecdb556c50c9e8de78 -> 
  custom:SearchIndexIgnoredProperties: e643bd26f0fe6173181afceb89e7c659 -> 
  custom:AudioImporter_EditorPlatform: d09bf68614088b80899f8185d706f6e7 -> 
  custom:video-encoder-webm-vp8: eb34c28f22e8b96e1ab97ce403110664 -> 
  custom:audio-decoder-ogg-vorbis: bf7c407c2cedff20999df2af8eb42d56 -> 
  custom:audio-encoder-webm-vorbis: bf7c407c2cedff20999df2af8eb42d56 -> 
  custom:scripting/monoscript/fileName/RAIKA.cs: 95fc2a643a49722f77f9c792c0cc5c1b -> 
  custom:scripting/precompiled-assembly-types:Assembly-CSharp: a1a3b37f62278baada77ddca63506231 -> 8e4451fd7b8041e811e8b85aaf8b7e55
========================================================================
Received Prepare
Caller must complete domain reload
Begin MonoManager ReloadAssembly
- Loaded All Assemblies, in  0.679 seconds
Native extension for WindowsStandalone target not found
Native extension for WebGL target not found
Mono: successfully reloaded assembly
- Finished resetting the current domain, in  2.616 seconds
Domain Reload Profiling: 3289ms
	BeginReloadAssembly (222ms)
		ExecutionOrderSort (0ms)
		DisableScriptedObjects (6ms)
		BackupInstance (0ms)
		ReleaseScriptingObjects (0ms)
		CreateAndSetChildDomain (40ms)
	RebuildCommonClasses (58ms)
	RebuildNativeTypeToScriptingClass (18ms)
	initialDomainReloadingComplete (48ms)
	LoadAllAssembliesAndSetupDomain (327ms)
		LoadAssemblies (439ms)
		RebuildTransferFunctionScriptingTraits (0ms)
		AnalyzeDomain (20ms)
			TypeCache.Refresh (7ms)
				TypeCache.ScanAssembly (0ms)
			ScanForSourceGeneratedMonoScriptInfo (0ms)
			ResolveRequiredComponents (10ms)
	FinalizeReload (2617ms)
		ReleaseScriptCaches (0ms)
		RebuildScriptCaches (0ms)
		SetupLoadedEditorAssemblies (1685ms)
			LogAssemblyErrors (0ms)
			InitializePlatformSupportModulesInManaged (66ms)
			SetLoadedEditorAssemblies (16ms)
			RefreshPlugins (0ms)
			BeforeProcessingInitializeOnLoad (362ms)
			ProcessInitializeOnLoadAttributes (1109ms)
			ProcessInitializeOnLoadMethodAttributes (96ms)
			AfterProcessingInitializeOnLoad (36ms)
			EditorAssembliesLoaded (0ms)
		ExecutionOrderSort2 (0ms)
		AwakeInstancesAfterBackupRestoration (22ms)
Refreshing native plugins compatible for Editor in 25.78 ms, found 3 plugins.
Preloading 0 native plugins for Editor in 0.00 ms.
Unloading 3654 Unused Serialized files (Serialized files now loaded: 0)
Unloading 19 unused Assets / (31.2 KB). Loaded Objects now: 4493.
Memory consumption went from 139.2 MB to 139.2 MB.
Total: 12.097100 ms (FindLiveObjects: 1.698900 ms CreateObjectMapping: 0.681700 ms MarkObjects: 9.573500 ms  DeleteObjects: 0.138700 ms)

Prepare: number of updated asset objects reloaded= 0
AssetImportParameters requested are different than current active one (requested -> active):
  custom:container-demuxer-ogg: 62fdf1f143b41e24485cea50d1cbac27 -> 
  custom:video-codec-MediaFoundation-h265: 746d11721c4dcdbdad8f713fa42b33f4 -> 
  custom:video-decoder-ogg-theora: a1e56fd34408186e4bbccfd4996cb3dc -> 
  custom:framework-win-MediaFoundation: 216162199b28c13a410421893ffa2e32 -> 
  custom:CustomObjectIndexerAttribute: 9a22284fe3817be447336de3de66b15e -> 
  custom:container-demuxer-webm: 4f35f7cbe854078d1ac9338744f61a02 -> 
  custom:container-muxer-webm: aa71ff27fc2769a1b78a27578f13a17b -> 
  custom:video-decoder-webm-vp8: 9c59270c3fd7afecdb556c50c9e8de78 -> 
  custom:SearchIndexIgnoredProperties: e643bd26f0fe6173181afceb89e7c659 -> 
  custom:AudioImporter_EditorPlatform: d09bf68614088b80899f8185d706f6e7 -> 
  custom:video-encoder-webm-vp8: eb34c28f22e8b96e1ab97ce403110664 -> 
  custom:audio-decoder-ogg-vorbis: bf7c407c2cedff20999df2af8eb42d56 -> 
  custom:audio-encoder-webm-vorbis: bf7c407c2cedff20999df2af8eb42d56 -> 
  custom:scripting/monoscript/fileName/RAIKA.cs: 95fc2a643a49722f77f9c792c0cc5c1b -> 
  custom:scripting/precompiled-assembly-types:Assembly-CSharp: a1a3b37f62278baada77ddca63506231 -> 8e4451fd7b8041e811e8b85aaf8b7e55
========================================================================
Received Prepare
Caller must complete domain reload
Begin MonoManager ReloadAssembly
- Loaded All Assemblies, in  0.764 seconds
Native extension for WindowsStandalone target not found
Native extension for WebGL target not found
Mono: successfully reloaded assembly
- Finished resetting the current domain, in  2.233 seconds
Domain Reload Profiling: 2991ms
	BeginReloadAssembly (223ms)
		ExecutionOrderSort (0ms)
		DisableScriptedObjects (8ms)
		BackupInstance (0ms)
		ReleaseScriptingObjects (0ms)
		CreateAndSetChildDomain (42ms)
	RebuildCommonClasses (56ms)
	RebuildNativeTypeToScriptingClass (25ms)
	initialDomainReloadingComplete (55ms)
	LoadAllAssembliesAndSetupDomain (398ms)
		LoadAssemblies (508ms)
		RebuildTransferFunctionScriptingTraits (0ms)
		AnalyzeDomain (20ms)
			TypeCache.Refresh (10ms)
				TypeCache.ScanAssembly (0ms)
			ScanForSourceGeneratedMonoScriptInfo (0ms)
			ResolveRequiredComponents (8ms)
	FinalizeReload (2234ms)
		ReleaseScriptCaches (0ms)
		RebuildScriptCaches (0ms)
		SetupLoadedEditorAssemblies (1114ms)
			LogAssemblyErrors (0ms)
			InitializePlatformSupportModulesInManaged (23ms)
			SetLoadedEditorAssemblies (5ms)
			RefreshPlugins (0ms)
			BeforeProcessingInitializeOnLoad (172ms)
			ProcessInitializeOnLoadAttributes (804ms)
			ProcessInitializeOnLoadMethodAttributes (83ms)
			AfterProcessingInitializeOnLoad (27ms)
			EditorAssembliesLoaded (0ms)
		ExecutionOrderSort2 (0ms)
		AwakeInstancesAfterBackupRestoration (18ms)
Refreshing native plugins compatible for Editor in 15.51 ms, found 3 plugins.
Preloading 0 native plugins for Editor in 0.00 ms.
Unloading 3654 Unused Serialized files (Serialized files now loaded: 0)
Unloading 19 unused Assets / (31.2 KB). Loaded Objects now: 4496.
Memory consumption went from 139.2 MB to 139.2 MB.
Total: 10.473600 ms (FindLiveObjects: 1.314100 ms CreateObjectMapping: 1.099500 ms MarkObjects: 7.960000 ms  DeleteObjects: 0.097000 ms)

Prepare: number of updated asset objects reloaded= 0
AssetImportParameters requested are different than current active one (requested -> active):
  custom:container-demuxer-ogg: 62fdf1f143b41e24485cea50d1cbac27 -> 
  custom:video-codec-MediaFoundation-h265: 746d11721c4dcdbdad8f713fa42b33f4 -> 
  custom:video-decoder-ogg-theora: a1e56fd34408186e4bbccfd4996cb3dc -> 
  custom:framework-win-MediaFoundation: 216162199b28c13a410421893ffa2e32 -> 
  custom:CustomObjectIndexerAttribute: 9a22284fe3817be447336de3de66b15e -> 
  custom:container-demuxer-webm: 4f35f7cbe854078d1ac9338744f61a02 -> 
  custom:container-muxer-webm: aa71ff27fc2769a1b78a27578f13a17b -> 
  custom:video-decoder-webm-vp8: 9c59270c3fd7afecdb556c50c9e8de78 -> 
  custom:SearchIndexIgnoredProperties: e643bd26f0fe6173181afceb89e7c659 -> 
  custom:AudioImporter_EditorPlatform: d09bf68614088b80899f8185d706f6e7 -> 
  custom:video-encoder-webm-vp8: eb34c28f22e8b96e1ab97ce403110664 -> 
  custom:audio-decoder-ogg-vorbis: bf7c407c2cedff20999df2af8eb42d56 -> 
  custom:audio-encoder-webm-vorbis: bf7c407c2cedff20999df2af8eb42d56 -> 
  custom:scripting/monoscript/fileName/RAIKA.cs: 95fc2a643a49722f77f9c792c0cc5c1b -> 
  custom:scripting/precompiled-assembly-types:Assembly-CSharp: a1a3b37f62278baada77ddca63506231 -> 8e4451fd7b8041e811e8b85aaf8b7e55
========================================================================
Received Prepare
Caller must complete domain reload
Begin MonoManager ReloadAssembly
- Loaded All Assemblies, in  1.359 seconds
Native extension for WindowsStandalone target not found
Native extension for WebGL target not found
Mono: successfully reloaded assembly
- Finished resetting the current domain, in  3.753 seconds
Domain Reload Profiling: 5097ms
	BeginReloadAssembly (299ms)
		ExecutionOrderSort (0ms)
		DisableScriptedObjects (10ms)
		BackupInstance (0ms)
		ReleaseScriptingObjects (0ms)
		CreateAndSetChildDomain (51ms)
	RebuildCommonClasses (136ms)
	RebuildNativeTypeToScriptingClass (45ms)
	initialDomainReloadingComplete (91ms)
	LoadAllAssembliesAndSetupDomain (772ms)
		LoadAssemblies (894ms)
		RebuildTransferFunctionScriptingTraits (0ms)
		AnalyzeDomain (56ms)
			TypeCache.Refresh (20ms)
				TypeCache.ScanAssembly (3ms)
			ScanForSourceGeneratedMonoScriptInfo (18ms)
			ResolveRequiredComponents (15ms)
	FinalizeReload (3755ms)
		ReleaseScriptCaches (0ms)
		RebuildScriptCaches (0ms)
		SetupLoadedEditorAssemblies (1803ms)
			LogAssemblyErrors (0ms)
			InitializePlatformSupportModulesInManaged (45ms)
			SetLoadedEditorAssemblies (14ms)
			RefreshPlugins (0ms)
			BeforeProcessingInitializeOnLoad (367ms)
			ProcessInitializeOnLoadAttributes (1266ms)
			ProcessInitializeOnLoadMethodAttributes (88ms)
			AfterProcessingInitializeOnLoad (22ms)
			EditorAssembliesLoaded (0ms)
		ExecutionOrderSort2 (0ms)
		AwakeInstancesAfterBackupRestoration (15ms)
Script is not up to date after domain reload: guid(dc60b72a7348f1c4caff9f6a48033a7f) path("Assets/Scripts/RAIKA.cs") state(2)
Refreshing native plugins compatible for Editor in 21.52 ms, found 3 plugins.
Preloading 0 native plugins for Editor in 0.00 ms.
Unloading 3653 Unused Serialized files (Serialized files now loaded: 0)
Unloading 19 unused Assets / (31.2 KB). Loaded Objects now: 4498.
Memory consumption went from 139.2 MB to 139.2 MB.
Total: 9.672600 ms (FindLiveObjects: 0.679000 ms CreateObjectMapping: 0.520700 ms MarkObjects: 8.367400 ms  DeleteObjects: 0.103500 ms)

Prepare: number of updated asset objects reloaded= 0
AssetImportParameters requested are different than current active one (requested -> active):
  custom:container-demuxer-ogg: 62fdf1f143b41e24485cea50d1cbac27 -> 
  custom:video-codec-MediaFoundation-h265: 746d11721c4dcdbdad8f713fa42b33f4 -> 
  custom:video-decoder-ogg-theora: a1e56fd34408186e4bbccfd4996cb3dc -> 
  custom:framework-win-MediaFoundation: 216162199b28c13a410421893ffa2e32 -> 
  custom:CustomObjectIndexerAttribute: 9a22284fe3817be447336de3de66b15e -> 
  custom:container-demuxer-webm: 4f35f7cbe854078d1ac9338744f61a02 -> 
  custom:container-muxer-webm: aa71ff27fc2769a1b78a27578f13a17b -> 
  custom:video-decoder-webm-vp8: 9c59270c3fd7afecdb556c50c9e8de78 -> 
  custom:SearchIndexIgnoredProperties: e643bd26f0fe6173181afceb89e7c659 -> 
  custom:AudioImporter_EditorPlatform: d09bf68614088b80899f8185d706f6e7 -> 
  custom:video-encoder-webm-vp8: eb34c28f22e8b96e1ab97ce403110664 -> 
  custom:audio-decoder-ogg-vorbis: bf7c407c2cedff20999df2af8eb42d56 -> 
  custom:audio-encoder-webm-vorbis: bf7c407c2cedff20999df2af8eb42d56 -> 
  custom:scripting/monoscript/fileName/RAIKA.cs: 95fc2a643a49722f77f9c792c0cc5c1b -> 
  custom:scripting/precompiled-assembly-types:Assembly-CSharp: a1a3b37f62278baada77ddca63506231 -> 8e4451fd7b8041e811e8b85aaf8b7e55
========================================================================
Received Prepare
Caller must complete domain reload
Begin MonoManager ReloadAssembly
- Loaded All Assemblies, in  1.113 seconds
Native extension for WindowsStandalone target not found
Native extension for WebGL target not found
Mono: successfully reloaded assembly
- Finished resetting the current domain, in  3.517 seconds
Domain Reload Profiling: 4623ms
	BeginReloadAssembly (375ms)
		ExecutionOrderSort (0ms)
		DisableScriptedObjects (12ms)
		BackupInstance (0ms)
		ReleaseScriptingObjects (0ms)
		CreateAndSetChildDomain (53ms)
	RebuildCommonClasses (81ms)
	RebuildNativeTypeToScriptingClass (28ms)
	initialDomainReloadingComplete (78ms)
	LoadAllAssembliesAndSetupDomain (541ms)
		LoadAssemblies (730ms)
		RebuildTransferFunctionScriptingTraits (0ms)
		AnalyzeDomain (61ms)
			TypeCache.Refresh (21ms)
				TypeCache.ScanAssembly (2ms)
			ScanForSourceGeneratedMonoScriptInfo (21ms)
			ResolveRequiredComponents (16ms)
	FinalizeReload (3519ms)
		ReleaseScriptCaches (0ms)
		RebuildScriptCaches (0ms)
		SetupLoadedEditorAssemblies (1558ms)
			LogAssemblyErrors (0ms)
			InitializePlatformSupportModulesInManaged (38ms)
			SetLoadedEditorAssemblies (14ms)
			RefreshPlugins (0ms)
			BeforeProcessingInitializeOnLoad (310ms)
			ProcessInitializeOnLoadAttributes (1055ms)
			ProcessInitializeOnLoadMethodAttributes (104ms)
			AfterProcessingInitializeOnLoad (36ms)
			EditorAssembliesLoaded (0ms)
		ExecutionOrderSort2 (0ms)
		AwakeInstancesAfterBackupRestoration (21ms)
Refreshing native plugins compatible for Editor in 20.34 ms, found 3 plugins.
Preloading 0 native plugins for Editor in 0.00 ms.
Unloading 3654 Unused Serialized files (Serialized files now loaded: 0)
Unloading 19 unused Assets / (31.1 KB). Loaded Objects now: 4502.
Memory consumption went from 139.3 MB to 139.2 MB.
Total: 7.588500 ms (FindLiveObjects: 0.717900 ms CreateObjectMapping: 0.712200 ms MarkObjects: 6.080600 ms  DeleteObjects: 0.075900 ms)

Prepare: number of updated asset objects reloaded= 0
AssetImportParameters requested are different than current active one (requested -> active):
  custom:container-demuxer-ogg: 62fdf1f143b41e24485cea50d1cbac27 -> 
  custom:video-codec-MediaFoundation-h265: 746d11721c4dcdbdad8f713fa42b33f4 -> 
  custom:video-decoder-ogg-theora: a1e56fd34408186e4bbccfd4996cb3dc -> 
  custom:framework-win-MediaFoundation: 216162199b28c13a410421893ffa2e32 -> 
  custom:CustomObjectIndexerAttribute: 9a22284fe3817be447336de3de66b15e -> 
  custom:container-demuxer-webm: 4f35f7cbe854078d1ac9338744f61a02 -> 
  custom:container-muxer-webm: aa71ff27fc2769a1b78a27578f13a17b -> 
  custom:video-decoder-webm-vp8: 9c59270c3fd7afecdb556c50c9e8de78 -> 
  custom:SearchIndexIgnoredProperties: e643bd26f0fe6173181afceb89e7c659 -> 
  custom:AudioImporter_EditorPlatform: d09bf68614088b80899f8185d706f6e7 -> 
  custom:video-encoder-webm-vp8: eb34c28f22e8b96e1ab97ce403110664 -> 
  custom:audio-decoder-ogg-vorbis: bf7c407c2cedff20999df2af8eb42d56 -> 
  custom:audio-encoder-webm-vorbis: bf7c407c2cedff20999df2af8eb42d56 -> 
  custom:scripting/monoscript/fileName/RAIKA.cs: 95fc2a643a49722f77f9c792c0cc5c1b -> 
  custom:scripting/precompiled-assembly-types:Assembly-CSharp: a1a3b37f62278baada77ddca63506231 -> 8e4451fd7b8041e811e8b85aaf8b7e55
========================================================================
Received Prepare
Caller must complete domain reload
Begin MonoManager ReloadAssembly
- Loaded All Assemblies, in  1.111 seconds
Native extension for WindowsStandalone target not found
Native extension for WebGL target not found
Mono: successfully reloaded assembly
- Finished resetting the current domain, in  3.775 seconds
Domain Reload Profiling: 4878ms
	BeginReloadAssembly (320ms)
		ExecutionOrderSort (0ms)
		DisableScriptedObjects (8ms)
		BackupInstance (0ms)
		ReleaseScriptingObjects (0ms)
		CreateAndSetChildDomain (53ms)
	RebuildCommonClasses (83ms)
	RebuildNativeTypeToScriptingClass (28ms)
	initialDomainReloadingComplete (75ms)
	LoadAllAssembliesAndSetupDomain (595ms)
		LoadAssemblies (735ms)
		RebuildTransferFunctionScriptingTraits (0ms)
		AnalyzeDomain (57ms)
			TypeCache.Refresh (21ms)
				TypeCache.ScanAssembly (2ms)
			ScanForSourceGeneratedMonoScriptInfo (18ms)
			ResolveRequiredComponents (14ms)
	FinalizeReload (3777ms)
		ReleaseScriptCaches (0ms)
		RebuildScriptCaches (0ms)
		SetupLoadedEditorAssemblies (1537ms)
			LogAssemblyErrors (0ms)
			InitializePlatformSupportModulesInManaged (57ms)
			SetLoadedEditorAssemblies (13ms)
			RefreshPlugins (0ms)
			BeforeProcessingInitializeOnLoad (305ms)
			ProcessInitializeOnLoadAttributes (982ms)
			ProcessInitializeOnLoadMethodAttributes (131ms)
			AfterProcessingInitializeOnLoad (49ms)
			EditorAssembliesLoaded (1ms)
		ExecutionOrderSort2 (0ms)
		AwakeInstancesAfterBackupRestoration (26ms)
Refreshing native plugins compatible for Editor in 14.85 ms, found 3 plugins.
Preloading 0 native plugins for Editor in 0.00 ms.
Unloading 3654 Unused Serialized files (Serialized files now loaded: 0)
Unloading 19 unused Assets / (31.0 KB). Loaded Objects now: 4505.
Memory consumption went from 139.3 MB to 139.2 MB.
Total: 7.141700 ms (FindLiveObjects: 0.502500 ms CreateObjectMapping: 0.434800 ms MarkObjects: 6.111900 ms  DeleteObjects: 0.090700 ms)

Prepare: number of updated asset objects reloaded= 0
AssetImportParameters requested are different than current active one (requested -> active):
  custom:container-demuxer-ogg: 62fdf1f143b41e24485cea50d1cbac27 -> 
  custom:video-codec-MediaFoundation-h265: 746d11721c4dcdbdad8f713fa42b33f4 -> 
  custom:video-decoder-ogg-theora: a1e56fd34408186e4bbccfd4996cb3dc -> 
  custom:framework-win-MediaFoundation: 216162199b28c13a410421893ffa2e32 -> 
  custom:CustomObjectIndexerAttribute: 9a22284fe3817be447336de3de66b15e -> 
  custom:container-demuxer-webm: 4f35f7cbe854078d1ac9338744f61a02 -> 
  custom:container-muxer-webm: aa71ff27fc2769a1b78a27578f13a17b -> 
  custom:video-decoder-webm-vp8: 9c59270c3fd7afecdb556c50c9e8de78 -> 
  custom:SearchIndexIgnoredProperties: e643bd26f0fe6173181afceb89e7c659 -> 
  custom:AudioImporter_EditorPlatform: d09bf68614088b80899f8185d706f6e7 -> 
  custom:video-encoder-webm-vp8: eb34c28f22e8b96e1ab97ce403110664 -> 
  custom:audio-decoder-ogg-vorbis: bf7c407c2cedff20999df2af8eb42d56 -> 
  custom:audio-encoder-webm-vorbis: bf7c407c2cedff20999df2af8eb42d56 -> 
  custom:scripting/monoscript/fileName/RAIKA.cs: 95fc2a643a49722f77f9c792c0cc5c1b -> 
  custom:scripting/precompiled-assembly-types:Assembly-CSharp: a1a3b37f62278baada77ddca63506231 -> 8e4451fd7b8041e811e8b85aaf8b7e55
========================================================================
Received Prepare
Caller must complete domain reload
Begin MonoManager ReloadAssembly
- Loaded All Assemblies, in  0.891 seconds
Native extension for WindowsStandalone target not found
Native extension for WebGL target not found
Mono: successfully reloaded assembly
- Finished resetting the current domain, in  2.960 seconds
Domain Reload Profiling: 3843ms
	BeginReloadAssembly (248ms)
		ExecutionOrderSort (0ms)
		DisableScriptedObjects (10ms)
		BackupInstance (0ms)
		ReleaseScriptingObjects (0ms)
		CreateAndSetChildDomain (47ms)
	RebuildCommonClasses (66ms)
	RebuildNativeTypeToScriptingClass (23ms)
	initialDomainReloadingComplete (65ms)
	LoadAllAssembliesAndSetupDomain (479ms)
		LoadAssemblies (576ms)
		RebuildTransferFunctionScriptingTraits (0ms)
		AnalyzeDomain (46ms)
			TypeCache.Refresh (18ms)
				TypeCache.ScanAssembly (2ms)
			ScanForSourceGeneratedMonoScriptInfo (15ms)
			ResolveRequiredComponents (11ms)
	FinalizeReload (2961ms)
		ReleaseScriptCaches (0ms)
		RebuildScriptCaches (0ms)
		SetupLoadedEditorAssemblies (1493ms)
			LogAssemblyErrors (0ms)
			InitializePlatformSupportModulesInManaged (53ms)
			SetLoadedEditorAssemblies (11ms)
			RefreshPlugins (0ms)
			BeforeProcessingInitializeOnLoad (239ms)
			ProcessInitializeOnLoadAttributes (1078ms)
			ProcessInitializeOnLoadMethodAttributes (84ms)
			AfterProcessingInitializeOnLoad (28ms)
			EditorAssembliesLoaded (0ms)
		ExecutionOrderSort2 (0ms)
		AwakeInstancesAfterBackupRestoration (19ms)
Refreshing native plugins compatible for Editor in 29.49 ms, found 3 plugins.
Preloading 0 native plugins for Editor in 0.00 ms.
Unloading 3654 Unused Serialized files (Serialized files now loaded: 0)
Unloading 19 unused Assets / (31.1 KB). Loaded Objects now: 4508.
Memory consumption went from 139.3 MB to 139.2 MB.
Total: 16.602500 ms (FindLiveObjects: 1.012200 ms CreateObjectMapping: 1.177100 ms MarkObjects: 14.319500 ms  DeleteObjects: 0.091800 ms)

Prepare: number of updated asset objects reloaded= 0
AssetImportParameters requested are different than current active one (requested -> active):
  custom:container-demuxer-ogg: 62fdf1f143b41e24485cea50d1cbac27 -> 
  custom:video-codec-MediaFoundation-h265: 746d11721c4dcdbdad8f713fa42b33f4 -> 
  custom:video-decoder-ogg-theora: a1e56fd34408186e4bbccfd4996cb3dc -> 
  custom:framework-win-MediaFoundation: 216162199b28c13a410421893ffa2e32 -> 
  custom:CustomObjectIndexerAttribute: 9a22284fe3817be447336de3de66b15e -> 
  custom:container-demuxer-webm: 4f35f7cbe854078d1ac9338744f61a02 -> 
  custom:container-muxer-webm: aa71ff27fc2769a1b78a27578f13a17b -> 
  custom:video-decoder-webm-vp8: 9c59270c3fd7afecdb556c50c9e8de78 -> 
  custom:SearchIndexIgnoredProperties: e643bd26f0fe6173181afceb89e7c659 -> 
  custom:AudioImporter_EditorPlatform: d09bf68614088b80899f8185d706f6e7 -> 
  custom:video-encoder-webm-vp8: eb34c28f22e8b96e1ab97ce403110664 -> 
  custom:audio-decoder-ogg-vorbis: bf7c407c2cedff20999df2af8eb42d56 -> 
  custom:audio-encoder-webm-vorbis: bf7c407c2cedff20999df2af8eb42d56 -> 
  custom:scripting/monoscript/fileName/RAIKA.cs: 95fc2a643a49722f77f9c792c0cc5c1b -> 
  custom:scripting/precompiled-assembly-types:Assembly-CSharp: a1a3b37f62278baada77ddca63506231 -> 8e4451fd7b8041e811e8b85aaf8b7e55
========================================================================
Received Prepare
Caller must complete domain reload
Begin MonoManager ReloadAssembly
- Loaded All Assemblies, in  0.953 seconds
Native extension for WindowsStandalone target not found
Native extension for WebGL target not found
Mono: successfully reloaded assembly
- Finished resetting the current domain, in  3.113 seconds
Domain Reload Profiling: 4058ms
	BeginReloadAssembly (299ms)
		ExecutionOrderSort (0ms)
		DisableScriptedObjects (12ms)
		BackupInstance (0ms)
		ReleaseScriptingObjects (0ms)
		CreateAndSetChildDomain (52ms)
	RebuildCommonClasses (77ms)
	RebuildNativeTypeToScriptingClass (18ms)
	initialDomainReloadingComplete (74ms)
	LoadAllAssembliesAndSetupDomain (476ms)
		LoadAssemblies (603ms)
		RebuildTransferFunctionScriptingTraits (0ms)
		AnalyzeDomain (47ms)
			TypeCache.Refresh (14ms)
				TypeCache.ScanAssembly (1ms)
			ScanForSourceGeneratedMonoScriptInfo (16ms)
			ResolveRequiredComponents (13ms)
	FinalizeReload (3114ms)
		ReleaseScriptCaches (0ms)
		RebuildScriptCaches (0ms)
		SetupLoadedEditorAssemblies (1602ms)
			LogAssemblyErrors (0ms)
			InitializePlatformSupportModulesInManaged (46ms)
			SetLoadedEditorAssemblies (5ms)
			RefreshPlugins (0ms)
			BeforeProcessingInitializeOnLoad (281ms)
			ProcessInitializeOnLoadAttributes (1053ms)
			ProcessInitializeOnLoadMethodAttributes (148ms)
			AfterProcessingInitializeOnLoad (67ms)
			EditorAssembliesLoaded (2ms)
		ExecutionOrderSort2 (3ms)
		AwakeInstancesAfterBackupRestoration (112ms)
Script is not up to date after domain reload: guid(dc60b72a7348f1c4caff9f6a48033a7f) path("Assets/Scripts/RAIKA.cs") state(2)
Refreshing native plugins compatible for Editor in 10.83 ms, found 3 plugins.
Preloading 0 native plugins for Editor in 0.00 ms.
Unloading 3653 Unused Serialized files (Serialized files now loaded: 0)
Unloading 19 unused Assets / (31.1 KB). Loaded Objects now: 4510.
Memory consumption went from 139.2 MB to 139.2 MB.
Total: 4.942700 ms (FindLiveObjects: 0.482800 ms CreateObjectMapping: 0.379000 ms MarkObjects: 4.022800 ms  DeleteObjects: 0.056900 ms)

Prepare: number of updated asset objects reloaded= 0
AssetImportParameters requested are different than current active one (requested -> active):
  custom:container-demuxer-ogg: 62fdf1f143b41e24485cea50d1cbac27 -> 
  custom:video-codec-MediaFoundation-h265: 746d11721c4dcdbdad8f713fa42b33f4 -> 
  custom:video-decoder-ogg-theora: a1e56fd34408186e4bbccfd4996cb3dc -> 
  custom:framework-win-MediaFoundation: 216162199b28c13a410421893ffa2e32 -> 
  custom:CustomObjectIndexerAttribute: 9a22284fe3817be447336de3de66b15e -> 
  custom:container-demuxer-webm: 4f35f7cbe854078d1ac9338744f61a02 -> 
  custom:container-muxer-webm: aa71ff27fc2769a1b78a27578f13a17b -> 
  custom:video-decoder-webm-vp8: 9c59270c3fd7afecdb556c50c9e8de78 -> 
  custom:SearchIndexIgnoredProperties: e643bd26f0fe6173181afceb89e7c659 -> 
  custom:AudioImporter_EditorPlatform: d09bf68614088b80899f8185d706f6e7 -> 
  custom:video-encoder-webm-vp8: eb34c28f22e8b96e1ab97ce403110664 -> 
  custom:audio-decoder-ogg-vorbis: bf7c407c2cedff20999df2af8eb42d56 -> 
  custom:audio-encoder-webm-vorbis: bf7c407c2cedff20999df2af8eb42d56 -> 
  custom:scripting/monoscript/fileName/RAIKA.cs: 95fc2a643a49722f77f9c792c0cc5c1b -> 
  custom:scripting/precompiled-assembly-types:Assembly-CSharp: a1a3b37f62278baada77ddca63506231 -> 8e4451fd7b8041e811e8b85aaf8b7e55
========================================================================
Received Prepare
Caller must complete domain reload
Begin MonoManager ReloadAssembly
- Loaded All Assemblies, in  1.021 seconds
Native extension for WindowsStandalone target not found
Native extension for WebGL target not found
Mono: successfully reloaded assembly
- Finished resetting the current domain, in  3.901 seconds
Domain Reload Profiling: 4916ms
	BeginReloadAssembly (326ms)
		ExecutionOrderSort (0ms)
		DisableScriptedObjects (10ms)
		BackupInstance (0ms)
		ReleaseScriptingObjects (0ms)
		CreateAndSetChildDomain (59ms)
	RebuildCommonClasses (81ms)
	RebuildNativeTypeToScriptingClass (25ms)
	initialDomainReloadingComplete (65ms)
	LoadAllAssembliesAndSetupDomain (516ms)
		LoadAssemblies (649ms)
		RebuildTransferFunctionScriptingTraits (0ms)
		AnalyzeDomain (59ms)
			TypeCache.Refresh (19ms)
				TypeCache.ScanAssembly (2ms)
			ScanForSourceGeneratedMonoScriptInfo (21ms)
			ResolveRequiredComponents (15ms)
	FinalizeReload (3902ms)
		ReleaseScriptCaches (0ms)
		RebuildScriptCaches (0ms)
		SetupLoadedEditorAssemblies (2147ms)
			LogAssemblyErrors (0ms)
			InitializePlatformSupportModulesInManaged (30ms)
			SetLoadedEditorAssemblies (7ms)
			RefreshPlugins (0ms)
			BeforeProcessingInitializeOnLoad (224ms)
			ProcessInitializeOnLoadAttributes (1722ms)
			ProcessInitializeOnLoadMethodAttributes (128ms)
			AfterProcessingInitializeOnLoad (35ms)
			EditorAssembliesLoaded (0ms)
		ExecutionOrderSort2 (0ms)
		AwakeInstancesAfterBackupRestoration (20ms)
Script is not up to date after domain reload: guid(dc60b72a7348f1c4caff9f6a48033a7f) path("Assets/Scripts/RAIKA.cs") state(2)
Refreshing native plugins compatible for Editor in 15.70 ms, found 3 plugins.
Preloading 0 native plugins for Editor in 0.00 ms.
Unloading 3653 Unused Serialized files (Serialized files now loaded: 0)
Unloading 19 unused Assets / (31.1 KB). Loaded Objects now: 4513.
Memory consumption went from 139.2 MB to 139.2 MB.
Total: 7.496400 ms (FindLiveObjects: 0.519200 ms CreateObjectMapping: 0.508700 ms MarkObjects: 6.376400 ms  DeleteObjects: 0.090100 ms)

Prepare: number of updated asset objects reloaded= 0
AssetImportParameters requested are different than current active one (requested -> active):
  custom:container-demuxer-ogg: 62fdf1f143b41e24485cea50d1cbac27 -> 
  custom:video-codec-MediaFoundation-h265: 746d11721c4dcdbdad8f713fa42b33f4 -> 
  custom:video-decoder-ogg-theora: a1e56fd34408186e4bbccfd4996cb3dc -> 
  custom:framework-win-MediaFoundation: 216162199b28c13a410421893ffa2e32 -> 
  custom:CustomObjectIndexerAttribute: 9a22284fe3817be447336de3de66b15e -> 
  custom:container-demuxer-webm: 4f35f7cbe854078d1ac9338744f61a02 -> 
  custom:container-muxer-webm: aa71ff27fc2769a1b78a27578f13a17b -> 
  custom:video-decoder-webm-vp8: 9c59270c3fd7afecdb556c50c9e8de78 -> 
  custom:SearchIndexIgnoredProperties: e643bd26f0fe6173181afceb89e7c659 -> 
  custom:AudioImporter_EditorPlatform: d09bf68614088b80899f8185d706f6e7 -> 
  custom:video-encoder-webm-vp8: eb34c28f22e8b96e1ab97ce403110664 -> 
  custom:audio-decoder-ogg-vorbis: bf7c407c2cedff20999df2af8eb42d56 -> 
  custom:audio-encoder-webm-vorbis: bf7c407c2cedff20999df2af8eb42d56 -> 
  custom:scripting/monoscript/fileName/RAIKA.cs: 95fc2a643a49722f77f9c792c0cc5c1b -> 
  custom:scripting/precompiled-assembly-types:Assembly-CSharp: a1a3b37f62278baada77ddca63506231 -> 8e4451fd7b8041e811e8b85aaf8b7e55
========================================================================
Received Prepare
Caller must complete domain reload
Begin MonoManager ReloadAssembly
- Loaded All Assemblies, in  0.915 seconds
Native extension for WindowsStandalone target not found
Native extension for WebGL target not found
Mono: successfully reloaded assembly
- Finished resetting the current domain, in  2.460 seconds
Domain Reload Profiling: 3368ms
	BeginReloadAssembly (262ms)
		ExecutionOrderSort (0ms)
		DisableScriptedObjects (10ms)
		BackupInstance (0ms)
		ReleaseScriptingObjects (0ms)
		CreateAndSetChildDomain (50ms)
	RebuildCommonClasses (70ms)
	RebuildNativeTypeToScriptingClass (22ms)
	initialDomainReloadingComplete (69ms)
	LoadAllAssembliesAndSetupDomain (484ms)
		LoadAssemblies (580ms)
		RebuildTransferFunctionScriptingTraits (0ms)
		AnalyzeDomain (52ms)
			TypeCache.Refresh (19ms)
				TypeCache.ScanAssembly (2ms)
			ScanForSourceGeneratedMonoScriptInfo (16ms)
			ResolveRequiredComponents (14ms)
	FinalizeReload (2461ms)
		ReleaseScriptCaches (0ms)
		RebuildScriptCaches (0ms)
		SetupLoadedEditorAssemblies (1180ms)
			LogAssemblyErrors (0ms)
			InitializePlatformSupportModulesInManaged (31ms)
			SetLoadedEditorAssemblies (9ms)
			RefreshPlugins (0ms)
			BeforeProcessingInitializeOnLoad (237ms)
			ProcessInitializeOnLoadAttributes (817ms)
			ProcessInitializeOnLoadMethodAttributes (69ms)
			AfterProcessingInitializeOnLoad (18ms)
			EditorAssembliesLoaded (0ms)
		ExecutionOrderSort2 (0ms)
		AwakeInstancesAfterBackupRestoration (13ms)
Refreshing native plugins compatible for Editor in 12.07 ms, found 3 plugins.
Preloading 0 native plugins for Editor in 0.00 ms.
Unloading 3654 Unused Serialized files (Serialized files now loaded: 0)
Unloading 19 unused Assets / (31.1 KB). Loaded Objects now: 4517.
Memory consumption went from 139.3 MB to 139.2 MB.
Total: 4.044700 ms (FindLiveObjects: 0.414600 ms CreateObjectMapping: 0.332200 ms MarkObjects: 3.242800 ms  DeleteObjects: 0.054000 ms)

Prepare: number of updated asset objects reloaded= 0
AssetImportParameters requested are different than current active one (requested -> active):
  custom:container-demuxer-ogg: 62fdf1f143b41e24485cea50d1cbac27 -> 
  custom:video-codec-MediaFoundation-h265: 746d11721c4dcdbdad8f713fa42b33f4 -> 
  custom:video-decoder-ogg-theora: a1e56fd34408186e4bbccfd4996cb3dc -> 
  custom:framework-win-MediaFoundation: 216162199b28c13a410421893ffa2e32 -> 
  custom:CustomObjectIndexerAttribute: 9a22284fe3817be447336de3de66b15e -> 
  custom:container-demuxer-webm: 4f35f7cbe854078d1ac9338744f61a02 -> 
  custom:container-muxer-webm: aa71ff27fc2769a1b78a27578f13a17b -> 
  custom:video-decoder-webm-vp8: 9c59270c3fd7afecdb556c50c9e8de78 -> 
  custom:SearchIndexIgnoredProperties: e643bd26f0fe6173181afceb89e7c659 -> 
  custom:AudioImporter_EditorPlatform: d09bf68614088b80899f8185d706f6e7 -> 
  custom:video-encoder-webm-vp8: eb34c28f22e8b96e1ab97ce403110664 -> 
  custom:audio-decoder-ogg-vorbis: bf7c407c2cedff20999df2af8eb42d56 -> 
  custom:audio-encoder-webm-vorbis: bf7c407c2cedff20999df2af8eb42d56 -> 
  custom:scripting/monoscript/fileName/RAIKA.cs: 95fc2a643a49722f77f9c792c0cc5c1b -> 
  custom:scripting/precompiled-assembly-types:Assembly-CSharp: a1a3b37f62278baada77ddca63506231 -> 8e4451fd7b8041e811e8b85aaf8b7e55
========================================================================
Received Prepare
Caller must complete domain reload
Begin MonoManager ReloadAssembly
- Loaded All Assemblies, in  0.939 seconds
Native extension for WindowsStandalone target not found
Native extension for WebGL target not found
Mono: successfully reloaded assembly
- Finished resetting the current domain, in  2.822 seconds
Domain Reload Profiling: 3753ms
	BeginReloadAssembly (275ms)
		ExecutionOrderSort (0ms)
		DisableScriptedObjects (9ms)
		BackupInstance (0ms)
		ReleaseScriptingObjects (0ms)
		CreateAndSetChildDomain (45ms)
	RebuildCommonClasses (80ms)
	RebuildNativeTypeToScriptingClass (26ms)
	initialDomainReloadingComplete (72ms)
	LoadAllAssembliesAndSetupDomain (476ms)
		LoadAssemblies (620ms)
		RebuildTransferFunctionScriptingTraits (0ms)
		AnalyzeDomain (25ms)
			TypeCache.Refresh (10ms)
				TypeCache.ScanAssembly (0ms)
			ScanForSourceGeneratedMonoScriptInfo (0ms)
			ResolveRequiredComponents (12ms)
	FinalizeReload (2824ms)
		ReleaseScriptCaches (0ms)
		RebuildScriptCaches (0ms)
		SetupLoadedEditorAssemblies (1512ms)
			LogAssemblyErrors (0ms)
			InitializePlatformSupportModulesInManaged (69ms)
			SetLoadedEditorAssemblies (113ms)
			RefreshPlugins (0ms)
			BeforeProcessingInitializeOnLoad (268ms)
			ProcessInitializeOnLoadAttributes (903ms)
			ProcessInitializeOnLoadMethodAttributes (122ms)
			AfterProcessingInitializeOnLoad (37ms)
			EditorAssembliesLoaded (1ms)
		ExecutionOrderSort2 (0ms)
		AwakeInstancesAfterBackupRestoration (21ms)
Refreshing native plugins compatible for Editor in 16.18 ms, found 3 plugins.
Preloading 0 native plugins for Editor in 0.00 ms.
Unloading 3654 Unused Serialized files (Serialized files now loaded: 0)
Unloading 19 unused Assets / (31.2 KB). Loaded Objects now: 4520.
Memory consumption went from 139.3 MB to 139.2 MB.
Total: 8.009500 ms (FindLiveObjects: 0.719300 ms CreateObjectMapping: 0.617000 ms MarkObjects: 6.599900 ms  DeleteObjects: 0.069700 ms)

Prepare: number of updated asset objects reloaded= 0
AssetImportParameters requested are different than current active one (requested -> active):
  custom:container-demuxer-ogg: 62fdf1f143b41e24485cea50d1cbac27 -> 
  custom:video-codec-MediaFoundation-h265: 746d11721c4dcdbdad8f713fa42b33f4 -> 
  custom:video-decoder-ogg-theora: a1e56fd34408186e4bbccfd4996cb3dc -> 
  custom:framework-win-MediaFoundation: 216162199b28c13a410421893ffa2e32 -> 
  custom:CustomObjectIndexerAttribute: 9a22284fe3817be447336de3de66b15e -> 
  custom:container-demuxer-webm: 4f35f7cbe854078d1ac9338744f61a02 -> 
  custom:container-muxer-webm: aa71ff27fc2769a1b78a27578f13a17b -> 
  custom:video-decoder-webm-vp8: 9c59270c3fd7afecdb556c50c9e8de78 -> 
  custom:SearchIndexIgnoredProperties: e643bd26f0fe6173181afceb89e7c659 -> 
  custom:AudioImporter_EditorPlatform: d09bf68614088b80899f8185d706f6e7 -> 
  custom:video-encoder-webm-vp8: eb34c28f22e8b96e1ab97ce403110664 -> 
  custom:audio-decoder-ogg-vorbis: bf7c407c2cedff20999df2af8eb42d56 -> 
  custom:audio-encoder-webm-vorbis: bf7c407c2cedff20999df2af8eb42d56 -> 
  custom:scripting/monoscript/fileName/RAIKA.cs: 95fc2a643a49722f77f9c792c0cc5c1b -> 
  custom:scripting/precompiled-assembly-types:Assembly-CSharp: a1a3b37f62278baada77ddca63506231 -> 8e4451fd7b8041e811e8b85aaf8b7e55
========================================================================
Received Prepare
Caller must complete domain reload
Begin MonoManager ReloadAssembly
- Loaded All Assemblies, in  0.891 seconds
Native extension for WindowsStandalone target not found
Native extension for WebGL target not found
Mono: successfully reloaded assembly
- Finished resetting the current domain, in  2.319 seconds
Domain Reload Profiling: 3203ms
	BeginReloadAssembly (275ms)
		ExecutionOrderSort (0ms)
		DisableScriptedObjects (10ms)
		BackupInstance (0ms)
		ReleaseScriptingObjects (0ms)
		CreateAndSetChildDomain (48ms)
	RebuildCommonClasses (76ms)
	RebuildNativeTypeToScriptingClass (24ms)
	initialDomainReloadingComplete (62ms)
	LoadAllAssembliesAndSetupDomain (446ms)
		LoadAssemblies (582ms)
		RebuildTransferFunctionScriptingTraits (0ms)
		AnalyzeDomain (25ms)
			TypeCache.Refresh (11ms)
				TypeCache.ScanAssembly (0ms)
			ScanForSourceGeneratedMonoScriptInfo (0ms)
			ResolveRequiredComponents (12ms)
	FinalizeReload (2320ms)
		ReleaseScriptCaches (0ms)
		RebuildScriptCaches (0ms)
		SetupLoadedEditorAssemblies (1198ms)
			LogAssemblyErrors (0ms)
			InitializePlatformSupportModulesInManaged (21ms)
			SetLoadedEditorAssemblies (5ms)
			RefreshPlugins (0ms)
			BeforeProcessingInitializeOnLoad (155ms)
			ProcessInitializeOnLoadAttributes (877ms)
			ProcessInitializeOnLoadMethodAttributes (102ms)
			AfterProcessingInitializeOnLoad (37ms)
			EditorAssembliesLoaded (0ms)
		ExecutionOrderSort2 (0ms)
		AwakeInstancesAfterBackupRestoration (21ms)
Refreshing native plugins compatible for Editor in 17.89 ms, found 3 plugins.
Preloading 0 native plugins for Editor in 0.00 ms.
Unloading 3654 Unused Serialized files (Serialized files now loaded: 0)
Unloading 19 unused Assets / (31.1 KB). Loaded Objects now: 4523.
Memory consumption went from 139.3 MB to 139.2 MB.
Total: 7.771300 ms (FindLiveObjects: 0.869500 ms CreateObjectMapping: 1.001400 ms MarkObjects: 5.811300 ms  DeleteObjects: 0.087500 ms)

Prepare: number of updated asset objects reloaded= 0
AssetImportParameters requested are different than current active one (requested -> active):
  custom:container-demuxer-ogg: 62fdf1f143b41e24485cea50d1cbac27 -> 
  custom:video-codec-MediaFoundation-h265: 746d11721c4dcdbdad8f713fa42b33f4 -> 
  custom:video-decoder-ogg-theora: a1e56fd34408186e4bbccfd4996cb3dc -> 
  custom:framework-win-MediaFoundation: 216162199b28c13a410421893ffa2e32 -> 
  custom:CustomObjectIndexerAttribute: 9a22284fe3817be447336de3de66b15e -> 
  custom:container-demuxer-webm: 4f35f7cbe854078d1ac9338744f61a02 -> 
  custom:container-muxer-webm: aa71ff27fc2769a1b78a27578f13a17b -> 
  custom:video-decoder-webm-vp8: 9c59270c3fd7afecdb556c50c9e8de78 -> 
  custom:SearchIndexIgnoredProperties: e643bd26f0fe6173181afceb89e7c659 -> 
  custom:AudioImporter_EditorPlatform: d09bf68614088b80899f8185d706f6e7 -> 
  custom:video-encoder-webm-vp8: eb34c28f22e8b96e1ab97ce403110664 -> 
  custom:audio-decoder-ogg-vorbis: bf7c407c2cedff20999df2af8eb42d56 -> 
  custom:audio-encoder-webm-vorbis: bf7c407c2cedff20999df2af8eb42d56 -> 
  custom:scripting/monoscript/fileName/RAIKA.cs: 95fc2a643a49722f77f9c792c0cc5c1b -> 
  custom:scripting/precompiled-assembly-types:Assembly-CSharp: a1a3b37f62278baada77ddca63506231 -> 8e4451fd7b8041e811e8b85aaf8b7e55
========================================================================
Received Prepare
Caller must complete domain reload
Begin MonoManager ReloadAssembly
- Loaded All Assemblies, in  0.889 seconds
Native extension for WindowsStandalone target not found
Native extension for WebGL target not found
Mono: successfully reloaded assembly
- Finished resetting the current domain, in  2.246 seconds
Domain Reload Profiling: 3126ms
	BeginReloadAssembly (266ms)
		ExecutionOrderSort (0ms)
		DisableScriptedObjects (9ms)
		BackupInstance (0ms)
		ReleaseScriptingObjects (0ms)
		CreateAndSetChildDomain (44ms)
	RebuildCommonClasses (78ms)
	RebuildNativeTypeToScriptingClass (26ms)
	initialDomainReloadingComplete (67ms)
	LoadAllAssembliesAndSetupDomain (442ms)
		LoadAssemblies (580ms)
		RebuildTransferFunctionScriptingTraits (0ms)
		AnalyzeDomain (23ms)
			TypeCache.Refresh (10ms)
				TypeCache.ScanAssembly (0ms)
			ScanForSourceGeneratedMonoScriptInfo (0ms)
			ResolveRequiredComponents (10ms)
	FinalizeReload (2247ms)
		ReleaseScriptCaches (0ms)
		RebuildScriptCaches (0ms)
		SetupLoadedEditorAssemblies (1125ms)
			LogAssemblyErrors (0ms)
			InitializePlatformSupportModulesInManaged (19ms)
			SetLoadedEditorAssemblies (7ms)
			RefreshPlugins (0ms)
			BeforeProcessingInitializeOnLoad (150ms)
			ProcessInitializeOnLoadAttributes (820ms)
			ProcessInitializeOnLoadMethodAttributes (99ms)
			AfterProcessingInitializeOnLoad (30ms)
			EditorAssembliesLoaded (0ms)
		ExecutionOrderSort2 (0ms)
		AwakeInstancesAfterBackupRestoration (21ms)
Refreshing native plugins compatible for Editor in 18.34 ms, found 3 plugins.
Preloading 0 native plugins for Editor in 0.00 ms.
Unloading 3654 Unused Serialized files (Serialized files now loaded: 0)
Unloading 19 unused Assets / (31.1 KB). Loaded Objects now: 4526.
Memory consumption went from 139.3 MB to 139.2 MB.
Total: 7.851100 ms (FindLiveObjects: 0.887400 ms CreateObjectMapping: 0.622700 ms MarkObjects: 6.266400 ms  DeleteObjects: 0.072200 ms)

Prepare: number of updated asset objects reloaded= 0
AssetImportParameters requested are different than current active one (requested -> active):
  custom:container-demuxer-ogg: 62fdf1f143b41e24485cea50d1cbac27 -> 
  custom:video-codec-MediaFoundation-h265: 746d11721c4dcdbdad8f713fa42b33f4 -> 
  custom:video-decoder-ogg-theora: a1e56fd34408186e4bbccfd4996cb3dc -> 
  custom:framework-win-MediaFoundation: 216162199b28c13a410421893ffa2e32 -> 
  custom:CustomObjectIndexerAttribute: 9a22284fe3817be447336de3de66b15e -> 
  custom:container-demuxer-webm: 4f35f7cbe854078d1ac9338744f61a02 -> 
  custom:container-muxer-webm: aa71ff27fc2769a1b78a27578f13a17b -> 
  custom:video-decoder-webm-vp8: 9c59270c3fd7afecdb556c50c9e8de78 -> 
  custom:SearchIndexIgnoredProperties: e643bd26f0fe6173181afceb89e7c659 -> 
  custom:AudioImporter_EditorPlatform: d09bf68614088b80899f8185d706f6e7 -> 
  custom:video-encoder-webm-vp8: eb34c28f22e8b96e1ab97ce403110664 -> 
  custom:audio-decoder-ogg-vorbis: bf7c407c2cedff20999df2af8eb42d56 -> 
  custom:audio-encoder-webm-vorbis: bf7c407c2cedff20999df2af8eb42d56 -> 
  custom:scripting/monoscript/fileName/RAIKA.cs: 95fc2a643a49722f77f9c792c0cc5c1b -> 
  custom:scripting/precompiled-assembly-types:Assembly-CSharp: a1a3b37f62278baada77ddca63506231 -> 8e4451fd7b8041e811e8b85aaf8b7e55
========================================================================
Received Prepare
Caller must complete domain reload
Begin MonoManager ReloadAssembly
- Loaded All Assemblies, in  0.960 seconds
Native extension for WindowsStandalone target not found
Native extension for WebGL target not found
Mono: successfully reloaded assembly
- Finished resetting the current domain, in  2.438 seconds
Domain Reload Profiling: 3388ms
	BeginReloadAssembly (283ms)
		ExecutionOrderSort (0ms)
		DisableScriptedObjects (9ms)
		BackupInstance (0ms)
		ReleaseScriptingObjects (0ms)
		CreateAndSetChildDomain (46ms)
	RebuildCommonClasses (81ms)
	RebuildNativeTypeToScriptingClass (25ms)
	initialDomainReloadingComplete (84ms)
	LoadAllAssembliesAndSetupDomain (475ms)
		LoadAssemblies (622ms)
		RebuildTransferFunctionScriptingTraits (0ms)
		AnalyzeDomain (28ms)
			TypeCache.Refresh (10ms)
				TypeCache.ScanAssembly (0ms)
			ScanForSourceGeneratedMonoScriptInfo (0ms)
			ResolveRequiredComponents (14ms)
	FinalizeReload (2440ms)
		ReleaseScriptCaches (0ms)
		RebuildScriptCaches (0ms)
		SetupLoadedEditorAssemblies (1191ms)
			LogAssemblyErrors (0ms)
			InitializePlatformSupportModulesInManaged (21ms)
			SetLoadedEditorAssemblies (7ms)
			RefreshPlugins (0ms)
			BeforeProcessingInitializeOnLoad (154ms)
			ProcessInitializeOnLoadAttributes (886ms)
			ProcessInitializeOnLoadMethodAttributes (84ms)
			AfterProcessingInitializeOnLoad (38ms)
			EditorAssembliesLoaded (1ms)
		ExecutionOrderSort2 (0ms)
		AwakeInstancesAfterBackupRestoration (21ms)
Refreshing native plugins compatible for Editor in 20.22 ms, found 3 plugins.
Preloading 0 native plugins for Editor in 0.00 ms.
Unloading 3654 Unused Serialized files (Serialized files now loaded: 0)
Unloading 19 unused Assets / (31.2 KB). Loaded Objects now: 4529.
Memory consumption went from 139.3 MB to 139.2 MB.
Total: 9.290700 ms (FindLiveObjects: 1.427800 ms CreateObjectMapping: 1.169900 ms MarkObjects: 6.610300 ms  DeleteObjects: 0.080600 ms)

Prepare: number of updated asset objects reloaded= 0
AssetImportParameters requested are different than current active one (requested -> active):
  custom:container-demuxer-ogg: 62fdf1f143b41e24485cea50d1cbac27 -> 
  custom:video-codec-MediaFoundation-h265: 746d11721c4dcdbdad8f713fa42b33f4 -> 
  custom:video-decoder-ogg-theora: a1e56fd34408186e4bbccfd4996cb3dc -> 
  custom:framework-win-MediaFoundation: 216162199b28c13a410421893ffa2e32 -> 
  custom:CustomObjectIndexerAttribute: 9a22284fe3817be447336de3de66b15e -> 
  custom:container-demuxer-webm: 4f35f7cbe854078d1ac9338744f61a02 -> 
  custom:container-muxer-webm: aa71ff27fc2769a1b78a27578f13a17b -> 
  custom:video-decoder-webm-vp8: 9c59270c3fd7afecdb556c50c9e8de78 -> 
  custom:SearchIndexIgnoredProperties: e643bd26f0fe6173181afceb89e7c659 -> 
  custom:AudioImporter_EditorPlatform: d09bf68614088b80899f8185d706f6e7 -> 
  custom:video-encoder-webm-vp8: eb34c28f22e8b96e1ab97ce403110664 -> 
  custom:audio-decoder-ogg-vorbis: bf7c407c2cedff20999df2af8eb42d56 -> 
  custom:audio-encoder-webm-vorbis: bf7c407c2cedff20999df2af8eb42d56 -> 
  custom:scripting/monoscript/fileName/RAIKA.cs: 95fc2a643a49722f77f9c792c0cc5c1b -> 
  custom:scripting/precompiled-assembly-types:Assembly-CSharp: a1a3b37f62278baada77ddca63506231 -> 8e4451fd7b8041e811e8b85aaf8b7e55
========================================================================
Received Prepare
Caller must complete domain reload
Begin MonoManager ReloadAssembly
- Loaded All Assemblies, in  1.190 seconds
Native extension for WindowsStandalone target not found
Native extension for WebGL target not found
Mono: successfully reloaded assembly
- Finished resetting the current domain, in  4.094 seconds
Domain Reload Profiling: 5276ms
	BeginReloadAssembly (266ms)
		ExecutionOrderSort (0ms)
		DisableScriptedObjects (10ms)
		BackupInstance (0ms)
		ReleaseScriptingObjects (0ms)
		CreateAndSetChildDomain (46ms)
	RebuildCommonClasses (159ms)
	RebuildNativeTypeToScriptingClass (31ms)
	initialDomainReloadingComplete (79ms)
	LoadAllAssembliesAndSetupDomain (645ms)
		LoadAssemblies (739ms)
		RebuildTransferFunctionScriptingTraits (0ms)
		AnalyzeDomain (60ms)
			TypeCache.Refresh (21ms)
				TypeCache.ScanAssembly (3ms)
			ScanForSourceGeneratedMonoScriptInfo (20ms)
			ResolveRequiredComponents (16ms)
	FinalizeReload (4096ms)
		ReleaseScriptCaches (0ms)
		RebuildScriptCaches (0ms)
		SetupLoadedEditorAssemblies (1598ms)
			LogAssemblyErrors (0ms)
			InitializePlatformSupportModulesInManaged (59ms)
			SetLoadedEditorAssemblies (18ms)
			RefreshPlugins (0ms)
			BeforeProcessingInitializeOnLoad (352ms)
			ProcessInitializeOnLoadAttributes (1005ms)
			ProcessInitializeOnLoadMethodAttributes (126ms)
			AfterProcessingInitializeOnLoad (38ms)
			EditorAssembliesLoaded (0ms)
		ExecutionOrderSort2 (0ms)
		AwakeInstancesAfterBackupRestoration (25ms)
Refreshing native plugins compatible for Editor in 18.95 ms, found 3 plugins.
Preloading 0 native plugins for Editor in 0.00 ms.
Unloading 3654 Unused Serialized files (Serialized files now loaded: 0)
Unloading 19 unused Assets / (31.1 KB). Loaded Objects now: 4532.
Memory consumption went from 139.3 MB to 139.2 MB.
Total: 6.166800 ms (FindLiveObjects: 0.645300 ms CreateObjectMapping: 0.473200 ms MarkObjects: 4.949600 ms  DeleteObjects: 0.096500 ms)

Prepare: number of updated asset objects reloaded= 0
AssetImportParameters requested are different than current active one (requested -> active):
  custom:container-demuxer-ogg: 62fdf1f143b41e24485cea50d1cbac27 -> 
  custom:video-codec-MediaFoundation-h265: 746d11721c4dcdbdad8f713fa42b33f4 -> 
  custom:video-decoder-ogg-theora: a1e56fd34408186e4bbccfd4996cb3dc -> 
  custom:framework-win-MediaFoundation: 216162199b28c13a410421893ffa2e32 -> 
  custom:CustomObjectIndexerAttribute: 9a22284fe3817be447336de3de66b15e -> 
  custom:container-demuxer-webm: 4f35f7cbe854078d1ac9338744f61a02 -> 
  custom:container-muxer-webm: aa71ff27fc2769a1b78a27578f13a17b -> 
  custom:video-decoder-webm-vp8: 9c59270c3fd7afecdb556c50c9e8de78 -> 
  custom:SearchIndexIgnoredProperties: e643bd26f0fe6173181afceb89e7c659 -> 
  custom:AudioImporter_EditorPlatform: d09bf68614088b80899f8185d706f6e7 -> 
  custom:video-encoder-webm-vp8: eb34c28f22e8b96e1ab97ce403110664 -> 
  custom:audio-decoder-ogg-vorbis: bf7c407c2cedff20999df2af8eb42d56 -> 
  custom:audio-encoder-webm-vorbis: bf7c407c2cedff20999df2af8eb42d56 -> 
  custom:scripting/monoscript/fileName/RAIKA.cs: 95fc2a643a49722f77f9c792c0cc5c1b -> 
  custom:scripting/precompiled-assembly-types:Assembly-CSharp: a1a3b37f62278baada77ddca63506231 -> 8e4451fd7b8041e811e8b85aaf8b7e55
========================================================================
Received Prepare
Caller must complete domain reload
Begin MonoManager ReloadAssembly
- Loaded All Assemblies, in  0.928 seconds
Native extension for WindowsStandalone target not found
Native extension for WebGL target not found
Mono: successfully reloaded assembly
- Finished resetting the current domain, in  2.747 seconds
Domain Reload Profiling: 3668ms
	BeginReloadAssembly (282ms)
		ExecutionOrderSort (0ms)
		DisableScriptedObjects (10ms)
		BackupInstance (0ms)
		ReleaseScriptingObjects (0ms)
		CreateAndSetChildDomain (51ms)
	RebuildCommonClasses (85ms)
	RebuildNativeTypeToScriptingClass (29ms)
	initialDomainReloadingComplete (70ms)
	LoadAllAssembliesAndSetupDomain (452ms)
		LoadAssemblies (595ms)
		RebuildTransferFunctionScriptingTraits (0ms)
		AnalyzeDomain (27ms)
			TypeCache.Refresh (11ms)
				TypeCache.ScanAssembly (0ms)
			ScanForSourceGeneratedMonoScriptInfo (0ms)
			ResolveRequiredComponents (13ms)
	FinalizeReload (2749ms)
		ReleaseScriptCaches (0ms)
		RebuildScriptCaches (0ms)
		SetupLoadedEditorAssemblies (1448ms)
			LogAssemblyErrors (0ms)
			InitializePlatformSupportModulesInManaged (24ms)
			SetLoadedEditorAssemblies (7ms)
			RefreshPlugins (0ms)
			BeforeProcessingInitializeOnLoad (165ms)
			ProcessInitializeOnLoadAttributes (1101ms)
			ProcessInitializeOnLoadMethodAttributes (106ms)
			AfterProcessingInitializeOnLoad (43ms)
			EditorAssembliesLoaded (1ms)
		ExecutionOrderSort2 (0ms)
		AwakeInstancesAfterBackupRestoration (26ms)
Refreshing native plugins compatible for Editor in 17.34 ms, found 3 plugins.
Preloading 0 native plugins for Editor in 0.00 ms.
Unloading 3654 Unused Serialized files (Serialized files now loaded: 0)
Unloading 19 unused Assets / (31.2 KB). Loaded Objects now: 4535.
Memory consumption went from 139.3 MB to 139.2 MB.
Total: 6.983000 ms (FindLiveObjects: 0.653500 ms CreateObjectMapping: 0.573600 ms MarkObjects: 5.605100 ms  DeleteObjects: 0.147800 ms)

Prepare: number of updated asset objects reloaded= 0
AssetImportParameters requested are different than current active one (requested -> active):
  custom:container-demuxer-ogg: 62fdf1f143b41e24485cea50d1cbac27 -> 
  custom:video-codec-MediaFoundation-h265: 746d11721c4dcdbdad8f713fa42b33f4 -> 
  custom:video-decoder-ogg-theora: a1e56fd34408186e4bbccfd4996cb3dc -> 
  custom:framework-win-MediaFoundation: 216162199b28c13a410421893ffa2e32 -> 
  custom:CustomObjectIndexerAttribute: 9a22284fe3817be447336de3de66b15e -> 
  custom:container-demuxer-webm: 4f35f7cbe854078d1ac9338744f61a02 -> 
  custom:container-muxer-webm: aa71ff27fc2769a1b78a27578f13a17b -> 
  custom:video-decoder-webm-vp8: 9c59270c3fd7afecdb556c50c9e8de78 -> 
  custom:SearchIndexIgnoredProperties: e643bd26f0fe6173181afceb89e7c659 -> 
  custom:AudioImporter_EditorPlatform: d09bf68614088b80899f8185d706f6e7 -> 
  custom:video-encoder-webm-vp8: eb34c28f22e8b96e1ab97ce403110664 -> 
  custom:audio-decoder-ogg-vorbis: bf7c407c2cedff20999df2af8eb42d56 -> 
  custom:audio-encoder-webm-vorbis: bf7c407c2cedff20999df2af8eb42d56 -> 
  custom:scripting/monoscript/fileName/RAIKA.cs: 95fc2a643a49722f77f9c792c0cc5c1b -> 
  custom:scripting/precompiled-assembly-types:Assembly-CSharp: a1a3b37f62278baada77ddca63506231 -> 8e4451fd7b8041e811e8b85aaf8b7e55
========================================================================
Received Prepare
Caller must complete domain reload
Begin MonoManager ReloadAssembly
- Loaded All Assemblies, in  0.942 seconds
Native extension for WindowsStandalone target not found
Native extension for WebGL target not found
Mono: successfully reloaded assembly
- Finished resetting the current domain, in  3.612 seconds
Domain Reload Profiling: 4649ms
	BeginReloadAssembly (290ms)
		ExecutionOrderSort (0ms)
		DisableScriptedObjects (9ms)
		BackupInstance (0ms)
		ReleaseScriptingObjects (0ms)
		CreateAndSetChildDomain (55ms)
	RebuildCommonClasses (85ms)
	RebuildNativeTypeToScriptingClass (23ms)
	initialDomainReloadingComplete (71ms)
	LoadAllAssembliesAndSetupDomain (464ms)
		LoadAssemblies (602ms)
		RebuildTransferFunctionScriptingTraits (0ms)
		AnalyzeDomain (29ms)
			TypeCache.Refresh (12ms)
				TypeCache.ScanAssembly (0ms)
			ScanForSourceGeneratedMonoScriptInfo (0ms)
			ResolveRequiredComponents (14ms)
	FinalizeReload (3716ms)
		ReleaseScriptCaches (0ms)
		RebuildScriptCaches (0ms)
		SetupLoadedEditorAssemblies (2244ms)
			LogAssemblyErrors (0ms)
			InitializePlatformSupportModulesInManaged (37ms)
			SetLoadedEditorAssemblies (14ms)
			RefreshPlugins (0ms)
			BeforeProcessingInitializeOnLoad (289ms)
			ProcessInitializeOnLoadAttributes (1699ms)
			ProcessInitializeOnLoadMethodAttributes (152ms)
			AfterProcessingInitializeOnLoad (54ms)
			EditorAssembliesLoaded (1ms)
		ExecutionOrderSort2 (0ms)
		AwakeInstancesAfterBackupRestoration (30ms)
Refreshing native plugins compatible for Editor in 24.98 ms, found 3 plugins.
Preloading 0 native plugins for Editor in 0.00 ms.
Unloading 3654 Unused Serialized files (Serialized files now loaded: 0)
Unloading 19 unused Assets / (31.2 KB). Loaded Objects now: 4538.
Memory consumption went from 139.3 MB to 139.2 MB.
Total: 9.023900 ms (FindLiveObjects: 1.071000 ms CreateObjectMapping: 1.197800 ms MarkObjects: 6.400900 ms  DeleteObjects: 0.348700 ms)

Prepare: number of updated asset objects reloaded= 0
AssetImportParameters requested are different than current active one (requested -> active):
  custom:container-demuxer-ogg: 62fdf1f143b41e24485cea50d1cbac27 -> 
  custom:video-codec-MediaFoundation-h265: 746d11721c4dcdbdad8f713fa42b33f4 -> 
  custom:video-decoder-ogg-theora: a1e56fd34408186e4bbccfd4996cb3dc -> 
  custom:framework-win-MediaFoundation: 216162199b28c13a410421893ffa2e32 -> 
  custom:CustomObjectIndexerAttribute: 9a22284fe3817be447336de3de66b15e -> 
  custom:container-demuxer-webm: 4f35f7cbe854078d1ac9338744f61a02 -> 
  custom:container-muxer-webm: aa71ff27fc2769a1b78a27578f13a17b -> 
  custom:video-decoder-webm-vp8: 9c59270c3fd7afecdb556c50c9e8de78 -> 
  custom:SearchIndexIgnoredProperties: e643bd26f0fe6173181afceb89e7c659 -> 
  custom:AudioImporter_EditorPlatform: d09bf68614088b80899f8185d706f6e7 -> 
  custom:video-encoder-webm-vp8: eb34c28f22e8b96e1ab97ce403110664 -> 
  custom:audio-decoder-ogg-vorbis: bf7c407c2cedff20999df2af8eb42d56 -> 
  custom:audio-encoder-webm-vorbis: bf7c407c2cedff20999df2af8eb42d56 -> 
  custom:scripting/monoscript/fileName/RAIKA.cs: 95fc2a643a49722f77f9c792c0cc5c1b -> 
  custom:scripting/precompiled-assembly-types:Assembly-CSharp: a1a3b37f62278baada77ddca63506231 -> 8e4451fd7b8041e811e8b85aaf8b7e55
========================================================================
Received Import Request.
  Time since last request: 3867.103452 seconds.
  path: ProjectSettings/TagManager.asset
  artifactKey: Guid(00000000000000003000000000000000) Importer(815301076,1909f56bfc062723c751e8b465ee728b)
Start importing ProjectSettings/TagManager.asset using Guid(00000000000000003000000000000000) Importer(815301076,1909f56bfc062723c751e8b465ee728b) [PhysX] Initialized MultithreadedTaskDispatcher with 8 workers.
 -> (artifact id: '2b9dc3ed12696c3ca500edb7ef1294d2') in 0.013368 seconds
Number of updated asset objects reloaded before import = 0
Number of asset objects unloaded after import = 0
========================================================================
Received Prepare
Caller must complete domain reload
Begin MonoManager ReloadAssembly
- Loaded All Assemblies, in  0.878 seconds
Native extension for WindowsStandalone target not found
Native extension for WebGL target not found
Mono: successfully reloaded assembly
- Finished resetting the current domain, in  2.587 seconds
Domain Reload Profiling: 3458ms
	BeginReloadAssembly (268ms)
		ExecutionOrderSort (0ms)
		DisableScriptedObjects (9ms)
		BackupInstance (0ms)
		ReleaseScriptingObjects (0ms)
		CreateAndSetChildDomain (48ms)
	RebuildCommonClasses (71ms)
	RebuildNativeTypeToScriptingClass (25ms)
	initialDomainReloadingComplete (71ms)
	LoadAllAssembliesAndSetupDomain (434ms)
		LoadAssemblies (572ms)
		RebuildTransferFunctionScriptingTraits (0ms)
		AnalyzeDomain (22ms)
			TypeCache.Refresh (8ms)
				TypeCache.ScanAssembly (0ms)
			ScanForSourceGeneratedMonoScriptInfo (0ms)
			ResolveRequiredComponents (11ms)
	FinalizeReload (2588ms)
		ReleaseScriptCaches (0ms)
		RebuildScriptCaches (0ms)
		SetupLoadedEditorAssemblies (1463ms)
			LogAssemblyErrors (0ms)
			InitializePlatformSupportModulesInManaged (20ms)
			SetLoadedEditorAssemblies (8ms)
			RefreshPlugins (0ms)
			BeforeProcessingInitializeOnLoad (202ms)
			ProcessInitializeOnLoadAttributes (1080ms)
			ProcessInitializeOnLoadMethodAttributes (111ms)
			AfterProcessingInitializeOnLoad (42ms)
			EditorAssembliesLoaded (1ms)
		ExecutionOrderSort2 (0ms)
		AwakeInstancesAfterBackupRestoration (25ms)
Refreshing native plugins compatible for Editor in 20.45 ms, found 3 plugins.
Preloading 0 native plugins for Editor in 0.00 ms.
Unloading 3653 Unused Serialized files (Serialized files now loaded: 0)
Unloading 19 unused Assets / (31.2 KB). Loaded Objects now: 4541.
Memory consumption went from 139.0 MB to 139.0 MB.
Total: 7.246100 ms (FindLiveObjects: 0.667300 ms CreateObjectMapping: 0.637800 ms MarkObjects: 5.827500 ms  DeleteObjects: 0.111900 ms)

Prepare: number of updated asset objects reloaded= 0
AssetImportParameters requested are different than current active one (requested -> active):
  custom:container-demuxer-ogg: 62fdf1f143b41e24485cea50d1cbac27 -> 
  custom:video-codec-MediaFoundation-h265: 746d11721c4dcdbdad8f713fa42b33f4 -> 
  custom:video-decoder-ogg-theora: a1e56fd34408186e4bbccfd4996cb3dc -> 
  custom:framework-win-MediaFoundation: 216162199b28c13a410421893ffa2e32 -> 
  custom:CustomObjectIndexerAttribute: 9a22284fe3817be447336de3de66b15e -> 
  custom:container-demuxer-webm: 4f35f7cbe854078d1ac9338744f61a02 -> 
  custom:container-muxer-webm: aa71ff27fc2769a1b78a27578f13a17b -> 
  custom:video-decoder-webm-vp8: 9c59270c3fd7afecdb556c50c9e8de78 -> 
  custom:SearchIndexIgnoredProperties: e643bd26f0fe6173181afceb89e7c659 -> 
  custom:AudioImporter_EditorPlatform: d09bf68614088b80899f8185d706f6e7 -> 
  custom:video-encoder-webm-vp8: eb34c28f22e8b96e1ab97ce403110664 -> 
  custom:audio-decoder-ogg-vorbis: bf7c407c2cedff20999df2af8eb42d56 -> 
  custom:audio-encoder-webm-vorbis: bf7c407c2cedff20999df2af8eb42d56 -> 
  custom:scripting/monoscript/fileName/RAIKA.cs: 95fc2a643a49722f77f9c792c0cc5c1b -> 
  custom:scripting/precompiled-assembly-types:Assembly-CSharp: a1a3b37f62278baada77ddca63506231 -> 8e4451fd7b8041e811e8b85aaf8b7e55
========================================================================
Received Prepare
Caller must complete domain reload
Begin MonoManager ReloadAssembly
- Loaded All Assemblies, in  0.952 seconds
Native extension for WindowsStandalone target not found
Native extension for WebGL target not found
Mono: successfully reloaded assembly
- Finished resetting the current domain, in  3.040 seconds
Domain Reload Profiling: 3986ms
	BeginReloadAssembly (298ms)
		ExecutionOrderSort (0ms)
		DisableScriptedObjects (12ms)
		BackupInstance (0ms)
		ReleaseScriptingObjects (0ms)
		CreateAndSetChildDomain (53ms)
	RebuildCommonClasses (82ms)
	RebuildNativeTypeToScriptingClass (23ms)
	initialDomainReloadingComplete (76ms)
	LoadAllAssembliesAndSetupDomain (463ms)
		LoadAssemblies (610ms)
		RebuildTransferFunctionScriptingTraits (0ms)
		AnalyzeDomain (32ms)
			TypeCache.Refresh (11ms)
				TypeCache.ScanAssembly (0ms)
			ScanForSourceGeneratedMonoScriptInfo (0ms)
			ResolveRequiredComponents (17ms)
	FinalizeReload (3043ms)
		ReleaseScriptCaches (0ms)
		RebuildScriptCaches (0ms)
		SetupLoadedEditorAssemblies (1709ms)
			LogAssemblyErrors (0ms)
			InitializePlatformSupportModulesInManaged (29ms)
			SetLoadedEditorAssemblies (11ms)
			RefreshPlugins (0ms)
			BeforeProcessingInitializeOnLoad (254ms)
			ProcessInitializeOnLoadAttributes (1229ms)
			ProcessInitializeOnLoadMethodAttributes (141ms)
			AfterProcessingInitializeOnLoad (44ms)
			EditorAssembliesLoaded (0ms)
		ExecutionOrderSort2 (0ms)
		AwakeInstancesAfterBackupRestoration (31ms)
Refreshing native plugins compatible for Editor in 16.16 ms, found 3 plugins.
Preloading 0 native plugins for Editor in 0.00 ms.
Unloading 3654 Unused Serialized files (Serialized files now loaded: 0)
Unloading 19 unused Assets / (31.2 KB). Loaded Objects now: 4544.
Memory consumption went from 139.3 MB to 139.2 MB.
Total: 8.019200 ms (FindLiveObjects: 1.057500 ms CreateObjectMapping: 0.770700 ms MarkObjects: 6.093300 ms  DeleteObjects: 0.093500 ms)

Prepare: number of updated asset objects reloaded= 0
AssetImportParameters requested are different than current active one (requested -> active):
  custom:container-demuxer-ogg: 62fdf1f143b41e24485cea50d1cbac27 -> 
  custom:video-codec-MediaFoundation-h265: 746d11721c4dcdbdad8f713fa42b33f4 -> 
  custom:video-decoder-ogg-theora: a1e56fd34408186e4bbccfd4996cb3dc -> 
  custom:framework-win-MediaFoundation: 216162199b28c13a410421893ffa2e32 -> 
  custom:CustomObjectIndexerAttribute: 9a22284fe3817be447336de3de66b15e -> 
  custom:container-demuxer-webm: 4f35f7cbe854078d1ac9338744f61a02 -> 
  custom:container-muxer-webm: aa71ff27fc2769a1b78a27578f13a17b -> 
  custom:video-decoder-webm-vp8: 9c59270c3fd7afecdb556c50c9e8de78 -> 
  custom:SearchIndexIgnoredProperties: e643bd26f0fe6173181afceb89e7c659 -> 
  custom:AudioImporter_EditorPlatform: d09bf68614088b80899f8185d706f6e7 -> 
  custom:video-encoder-webm-vp8: eb34c28f22e8b96e1ab97ce403110664 -> 
  custom:audio-decoder-ogg-vorbis: bf7c407c2cedff20999df2af8eb42d56 -> 
  custom:audio-encoder-webm-vorbis: bf7c407c2cedff20999df2af8eb42d56 -> 
  custom:scripting/monoscript/fileName/RAIKA.cs: 95fc2a643a49722f77f9c792c0cc5c1b -> 
  custom:scripting/precompiled-assembly-types:Assembly-CSharp: a1a3b37f62278baada77ddca63506231 -> 8e4451fd7b8041e811e8b85aaf8b7e55
========================================================================
Received Prepare
Caller must complete domain reload
Begin MonoManager ReloadAssembly
- Loaded All Assemblies, in  0.906 seconds
Native extension for WindowsStandalone target not found
Native extension for WebGL target not found
Mono: successfully reloaded assembly
- Finished resetting the current domain, in  3.448 seconds
Domain Reload Profiling: 4348ms
	BeginReloadAssembly (277ms)
		ExecutionOrderSort (0ms)
		DisableScriptedObjects (7ms)
		BackupInstance (0ms)
		ReleaseScriptingObjects (0ms)
		CreateAndSetChildDomain (46ms)
	RebuildCommonClasses (75ms)
	RebuildNativeTypeToScriptingClass (24ms)
	initialDomainReloadingComplete (69ms)
	LoadAllAssembliesAndSetupDomain (453ms)
		LoadAssemblies (595ms)
		RebuildTransferFunctionScriptingTraits (0ms)
		AnalyzeDomain (27ms)
			TypeCache.Refresh (10ms)
				TypeCache.ScanAssembly (0ms)
			ScanForSourceGeneratedMonoScriptInfo (0ms)
			ResolveRequiredComponents (14ms)
	FinalizeReload (3449ms)
		ReleaseScriptCaches (0ms)
		RebuildScriptCaches (0ms)
		SetupLoadedEditorAssemblies (1932ms)
			LogAssemblyErrors (0ms)
			InitializePlatformSupportModulesInManaged (33ms)
			SetLoadedEditorAssemblies (10ms)
			RefreshPlugins (0ms)
			BeforeProcessingInitializeOnLoad (290ms)
			ProcessInitializeOnLoadAttributes (1407ms)
			ProcessInitializeOnLoadMethodAttributes (142ms)
			AfterProcessingInitializeOnLoad (50ms)
			EditorAssembliesLoaded (0ms)
		ExecutionOrderSort2 (0ms)
		AwakeInstancesAfterBackupRestoration (29ms)
Refreshing native plugins compatible for Editor in 18.56 ms, found 3 plugins.
Preloading 0 native plugins for Editor in 0.00 ms.
Unloading 3654 Unused Serialized files (Serialized files now loaded: 0)
Unloading 19 unused Assets / (31.2 KB). Loaded Objects now: 4547.
Memory consumption went from 139.3 MB to 139.2 MB.
Total: 9.249500 ms (FindLiveObjects: 1.473000 ms CreateObjectMapping: 0.972700 ms MarkObjects: 6.705300 ms  DeleteObjects: 0.095300 ms)

Prepare: number of updated asset objects reloaded= 0
AssetImportParameters requested are different than current active one (requested -> active):
  custom:container-demuxer-ogg: 62fdf1f143b41e24485cea50d1cbac27 -> 
  custom:video-codec-MediaFoundation-h265: 746d11721c4dcdbdad8f713fa42b33f4 -> 
  custom:video-decoder-ogg-theora: a1e56fd34408186e4bbccfd4996cb3dc -> 
  custom:framework-win-MediaFoundation: 216162199b28c13a410421893ffa2e32 -> 
  custom:CustomObjectIndexerAttribute: 9a22284fe3817be447336de3de66b15e -> 
  custom:container-demuxer-webm: 4f35f7cbe854078d1ac9338744f61a02 -> 
  custom:container-muxer-webm: aa71ff27fc2769a1b78a27578f13a17b -> 
  custom:video-decoder-webm-vp8: 9c59270c3fd7afecdb556c50c9e8de78 -> 
  custom:SearchIndexIgnoredProperties: e643bd26f0fe6173181afceb89e7c659 -> 
  custom:AudioImporter_EditorPlatform: d09bf68614088b80899f8185d706f6e7 -> 
  custom:video-encoder-webm-vp8: eb34c28f22e8b96e1ab97ce403110664 -> 
  custom:audio-decoder-ogg-vorbis: bf7c407c2cedff20999df2af8eb42d56 -> 
  custom:audio-encoder-webm-vorbis: bf7c407c2cedff20999df2af8eb42d56 -> 
  custom:scripting/monoscript/fileName/RAIKA.cs: 95fc2a643a49722f77f9c792c0cc5c1b -> 
  custom:scripting/precompiled-assembly-types:Assembly-CSharp: a1a3b37f62278baada77ddca63506231 -> 8e4451fd7b8041e811e8b85aaf8b7e55
========================================================================
Received Prepare
Caller must complete domain reload
Begin MonoManager ReloadAssembly
- Loaded All Assemblies, in  1.067 seconds
Native extension for WindowsStandalone target not found
Native extension for WebGL target not found
Mono: successfully reloaded assembly
- Finished resetting the current domain, in  2.952 seconds
Domain Reload Profiling: 4012ms
	BeginReloadAssembly (292ms)
		ExecutionOrderSort (0ms)
		DisableScriptedObjects (11ms)
		BackupInstance (0ms)
		ReleaseScriptingObjects (0ms)
		CreateAndSetChildDomain (53ms)
	RebuildCommonClasses (84ms)
	RebuildNativeTypeToScriptingClass (28ms)
	initialDomainReloadingComplete (68ms)
	LoadAllAssembliesAndSetupDomain (587ms)
		LoadAssemblies (632ms)
		RebuildTransferFunctionScriptingTraits (0ms)
		AnalyzeDomain (125ms)
			TypeCache.Refresh (18ms)
				TypeCache.ScanAssembly (2ms)
			ScanForSourceGeneratedMonoScriptInfo (74ms)
			ResolveRequiredComponents (28ms)
	FinalizeReload (2953ms)
		ReleaseScriptCaches (0ms)
		RebuildScriptCaches (0ms)
		SetupLoadedEditorAssemblies (1161ms)
			LogAssemblyErrors (0ms)
			InitializePlatformSupportModulesInManaged (35ms)
			SetLoadedEditorAssemblies (9ms)
			RefreshPlugins (0ms)
			BeforeProcessingInitializeOnLoad (219ms)
			ProcessInitializeOnLoadAttributes (800ms)
			ProcessInitializeOnLoadMethodAttributes (70ms)
			AfterProcessingInitializeOnLoad (28ms)
			EditorAssembliesLoaded (0ms)
		ExecutionOrderSort2 (0ms)
		AwakeInstancesAfterBackupRestoration (16ms)
Refreshing native plugins compatible for Editor in 8.70 ms, found 3 plugins.
Preloading 0 native plugins for Editor in 0.00 ms.
Unloading 3654 Unused Serialized files (Serialized files now loaded: 0)
Unloading 19 unused Assets / (31.2 KB). Loaded Objects now: 4550.
Memory consumption went from 139.3 MB to 139.3 MB.
Total: 5.718900 ms (FindLiveObjects: 0.508400 ms CreateObjectMapping: 0.425500 ms MarkObjects: 4.728600 ms  DeleteObjects: 0.055300 ms)

Prepare: number of updated asset objects reloaded= 0
AssetImportParameters requested are different than current active one (requested -> active):
  custom:container-demuxer-ogg: 62fdf1f143b41e24485cea50d1cbac27 -> 
  custom:video-codec-MediaFoundation-h265: 746d11721c4dcdbdad8f713fa42b33f4 -> 
  custom:video-decoder-ogg-theora: a1e56fd34408186e4bbccfd4996cb3dc -> 
  custom:framework-win-MediaFoundation: 216162199b28c13a410421893ffa2e32 -> 
  custom:CustomObjectIndexerAttribute: 9a22284fe3817be447336de3de66b15e -> 
  custom:container-demuxer-webm: 4f35f7cbe854078d1ac9338744f61a02 -> 
  custom:container-muxer-webm: aa71ff27fc2769a1b78a27578f13a17b -> 
  custom:video-decoder-webm-vp8: 9c59270c3fd7afecdb556c50c9e8de78 -> 
  custom:SearchIndexIgnoredProperties: e643bd26f0fe6173181afceb89e7c659 -> 
  custom:AudioImporter_EditorPlatform: d09bf68614088b80899f8185d706f6e7 -> 
  custom:video-encoder-webm-vp8: eb34c28f22e8b96e1ab97ce403110664 -> 
  custom:audio-decoder-ogg-vorbis: bf7c407c2cedff20999df2af8eb42d56 -> 
  custom:audio-encoder-webm-vorbis: bf7c407c2cedff20999df2af8eb42d56 -> 
  custom:scripting/monoscript/fileName/RAIKA.cs: 95fc2a643a49722f77f9c792c0cc5c1b -> 
  custom:scripting/precompiled-assembly-types:Assembly-CSharp: a1a3b37f62278baada77ddca63506231 -> 8e4451fd7b8041e811e8b85aaf8b7e55
========================================================================
Received Prepare
Caller must complete domain reload
Begin MonoManager ReloadAssembly
- Loaded All Assemblies, in  0.829 seconds
Native extension for WindowsStandalone target not found
Native extension for WebGL target not found
Mono: successfully reloaded assembly
- Finished resetting the current domain, in  2.984 seconds
Domain Reload Profiling: 3807ms
	BeginReloadAssembly (247ms)
		ExecutionOrderSort (0ms)
		DisableScriptedObjects (6ms)
		BackupInstance (0ms)
		ReleaseScriptingObjects (0ms)
		CreateAndSetChildDomain (45ms)
	RebuildCommonClasses (68ms)
	RebuildNativeTypeToScriptingClass (18ms)
	initialDomainReloadingComplete (61ms)
	LoadAllAssembliesAndSetupDomain (427ms)
		LoadAssemblies (543ms)
		RebuildTransferFunctionScriptingTraits (0ms)
		AnalyzeDomain (28ms)
			TypeCache.Refresh (11ms)
				TypeCache.ScanAssembly (0ms)
			ScanForSourceGeneratedMonoScriptInfo (0ms)
			ResolveRequiredComponents (13ms)
	FinalizeReload (2986ms)
		ReleaseScriptCaches (0ms)
		RebuildScriptCaches (0ms)
		SetupLoadedEditorAssemblies (1655ms)
			LogAssemblyErrors (0ms)
			InitializePlatformSupportModulesInManaged (24ms)
			SetLoadedEditorAssemblies (8ms)
			RefreshPlugins (0ms)
			BeforeProcessingInitializeOnLoad (241ms)
			ProcessInitializeOnLoadAttributes (1212ms)
			ProcessInitializeOnLoadMethodAttributes (123ms)
			AfterProcessingInitializeOnLoad (46ms)
			EditorAssembliesLoaded (1ms)
		ExecutionOrderSort2 (0ms)
		AwakeInstancesAfterBackupRestoration (28ms)
Refreshing native plugins compatible for Editor in 23.40 ms, found 3 plugins.
Preloading 0 native plugins for Editor in 0.00 ms.
Unloading 3654 Unused Serialized files (Serialized files now loaded: 0)
Unloading 19 unused Assets / (31.1 KB). Loaded Objects now: 4553.
Memory consumption went from 139.3 MB to 139.3 MB.
Total: 7.368000 ms (FindLiveObjects: 0.613200 ms CreateObjectMapping: 0.592200 ms MarkObjects: 6.089300 ms  DeleteObjects: 0.071500 ms)

Prepare: number of updated asset objects reloaded= 0
AssetImportParameters requested are different than current active one (requested -> active):
  custom:container-demuxer-ogg: 62fdf1f143b41e24485cea50d1cbac27 -> 
  custom:video-codec-MediaFoundation-h265: 746d11721c4dcdbdad8f713fa42b33f4 -> 
  custom:video-decoder-ogg-theora: a1e56fd34408186e4bbccfd4996cb3dc -> 
  custom:framework-win-MediaFoundation: 216162199b28c13a410421893ffa2e32 -> 
  custom:CustomObjectIndexerAttribute: 9a22284fe3817be447336de3de66b15e -> 
  custom:container-demuxer-webm: 4f35f7cbe854078d1ac9338744f61a02 -> 
  custom:container-muxer-webm: aa71ff27fc2769a1b78a27578f13a17b -> 
  custom:video-decoder-webm-vp8: 9c59270c3fd7afecdb556c50c9e8de78 -> 
  custom:SearchIndexIgnoredProperties: e643bd26f0fe6173181afceb89e7c659 -> 
  custom:AudioImporter_EditorPlatform: d09bf68614088b80899f8185d706f6e7 -> 
  custom:video-encoder-webm-vp8: eb34c28f22e8b96e1ab97ce403110664 -> 
  custom:audio-decoder-ogg-vorbis: bf7c407c2cedff20999df2af8eb42d56 -> 
  custom:audio-encoder-webm-vorbis: bf7c407c2cedff20999df2af8eb42d56 -> 
  custom:scripting/monoscript/fileName/RAIKA.cs: 95fc2a643a49722f77f9c792c0cc5c1b -> 
  custom:scripting/precompiled-assembly-types:Assembly-CSharp: a1a3b37f62278baada77ddca63506231 -> 8e4451fd7b8041e811e8b85aaf8b7e55
========================================================================
Received Prepare
Caller must complete domain reload
Begin MonoManager ReloadAssembly
- Loaded All Assemblies, in  0.960 seconds
Native extension for WindowsStandalone target not found
Native extension for WebGL target not found
Mono: successfully reloaded assembly
- Finished resetting the current domain, in  3.370 seconds
Domain Reload Profiling: 4321ms
	BeginReloadAssembly (269ms)
		ExecutionOrderSort (0ms)
		DisableScriptedObjects (9ms)
		BackupInstance (0ms)
		ReleaseScriptingObjects (0ms)
		CreateAndSetChildDomain (48ms)
	RebuildCommonClasses (78ms)
	RebuildNativeTypeToScriptingClass (27ms)
	initialDomainReloadingComplete (67ms)
	LoadAllAssembliesAndSetupDomain (508ms)
		LoadAssemblies (604ms)
		RebuildTransferFunctionScriptingTraits (0ms)
		AnalyzeDomain (63ms)
			TypeCache.Refresh (19ms)
				TypeCache.ScanAssembly (3ms)
			ScanForSourceGeneratedMonoScriptInfo (22ms)
			ResolveRequiredComponents (17ms)
	FinalizeReload (3372ms)
		ReleaseScriptCaches (0ms)
		RebuildScriptCaches (0ms)
		SetupLoadedEditorAssemblies (1796ms)
			LogAssemblyErrors (0ms)
			InitializePlatformSupportModulesInManaged (39ms)
			SetLoadedEditorAssemblies (23ms)
			RefreshPlugins (0ms)
			BeforeProcessingInitializeOnLoad (328ms)
			ProcessInitializeOnLoadAttributes (1251ms)
			ProcessInitializeOnLoadMethodAttributes (118ms)
			AfterProcessingInitializeOnLoad (37ms)
			EditorAssembliesLoaded (0ms)
		ExecutionOrderSort2 (0ms)
		AwakeInstancesAfterBackupRestoration (23ms)
Refreshing native plugins compatible for Editor in 18.58 ms, found 3 plugins.
Preloading 0 native plugins for Editor in 0.00 ms.
Unloading 3654 Unused Serialized files (Serialized files now loaded: 0)
Unloading 19 unused Assets / (31.2 KB). Loaded Objects now: 4556.
Memory consumption went from 139.3 MB to 139.3 MB.
Total: 7.389400 ms (FindLiveObjects: 0.614200 ms CreateObjectMapping: 0.583700 ms MarkObjects: 6.108600 ms  DeleteObjects: 0.081100 ms)

Prepare: number of updated asset objects reloaded= 0
AssetImportParameters requested are different than current active one (requested -> active):
  custom:container-demuxer-ogg: 62fdf1f143b41e24485cea50d1cbac27 -> 
  custom:video-codec-MediaFoundation-h265: 746d11721c4dcdbdad8f713fa42b33f4 -> 
  custom:video-decoder-ogg-theora: a1e56fd34408186e4bbccfd4996cb3dc -> 
  custom:framework-win-MediaFoundation: 216162199b28c13a410421893ffa2e32 -> 
  custom:CustomObjectIndexerAttribute: 9a22284fe3817be447336de3de66b15e -> 
  custom:container-demuxer-webm: 4f35f7cbe854078d1ac9338744f61a02 -> 
  custom:container-muxer-webm: aa71ff27fc2769a1b78a27578f13a17b -> 
  custom:video-decoder-webm-vp8: 9c59270c3fd7afecdb556c50c9e8de78 -> 
  custom:SearchIndexIgnoredProperties: e643bd26f0fe6173181afceb89e7c659 -> 
  custom:AudioImporter_EditorPlatform: d09bf68614088b80899f8185d706f6e7 -> 
  custom:video-encoder-webm-vp8: eb34c28f22e8b96e1ab97ce403110664 -> 
  custom:audio-decoder-ogg-vorbis: bf7c407c2cedff20999df2af8eb42d56 -> 
  custom:audio-encoder-webm-vorbis: bf7c407c2cedff20999df2af8eb42d56 -> 
  custom:scripting/monoscript/fileName/RAIKA.cs: 95fc2a643a49722f77f9c792c0cc5c1b -> 
  custom:scripting/precompiled-assembly-types:Assembly-CSharp: a1a3b37f62278baada77ddca63506231 -> 8e4451fd7b8041e811e8b85aaf8b7e55
========================================================================
Received Prepare
Caller must complete domain reload
Begin MonoManager ReloadAssembly
- Loaded All Assemblies, in  0.965 seconds
Native extension for WindowsStandalone target not found
Native extension for WebGL target not found
Mono: successfully reloaded assembly
- Finished resetting the current domain, in  2.862 seconds
Domain Reload Profiling: 3817ms
	BeginReloadAssembly (274ms)
		ExecutionOrderSort (0ms)
		DisableScriptedObjects (8ms)
		BackupInstance (0ms)
		ReleaseScriptingObjects (0ms)
		CreateAndSetChildDomain (44ms)
	RebuildCommonClasses (82ms)
	RebuildNativeTypeToScriptingClass (30ms)
	initialDomainReloadingComplete (72ms)
	LoadAllAssembliesAndSetupDomain (495ms)
		LoadAssemblies (608ms)
		RebuildTransferFunctionScriptingTraits (0ms)
		AnalyzeDomain (53ms)
			TypeCache.Refresh (18ms)
				TypeCache.ScanAssembly (2ms)
			ScanForSourceGeneratedMonoScriptInfo (18ms)
			ResolveRequiredComponents (14ms)
	FinalizeReload (2863ms)
		ReleaseScriptCaches (0ms)
		RebuildScriptCaches (0ms)
		SetupLoadedEditorAssemblies (1327ms)
			LogAssemblyErrors (0ms)
			InitializePlatformSupportModulesInManaged (25ms)
			SetLoadedEditorAssemblies (9ms)
			RefreshPlugins (0ms)
			BeforeProcessingInitializeOnLoad (207ms)
			ProcessInitializeOnLoadAttributes (919ms)
			ProcessInitializeOnLoadMethodAttributes (114ms)
			AfterProcessingInitializeOnLoad (52ms)
			EditorAssembliesLoaded (0ms)
		ExecutionOrderSort2 (0ms)
		AwakeInstancesAfterBackupRestoration (21ms)
Refreshing native plugins compatible for Editor in 43.59 ms, found 3 plugins.
Preloading 0 native plugins for Editor in 0.00 ms.
Unloading 3654 Unused Serialized files (Serialized files now loaded: 0)
Unloading 19 unused Assets / (31.1 KB). Loaded Objects now: 4559.
Memory consumption went from 139.3 MB to 139.3 MB.
Total: 8.734400 ms (FindLiveObjects: 0.949200 ms CreateObjectMapping: 0.568800 ms MarkObjects: 7.137500 ms  DeleteObjects: 0.077000 ms)

Prepare: number of updated asset objects reloaded= 0
AssetImportParameters requested are different than current active one (requested -> active):
  custom:container-demuxer-ogg: 62fdf1f143b41e24485cea50d1cbac27 -> 
  custom:video-codec-MediaFoundation-h265: 746d11721c4dcdbdad8f713fa42b33f4 -> 
  custom:video-decoder-ogg-theora: a1e56fd34408186e4bbccfd4996cb3dc -> 
  custom:framework-win-MediaFoundation: 216162199b28c13a410421893ffa2e32 -> 
  custom:CustomObjectIndexerAttribute: 9a22284fe3817be447336de3de66b15e -> 
  custom:container-demuxer-webm: 4f35f7cbe854078d1ac9338744f61a02 -> 
  custom:container-muxer-webm: aa71ff27fc2769a1b78a27578f13a17b -> 
  custom:video-decoder-webm-vp8: 9c59270c3fd7afecdb556c50c9e8de78 -> 
  custom:SearchIndexIgnoredProperties: e643bd26f0fe6173181afceb89e7c659 -> 
  custom:AudioImporter_EditorPlatform: d09bf68614088b80899f8185d706f6e7 -> 
  custom:video-encoder-webm-vp8: eb34c28f22e8b96e1ab97ce403110664 -> 
  custom:audio-decoder-ogg-vorbis: bf7c407c2cedff20999df2af8eb42d56 -> 
  custom:audio-encoder-webm-vorbis: bf7c407c2cedff20999df2af8eb42d56 -> 
  custom:scripting/monoscript/fileName/RAIKA.cs: 95fc2a643a49722f77f9c792c0cc5c1b -> 
  custom:scripting/precompiled-assembly-types:Assembly-CSharp: a1a3b37f62278baada77ddca63506231 -> 8e4451fd7b8041e811e8b85aaf8b7e55
========================================================================
Received Prepare
Caller must complete domain reload
Begin MonoManager ReloadAssembly
- Loaded All Assemblies, in  0.978 seconds
Native extension for WindowsStandalone target not found
Native extension for WebGL target not found
Mono: successfully reloaded assembly
- Finished resetting the current domain, in  3.237 seconds
Domain Reload Profiling: 4203ms
	BeginReloadAssembly (267ms)
		ExecutionOrderSort (0ms)
		DisableScriptedObjects (9ms)
		BackupInstance (0ms)
		ReleaseScriptingObjects (0ms)
		CreateAndSetChildDomain (50ms)
	RebuildCommonClasses (65ms)
	RebuildNativeTypeToScriptingClass (28ms)
	initialDomainReloadingComplete (72ms)
	LoadAllAssembliesAndSetupDomain (535ms)
		LoadAssemblies (631ms)
		RebuildTransferFunctionScriptingTraits (0ms)
		AnalyzeDomain (59ms)
			TypeCache.Refresh (21ms)
				TypeCache.ScanAssembly (3ms)
			ScanForSourceGeneratedMonoScriptInfo (22ms)
			ResolveRequiredComponents (11ms)
	FinalizeReload (3237ms)
		ReleaseScriptCaches (0ms)
		RebuildScriptCaches (0ms)
		SetupLoadedEditorAssemblies (1370ms)
			LogAssemblyErrors (0ms)
			InitializePlatformSupportModulesInManaged (35ms)
			SetLoadedEditorAssemblies (12ms)
			RefreshPlugins (0ms)
			BeforeProcessingInitializeOnLoad (263ms)
			ProcessInitializeOnLoadAttributes (975ms)
			ProcessInitializeOnLoadMethodAttributes (66ms)
			AfterProcessingInitializeOnLoad (19ms)
			EditorAssembliesLoaded (0ms)
		ExecutionOrderSort2 (0ms)
		AwakeInstancesAfterBackupRestoration (12ms)
Callback registration failed. Increase kMaxCallback.
Fatal Error! Callback registration failed. Increase kMaxCallback.
Crash!!!
SymInit: Symbol-SearchPath: 'C:/Program Files/Unity/Hub/Editor/2022.3.40f1/Editor/Data/Mono;.;C:\Users\hiroki\Documents\that bird;C:\Users\hiroki\Documents\that bird\Library\BurstCache\JIT;C:\Program Files\Unity\Hub\Editor\2022.3.40f1\Editor;C:\WINDOWS;C:\WINDOWS\system32;', symOptions: 534, UserName: 'hiroki'
OS-Version: 10.0.0
C:\Program Files\Unity\Hub\Editor\2022.3.40f1\Editor\Unity.exe:Unity.exe (00007FF6C9750000), size: 82415616 (result: 0), SymType: '-deferred-', PDB: '', fileVersion: 2022.3.40.56742
C:\WINDOWS\SYSTEM32\ntdll.dll:ntdll.dll (00007FF99B290000), size: 2064384 (result: 0), SymType: '-deferred-', PDB: '', fileVersion: 10.0.19041.5438
C:\WINDOWS\System32\KERNEL32.DLL:KERNEL32.DLL (00007FF99A120000), size: 794624 (result: 0), SymType: '-deferred-', PDB: '', fileVersion: 10.0.19041.5438
C:\WINDOWS\System32\KERNELBASE.dll:KERNELBASE.dll (00007FF998A50000), size: 3141632 (result: 0), SymType: '-deferred-', PDB: '', fileVersion: 10.0.19041.5607
C:\WINDOWS\System32\CRYPT32.dll:CRYPT32.dll (00007FF998FC0000), size: 1425408 (result: 0), SymType: '-deferred-', PDB: '', fileVersion: 10.0.19041.5072
C:\WINDOWS\System32\ucrtbase.dll:ucrtbase.dll (00007FF9991B0000), size: 1048576 (result: 0), SymType: '-deferred-', PDB: '', fileVersion: 10.0.19041.3636
C:\WINDOWS\System32\USER32.dll:USER32.dll (00007FF999AD0000), size: 1691648 (result: 0), SymType: '-deferred-', PDB: '', fileVersion: 10.0.19041.4717
C:\WINDOWS\System32\win32u.dll:win32u.dll (00007FF998F90000), size: 139264 (result: 0), SymType: '-deferred-', PDB: '', fileVersion: 10.0.19041.5607
C:\Program Files\Unity\Hub\Editor\2022.3.40f1\Editor\etccompress.dll:etccompress.dll (00007FF900CE0000), size: 5066752 (result: 0), SymType: '-deferred-', PDB: ''
C:\WINDOWS\System32\GDI32.dll:GDI32.dll (00007FF999450000), size: 176128 (result: 0), SymType: '-deferred-', PDB: '', fileVersion: 10.0.19041.4474
C:\Program Files\Unity\Hub\Editor\2022.3.40f1\Editor\libfbxsdk.dll:libfbxsdk.dll (00007FF8FF660000), size: 10063872 (result: 0), SymType: '-deferred-', PDB: '', fileVersion: 2020.3.4.0
C:\Program Files\Unity\Hub\Editor\2022.3.40f1\Editor\s3tcompress.dll:s3tcompress.dll (00007FF991550000), size: 180224 (result: 0), SymType: '-deferred-', PDB: ''
C:\WINDOWS\System32\gdi32full.dll:gdi32full.dll (00007FF998D50000), size: 1155072 (result: 0), SymType: '-deferred-', PDB: '', fileVersion: 10.0.19041.5438
C:\Program Files\Unity\Hub\Editor\2022.3.40f1\Editor\compress_bc7e.dll:compress_bc7e.dll (00007FF951CB0000), size: 1433600 (result: 0), SymType: '-deferred-', PDB: ''
C:\WINDOWS\System32\msvcp_win.dll:msvcp_win.dll (00007FF998980000), size: 643072 (result: 0), SymType: '-deferred-', PDB: '', fileVersion: 10.0.19041.3636
C:\Program Files\Unity\Hub\Editor\2022.3.40f1\Editor\ispc_texcomp.dll:ispc_texcomp.dll (00007FF93FC10000), size: 1826816 (result: 0), SymType: '-deferred-', PDB: ''
C:\WINDOWS\System32\ADVAPI32.dll:ADVAPI32.dll (00007FF99AFB0000), size: 716800 (result: 0), SymType: '-deferred-', PDB: '', fileVersion: 10.0.19041.5438
C:\Program Files\Unity\Hub\Editor\2022.3.40f1\Editor\WinPixEventRuntime.dll:WinPixEventRuntime.dll (00007FF994350000), size: 45056 (result: 0), SymType: '-deferred-', PDB: '', fileVersion: 1.0.1812.6001
C:\Program Files\Unity\Hub\Editor\2022.3.40f1\Editor\FreeImage.dll:FreeImage.dll (0000000180000000), size: 5783552 (result: 0), SymType: '-deferred-', PDB: '', fileVersion: 3.18.0.0
C:\WINDOWS\System32\msvcrt.dll:msvcrt.dll (00007FF99A080000), size: 647168 (result: 0), SymType: '-deferred-', PDB: '', fileVersion: 7.0.19041.3636
C:\WINDOWS\System32\WS2_32.dll:WS2_32.dll (00007FF99A010000), size: 438272 (result: 0), SymType: '-deferred-', PDB: '', fileVersion: 10.0.19041.3636
C:\WINDOWS\System32\sechost.dll:sechost.dll (00007FF999EB0000), size: 651264 (result: 0), SymType: '-deferred-', PDB: '', fileVersion: 10.0.19041.5072
C:\WINDOWS\System32\RPCRT4.dll:RPCRT4.dll (00007FF99ADE0000), size: 1191936 (result: 0), SymType: '-deferred-', PDB: '', fileVersion: 10.0.19041.4957
C:\Program Files\Unity\Hub\Editor\2022.3.40f1\Editor\umbraoptimizer64.dll:umbraoptimizer64.dll (00007FF9516D0000), size: 1187840 (result: 0), SymType: '-deferred-', PDB: ''
C:\WINDOWS\System32\bcrypt.dll:bcrypt.dll (00007FF998A20000), size: 159744 (result: 0), SymType: '-deferred-', PDB: '', fileVersion: 10.0.19041.5369
C:\WINDOWS\System32\SHELL32.dll:SHELL32.dll (00007FF99A1F0000), size: 7786496 (result: 0), SymType: '-deferred-', PDB: '', fileVersion: 10.0.19041.5553
C:\WINDOWS\System32\SHLWAPI.dll:SHLWAPI.dll (00007FF999E50000), size: 348160 (result: 0), SymType: '-deferred-', PDB: '', fileVersion: 10.0.19041.4355
C:\WINDOWS\System32\ole32.dll:ole32.dll (00007FF999480000), size: 1224704 (result: 0), SymType: '-deferred-', PDB: '', fileVersion: 10.0.19041.5369
C:\WINDOWS\SYSTEM32\MSVCP140.dll:MSVCP140.dll (00007FF98DB90000), size: 577536 (result: 0), SymType: '-deferred-', PDB: '', fileVersion: 14.42.34433.0
C:\WINDOWS\SYSTEM32\VCRUNTIME140.dll:VCRUNTIME140.dll (00007FF98DC20000), size: 122880 (result: 0), SymType: '-deferred-', PDB: '', fileVersion: 14.42.34433.0
C:\WINDOWS\System32\combase.dll:combase.dll (00007FF999770000), size: 3493888 (result: 0), SymType: '-deferred-', PDB: '', fileVersion: 10.0.19041.5553
C:\WINDOWS\System32\IMM32.dll:IMM32.dll (00007FF99AF70000), size: 192512 (result: 0), SymType: '-deferred-', PDB: '', fileVersion: 10.0.19041.4474
C:\WINDOWS\SYSTEM32\VCRUNTIME140_1.dll:VCRUNTIME140_1.dll (00007FF98DB80000), size: 49152 (result: 0), SymType: '-deferred-', PDB: '', fileVersion: 14.42.34433.0
C:\WINDOWS\System32\SETUPAPI.dll:SETUPAPI.dll (00007FF99A960000), size: 4657152 (result: 0), SymType: '-deferred-', PDB: '', fileVersion: 10.0.19041.5369
C:\WINDOWS\System32\cfgmgr32.dll:cfgmgr32.dll (00007FF998930000), size: 319488 (result: 0), SymType: '-deferred-', PDB: '', fileVersion: 10.0.19041.3996
C:\WINDOWS\SYSTEM32\OPENGL32.dll:OPENGL32.dll (00007FF95C4C0000), size: 1212416 (result: 0), SymType: '-deferred-', PDB: '', fileVersion: 10.0.19041.5438
C:\WINDOWS\System32\OLEAUT32.dll:OLEAUT32.dll (00007FF999D80000), size: 839680 (result: 0), SymType: '-deferred-', PDB: '', fileVersion: 10.0.19041.3636
C:\WINDOWS\SYSTEM32\GLU32.dll:GLU32.dll (00007FF95BBC0000), size: 180224 (result: 0), SymType: '-deferred-', PDB: '', fileVersion: 10.0.19041.3636
C:\WINDOWS\SYSTEM32\IPHLPAPI.DLL:IPHLPAPI.DLL (00007FF997CD0000), size: 241664 (result: 0), SymType: '-deferred-', PDB: '', fileVersion: 10.0.19041.3636
C:\WINDOWS\System32\WINTRUST.dll:WINTRUST.dll (00007FF998E70000), size: 425984 (result: 0), SymType: '-deferred-', PDB: '', fileVersion: 10.0.19041.5553
C:\WINDOWS\SYSTEM32\WINHTTP.dll:WINHTTP.dll (00007FF990EA0000), size: 1089536 (result: 0), SymType: '-deferred-', PDB: '', fileVersion: 10.0.19041.5438
C:\WINDOWS\SYSTEM32\WINMM.dll:WINMM.dll (00007FF98C1A0000), size: 159744 (result: 0), SymType: '-deferred-', PDB: '', fileVersion: 10.0.19041.3636
C:\WINDOWS\SYSTEM32\HID.DLL:HID.DLL (00007FF997140000), size: 53248 (result: 0), SymType: '-deferred-', PDB: '', fileVersion: 10.0.19041.3636
C:\WINDOWS\SYSTEM32\dwmapi.dll:dwmapi.dll (00007FF9965B0000), size: 192512 (result: 0), SymType: '-deferred-', PDB: '', fileVersion: 10.0.19041.4355
C:\Program Files\Unity\Hub\Editor\2022.3.40f1\Editor\NativeProxyHelper.dll:NativeProxyHelper.dll (00007FF93EFF0000), size: 1789952 (result: 0), SymType: '-deferred-', PDB: ''
C:\Program Files\Unity\Hub\Editor\2022.3.40f1\Editor\SketchUpAPI.dll:SketchUpAPI.dll (00007FF8FEDC0000), size: 8990720 (result: 0), SymType: '-deferred-', PDB: '', fileVersion: 23.0.0.0
C:\WINDOWS\SYSTEM32\VERSION.dll:VERSION.dll (00007FF992B80000), size: 40960 (result: 0), SymType: '-deferred-', PDB: '', fileVersion: 10.0.19041.3636
C:\WINDOWS\SYSTEM32\WSOCK32.dll:WSOCK32.dll (00007FF979670000), size: 36864 (result: 0), SymType: '-deferred-', PDB: '', fileVersion: 10.0.19041.1
C:\Program Files\Unity\Hub\Editor\2022.3.40f1\Editor\SketchUpCommonPreferences.dll:SketchUpCommonPreferences.dll (00007FF96BE40000), size: 499712 (result: 0), SymType: '-deferred-', PDB: '', fileVersion: 23.0.0.0
C:\WINDOWS\SYSTEM32\Secur32.dll:Secur32.dll (00007FF98DD20000), size: 49152 (result: 0), SymType: '-deferred-', PDB: '', fileVersion: 10.0.19041.3636
C:\WINDOWS\SYSTEM32\SSPICLI.DLL:SSPICLI.DLL (00007FF9987E0000), size: 204800 (result: 0), SymType: '-deferred-', PDB: '', fileVersion: 10.0.19041.5369
C:\Program Files\Unity\Hub\Editor\2022.3.40f1\Editor\OpenRL.dll:OpenRL.dll (000002B8AD6A0000), size: 12779520 (result: 0), SymType: '-deferred-', PDB: '', fileVersion: 1.5.0.2907
C:\WINDOWS\SYSTEM32\MSVCR100.dll:MSVCR100.dll (0000000074210000), size: 860160 (result: 0), SymType: '-deferred-', PDB: '', fileVersion: 10.0.40219.325
C:\WINDOWS\SYSTEM32\MSVCP100.dll:MSVCP100.dll (00000000742F0000), size: 622592 (result: 0), SymType: '-deferred-', PDB: '', fileVersion: 10.0.40219.325
C:\Program Files\Unity\Hub\Editor\2022.3.40f1\Editor\embree.dll:embree.dll (00007FF8FDDD0000), size: 16711680 (result: 0), SymType: '-deferred-', PDB: '', fileVersion: 2.14.0.0
C:\WINDOWS\SYSTEM32\MSWSOCK.DLL:MSWSOCK.DLL (00007FF997FF0000), size: 442368 (result: 0), SymType: '-deferred-', PDB: '', fileVersion: 10.0.19041.5553
C:\Program Files\Unity\Hub\Editor\2022.3.40f1\Editor\tbb.dll:tbb.dll (00007FF962F90000), size: 413696 (result: 0), SymType: '-deferred-', PDB: '', fileVersion: 2017.0.2016.1004
C:\WINDOWS\SYSTEM32\MSVCP120.dll:MSVCP120.dll (00007FF952AC0000), size: 679936 (result: 0), SymType: '-deferred-', PDB: '', fileVersion: 12.0.40664.0
C:\WINDOWS\SYSTEM32\MSVCR120.dll:MSVCR120.dll (00007FF952CE0000), size: 978944 (result: 0), SymType: '-deferred-', PDB: '', fileVersion: 12.0.40664.0
C:\Program Files\Unity\Hub\Editor\2022.3.40f1\Editor\OpenRL_pthread.dll:OpenRL_pthread.dll (000002B8AE2F0000), size: 61440 (result: 0), SymType: '-deferred-', PDB: '', fileVersion: 2.9.0.0
C:\WINDOWS\SYSTEM32\MSASN1.dll:MSASN1.dll (00007FF998420000), size: 73728 (result: 0), SymType: '-deferred-', PDB: '', fileVersion: 10.0.19041.3636
C:\WINDOWS\System32\bcryptprimitives.dll:bcryptprimitives.dll (00007FF999120000), size: 532480 (result: 0), SymType: '-deferred-', PDB: '', fileVersion: 10.0.19041.5007
C:\WINDOWS\SYSTEM32\kernel.appcore.dll:kernel.appcore.dll (00007FF996790000), size: 73728 (result: 0), SymType: '-deferred-', PDB: '', fileVersion: 10.0.19041.3758
C:\WINDOWS\system32\uxtheme.dll:uxtheme.dll (00007FF9962A0000), size: 647168 (result: 0), SymType: '-deferred-', PDB: '', fileVersion: 10.0.19041.4529
C:\WINDOWS\SYSTEM32\windows.storage.dll:windows.storage.dll (00007FF996990000), size: 8011776 (result: 0), SymType: '-deferred-', PDB: '', fileVersion: 10.0.19041.5607
C:\WINDOWS\SYSTEM32\Wldp.dll:Wldp.dll (00007FF998290000), size: 176128 (result: 0), SymType: '-deferred-', PDB: '', fileVersion: 10.0.19041.5553
C:\WINDOWS\System32\SHCORE.dll:SHCORE.dll (00007FF999F50000), size: 708608 (result: 0), SymType: '-deferred-', PDB: '', fileVersion: 10.0.19041.4522
C:\WINDOWS\SYSTEM32\profapi.dll:profapi.dll (00007FF998860000), size: 151552 (result: 0), SymType: '-deferred-', PDB: '', fileVersion: 10.0.19041.5553
C:\WINDOWS\system32\IconCodecService.dll:IconCodecService.dll (00007FF96B920000), size: 36864 (result: 0), SymType: '-deferred-', PDB: '', fileVersion: 10.0.19041.1
C:\WINDOWS\SYSTEM32\WindowsCodecs.dll:WindowsCodecs.dll (00007FF995FF0000), size: 1785856 (result: 0), SymType: '-deferred-', PDB: '', fileVersion: 10.0.19041.5129
C:\WINDOWS\System32\clbcatq.dll:clbcatq.dll (00007FF999CD0000), size: 692224 (result: 0), SymType: '-deferred-', PDB: '', fileVersion: 2001.12.10941.16384
C:\WINDOWS\System32\netprofm.dll:netprofm.dll (00007FF995CE0000), size: 258048 (result: 0), SymType: '-deferred-', PDB: '', fileVersion: 10.0.19041.4355
C:\WINDOWS\System32\npmproxy.dll:npmproxy.dll (00007FF9902F0000), size: 65536 (result: 0), SymType: '-deferred-', PDB: '', fileVersion: 10.0.19041.4239
C:\WINDOWS\System32\NSI.dll:NSI.dll (00007FF9995B0000), size: 32768 (result: 0), SymType: '-deferred-', PDB: '', fileVersion: 10.0.19041.3636
C:\WINDOWS\SYSTEM32\dhcpcsvc6.DLL:dhcpcsvc6.DLL (00007FF991910000), size: 94208 (result: 0), SymType: '-deferred-', PDB: '', fileVersion: 10.0.19041.3636
C:\WINDOWS\SYSTEM32\dhcpcsvc.DLL:dhcpcsvc.DLL (00007FF992240000), size: 118784 (result: 0), SymType: '-deferred-', PDB: '', fileVersion: 10.0.19041.3636
C:\WINDOWS\SYSTEM32\DNSAPI.dll:DNSAPI.dll (00007FF997D10000), size: 827392 (result: 0), SymType: '-deferred-', PDB: '', fileVersion: 10.0.19041.5369
C:\WINDOWS\system32\napinsp.dll:napinsp.dll (00007FF8D8DE0000), size: 94208 (result: 0), SymType: '-deferred-', PDB: '', fileVersion: 10.0.19041.3636
C:\WINDOWS\system32\pnrpnsp.dll:pnrpnsp.dll (00007FF8D8E00000), size: 110592 (result: 0), SymType: '-deferred-', PDB: '', fileVersion: 10.0.19041.3636
C:\WINDOWS\system32\wshbth.dll:wshbth.dll (00007FF994ED0000), size: 86016 (result: 0), SymType: '-deferred-', PDB: '', fileVersion: 10.0.19041.3636
C:\WINDOWS\system32\NLAapi.dll:NLAapi.dll (00007FF993B80000), size: 118784 (result: 0), SymType: '-deferred-', PDB: '', fileVersion: 10.0.19041.4123
C:\WINDOWS\System32\winrnr.dll:winrnr.dll (00007FF8D8E20000), size: 73728 (result: 0), SymType: '-deferred-', PDB: '', fileVersion: 10.0.19041.3636
C:\WINDOWS\System32\fwpuclnt.dll:fwpuclnt.dll (00007FF98EB40000), size: 524288 (result: 0), SymType: '-deferred-', PDB: '', fileVersion: 10.0.19041.5438
C:\Windows\System32\rasadhlp.dll:rasadhlp.dll (00007FF98EB20000), size: 40960 (result: 0), SymType: '-deferred-', PDB: '', fileVersion: 10.0.19041.3636
C:\Program Files\Unity\Hub\Editor\2022.3.40f1\Editor\NVUnityPlugin.DLL:NVUnityPlugin.DLL (00007FF8F98E0000), size: 1519616 (result: 0), SymType: '-deferred-', PDB: ''
C:\Program Files\Unity\Hub\Editor\2022.3.40f1\Editor\Data\Tools\astcenc-avx2.dll:astcenc-avx2.dll (00007FF8F9850000), size: 540672 (result: 0), SymType: '-deferred-', PDB: ''
C:\WINDOWS\System32\MMDevApi.dll:MMDevApi.dll (00007FF9922D0000), size: 561152 (result: 0), SymType: '-deferred-', PDB: '', fileVersion: 10.0.19041.5438
C:\WINDOWS\System32\DEVOBJ.dll:DEVOBJ.dll (00007FF9985F0000), size: 208896 (result: 0), SymType: '-deferred-', PDB: '', fileVersion: 10.0.19041.4355
C:\WINDOWS\SYSTEM32\d3d11.dll:d3d11.dll (00007FF993750000), size: 2502656 (result: 0), SymType: '-deferred-', PDB: '', fileVersion: 10.0.19041.4355
C:\WINDOWS\SYSTEM32\dxgi.dll:dxgi.dll (00007FF9971A0000), size: 1007616 (result: 0), SymType: '-deferred-', PDB: '', fileVersion: 10.0.19041.5438
C:\WINDOWS\System32\DriverStore\FileRepository\iigd_dch.inf_amd64_306090fd1d6bb4fa\igd10iumd64.dll:igd10iumd64.dll (00007FF98DE40000), size: 675840 (result: 0), SymType: '-deferred-', PDB: '', fileVersion: 31.0.101.2130
C:\WINDOWS\SYSTEM32\apphelp.dll:apphelp.dll (00007FF994B30000), size: 606208 (result: 0), SymType: '-deferred-', PDB: '', fileVersion: 10.0.19041.5438
C:\WINDOWS\System32\DriverStore\FileRepository\iigd_dch.inf_amd64_306090fd1d6bb4fa\igd10um64gen11.DLL:igd10um64gen11.DLL (00007FF970960000), size: 7421952 (result: 0), SymType: '-deferred-', PDB: '', fileVersion: 31.0.101.2130
C:\WINDOWS\SYSTEM32\ncrypt.dll:ncrypt.dll (00007FF998300000), size: 159744 (result: 0), SymType: '-deferred-', PDB: '', fileVersion: 10.0.19041.5007
C:\WINDOWS\SYSTEM32\NTASN1.dll:NTASN1.dll (00007FF9982C0000), size: 241664 (result: 0), SymType: '-deferred-', PDB: '', fileVersion: 10.0.19041.3636
C:\WINDOWS\System32\DriverStore\FileRepository\iigd_dch.inf_amd64_306090fd1d6bb4fa\igdgmm64.dll:igdgmm64.dll (00007FF96FE50000), size: 4231168 (result: 0), SymType: '-deferred-', PDB: '', fileVersion: 31.0.101.2130
C:\WINDOWS\System32\DriverStore\FileRepository\iigd_dch.inf_amd64_306090fd1d6bb4fa\igc64.dll:igc64.dll (00007FF96C5F0000), size: 58286080 (result: 0), SymType: '-deferred-', PDB: '', fileVersion: 31.0.101.2130
C:\WINDOWS\SYSTEM32\dxcore.dll:dxcore.dll (00007FF98DD30000), size: 241664 (result: 0), SymType: '-deferred-', PDB: '', fileVersion: 10.0.19041.4474
C:\WINDOWS\system32\wbem\wbemprox.dll:wbemprox.dll (00007FF984DB0000), size: 69632 (result: 0), SymType: '-deferred-', PDB: '', fileVersion: 10.0.19041.4474
C:\WINDOWS\SYSTEM32\wbemcomn.dll:wbemcomn.dll (00007FF9897E0000), size: 589824 (result: 0), SymType: '-deferred-', PDB: '', fileVersion: 10.0.19041.4355
C:\WINDOWS\system32\wbem\wbemsvc.dll:wbemsvc.dll (00007FF982A50000), size: 81920 (result: 0), SymType: '-deferred-', PDB: '', fileVersion: 10.0.19041.4474
C:\WINDOWS\system32\wbem\fastprox.dll:fastprox.dll (00007FF982A70000), size: 1097728 (result: 0), SymType: '-deferred-', PDB: '', fileVersion: 10.0.19041.4355
C:\WINDOWS\SYSTEM32\amsi.dll:amsi.dll (00007FF9818A0000), size: 126976 (result: 0), SymType: '-deferred-', PDB: '', fileVersion: 10.0.19041.4355
C:\WINDOWS\SYSTEM32\USERENV.dll:USERENV.dll (00007FF998820000), size: 188416 (result: 0), SymType: '-deferred-', PDB: '', fileVersion: 10.0.19041.4355
C:\ProgramData\Microsoft\Windows Defender\Platform\4.18.25010.11-0\MpOav.dll:MpOav.dll (00007FF97F940000), size: 528384 (result: 0), SymType: '-deferred-', PDB: '', fileVersion: 4.18.25010.11
C:\WINDOWS\SYSTEM32\opencl.dll:opencl.dll (00007FF8F97D0000), size: 512000 (result: 0), SymType: '-deferred-', PDB: '', fileVersion: 2.2.8.0
C:\Program Files\Unity\Hub\Editor\2022.3.40f1\Editor\radeonrays.dll:radeonrays.dll (00007FF8F9500000), size: 557056 (result: 0), SymType: '-deferred-', PDB: ''
C:\Program Files\Unity\Hub\Editor\2022.3.40f1\Editor\Data\MonoBleedingEdge\EmbedRuntime\mono-2.0-bdwgc.dll:mono-2.0-bdwgc.dll (00007FF8F6720000), size: 10825728 (result: 0), SymType: '-deferred-', PDB: ''
C:\WINDOWS\SYSTEM32\dbghelp.dll:dbghelp.dll (00007FF990C40000), size: 1982464 (result: 0), SymType: '-deferred-', PDB: '', fileVersion: 10.0.19041.3636

========== OUTPUTTING STACK TRACE ==================

0x00007FF998A8B699 (KERNELBASE) RaiseException
0x00007FF6CB325780 (Unity) EditorMonoConsole::LogToConsoleImplementation
0x00007FF6CB3261FD (Unity) EditorMonoConsole::LogToConsoleImplementation
0x00007FF6CBFEAC9F (Unity) DebugStringToFilePostprocessedStacktrace
0x00007FF6CBFEA3FA (Unity) DebugStringToFile
0x00007FF6CB7CC009 (Unity) LoadDomainAndUserAssemblies
0x00007FF6CBCB3FD4 (Unity) WorkerDomainReloadV2
0x00007FF6CBCD51E5 (Unity) <lambda_b37b41f03089e3cb3f55061bbc93253d>::operator()
0x00007FF6CBD109F2 (Unity) asio::detail::completion_handler<core::mutable_function<void __cdecl(void)>,asio::io_context::basic_executor_type<std::allocator<void>,0> >::do_complete
0x00007FF6CBCFC99E (Unity) asio::detail::win_iocp_io_context::do_one
0x00007FF6CBCFE604 (Unity) asio::detail::win_iocp_io_context::run
0x00007FF6CBD0ED9C (Unity) IOService::Run
0x00007FF6CBCE221F (Unity) AssetImportWorkerClient::Run
0x00007FF6CBCADB87 (Unity) RunAssetImportWorkerClientV2
0x00007FF6CBCADC0B (Unity) RunAssetImporterV2
0x00007FF6CB4A5A2E (Unity) Application::InitializeProject
0x00007FF6CB93AA45 (Unity) WinMain
0x00007FF6CCCFB73E (Unity) __scrt_common_main_seh
0x00007FF99A137374 (KERNEL32) BaseThreadInitThunk
0x00007FF99B2DCC91 (ntdll) RtlUserThreadStart

========== END OF STACKTRACE ===========

A crash has been intercepted by the crash handler. For call stack and other details, see the latest crash report generated in:
 * C:/Users/hiroki/AppData/Local/Temp/Unity/Editor/Crashes
